Дата;"Реальная сумма";"Планируемая сумма";"Валюта";"Категория";"Описание";"Счёт";"Конверт";"Перевод"		
2026-05-24;"-4.5";"";"azn";"Ребенок";"4.5";"ABB kredit kart";"Резервы";""		
2026-05-24;"";"-20.0";"azn";"Ребенок / Траты";"20";"ASB kart";"Резервы";""		
2026-05-23;"-8.4";"-25.0";"azn";"Продукты";"8.4";"ABB kredit kart";"Резервы";""		
2026-05-22;"-5.0";"-4.0";"azn";"Развлечения и хобби";"5 futbol";"Кошелёк";"Резервы";""		
2026-05-22;"";"-25.0";"azn";"Кафе	 ресторан";"25";"Кошелёк";"Резервы";""	
2026-05-22;"";"-25.0";"azn";"Автомобиль / Бензин";"25";"ASB kart";"Резервы";""		
2026-05-22;"-30.0";"";"azn";"Продукты";"30";"ABB kredit kart";"Резервы";""		
2026-05-22;"-35.6";"";"azn";"Ребенок";"35.6 еда";"ABB kredit kart";"Резервы";""		
2026-05-22;"45.0";"";"azn";"";"";"";"";"ASB kart => Кошелёк"		
2026-05-21;"-4.0";"";"azn";"Продукты";"4";"Кошелёк";"Резервы";""		
2026-05-21;"-6.0";"-6.0";"azn";"Платный софт";"6 Yandex Music";"ABB kredit kart";"Резервы";""		
2026-05-21;"-10.0";"-25.0";"azn";"Продукты";"10";"ABB kredit kart";"Резервы";""		
2026-05-21;"";"-100.0";"azn";"Одежда и обувь";"100";"Кошелёк";"Резервы";""		
2026-05-20;"-4.6";"";"azn";"Продукты";"4.6";"Кошелёк";"Резервы";""		
2026-05-20;"-3.0";"";"azn";"Ребенок";"3";"Кошелёк";"Резервы";""		
2026-05-20;"-7.5";"";"azn";"Продукты";"7.5";"ABB kredit kart";"Резервы";""		
2026-05-20;"-30.0";"";"azn";"Медицина / Лечение";"30 infeksionist";"ABB kredit kart";"Резервы";""		
2026-05-20;"700.0";"";"azn";"Проценты и бонусы";"700 дивиденды с акций abb";"DigiHesab Ilqar";"Резервы";""		
2026-05-20;"700.0";"";"azn";"";"";"";"";"DigiHesab Ilqar => Зарубежные акции"		
2026-05-19;"-21.0";"-25.0";"azn";"Продукты";"21";"ABB kredit kart";"Резервы";""		
2026-05-19;"";"-80.0";"azn";"Подарки";"80 в деревню";"ASB kart";"Резервы";""		
2026-05-19;"-40.0";"";"azn";"Ком. услуги / Отопление";"40";"Кошелёк";"Резервы";""		
2026-05-19;"-8.0";"";"azn";"Продукты";"8";"Кошелёк";"Резервы";""		
2026-05-19;"-3.2";"";"azn";"Медицина / Лекарства";"3.2";"ABB kredit kart";"Резервы";""		
2026-05-17;"";"-20.0";"azn";"Ребенок / Траты";"20";"ASB kart";"Резервы";""		
2026-05-16;"-43.0";"-25.0";"azn";"Продукты";"43";"ABB kredit kart";"Резервы";""		
2026-05-15;"-20.0";"";"azn";"Одежда и обувь";"20";"Кошелёк";"Резервы";""		
2026-05-15;"-20.0";"";"azn";"Продукты";"20";"Кошелёк";"Резервы";""		
2026-05-15;"-4.0";"-4.0";"azn";"Развлечения и хобби";"4 futbol";"Кошелёк";"Резервы";""		
2026-05-15;"-20.0";"-25.0";"azn";"Автомобиль / Бензин";"20";"ABB kredit kart";"Резервы";""		
2026-05-15;"112.0";"";"azn";"";"";"";"";"TamKart Fiziki 5338 => Кошелёк"		
2026-05-15;"";"-100.0";"azn";"Гигиена и красота";"100";"ASB kart";"Резервы";""		
2026-05-15;"";"-75.0";"azn";"Подарки";"75";"ASB kart";"Резервы";""		
2026-05-14;"-110.0";"";"azn";"Подарки";"110 помощь Эльденизу после операции.";"TamKart Fiziki 5338";"Резервы";""		
2026-05-14;"-15.0";"-25.0";"azn";"Продукты";"15";"ASB kart";"Резервы";""		
2026-05-14;"-4.0";"";"azn";"Гигиена и красота";"4";"ASB kart";"Резервы";""		
2026-05-14;"-34.0";"";"azn";"Ребенок";"34 едв";"ASB kart";"Резервы";""		
2026-05-14;"";"-40.0";"azn";"Ком. услуги / Электроэнергия";"40";"ASB kart";"Резервы";""		
2026-05-13;"-250.0";"";"azn";"Ребенок / Терапия";"250 психолог";"Кошелёк";"Резервы";""		
2026-05-13;"-150.0";"";"azn";"Ребенок";"150 детский сад";"Кошелёк";"Резервы";""		
2026-05-13;"-5.0";"";"azn";"Дом";"5";"ASB kart";"Резервы";""		
2026-05-12;"-5.0";"-25.0";"azn";"Продукты";"5";"ASB kart";"Резервы";""		
2026-05-12;"-72.0";"";"azn";"Ребенок";"72 коляска Лейле";"ASB kart";"Резервы";""		
2026-05-11;"-8.0";"";"azn";"Транспорт";"8";"Кошелёк";"Резервы";""		
2026-05-11;"300.0";"";"azn";"";"";"";"";"TamKart Fiziki 5338 => Облигации ABB"		
2026-05-11;"-34.0";"";"azn";"Медицина / Лекарства";"34";"TamKart Fiziki 5338";"Резервы";""		
2026-05-11;"-30.0";"";"azn";"Ребенок";"30 Рашаду";"ASB kart";"Резервы";""		
2026-05-11;"-6.0";"";"azn";"Транспорт";"6";"Кошелёк";"Резервы";""		
2026-05-11;"400.0";"";"azn";"";"";"";"";"Digihesab Samira => Облигации ABB"		
2026-05-11;"300.0";"";"azn";"";"";"";"";"ASB kart => Кошелёк"		
2026-05-11;"1028.0";"";"azn";"";"";"";"";"Digihesab Samira => Digideposit Samira"		
2026-05-11;"-15.0";"";"azn";"Медицина / Лечение";"15 врачу и медсестре";"Кошелёк";"Резервы";""		
2026-05-11;"";"-10.0";"azn";"Ком. услуги / Вода";"10";"ASB kart";"Резервы";""		
2026-05-10;"-4.5";"";"azn";"Продукты";"4.5";"ASB kart";"Резервы";""		
2026-05-10;"-20.0";"";"azn";"Продукты";"20";"Кошелёк";"Резервы";""		
2026-05-10;"-8.7";"";"azn";"Медицина / Лекарства";"8.7";"ASB kart";"Резервы";""		
2026-05-10;"";"-20.0";"azn";"Ребенок / Траты";"20";"ASB kart";"Резервы";""		
2026-05-09;"180.0";"";"azn";"";"";"";"";"TamKart Fiziki 5338 => ABB kredit kart"		
2026-05-09;"-10.0";"-10.0";"azn";"Платный софт";"10 one drive";"DigiHesab Ilqar";"Резервы";""		
2026-05-09;"-4.0";"";"azn";"Проценты и бонусы";"4";"TamKart Fiziki 5338";"Резервы";""		
2026-05-09;"429.0";"429.0";"azn";"Пенсия Самира";"429";"ABB kart Samira";"Резервы";""		
2026-05-09;"-7.0";"";"azn";"Ком. услуги / Вода";"7";"Albali kart";"Резервы";""		
2026-05-09;"-54.0";"";"azn";"Ком. услуги / Электроэнергия";"54";"Albali kart";"Резервы";""		
2026-05-09;"-48.0";"-25.0";"azn";"Продукты";"48";"ASB kart";"Резервы";""		
2026-05-08;"-38.0";"";"azn";"Ребенок";"38 Лекарство";"ASB kart";"Резервы";""		
2026-05-08;"-30.5";"";"azn";"Ребенок";"30.5 подгузники";"ASB kart";"Резервы";""		
2026-05-08;"-27.0";"";"azn";"Продукты";"27";"ASB kart";"Резервы";""		
2026-05-08;"-2.0";"";"azn";"Продукты";"2";"ASB kart";"Резервы";""		
2026-05-08;"";"-80.0";"azn";"Ребенок / Одежда";"80";"ASB kart";"Резервы";""		
2026-05-08;"-30.0";"-25.0";"azn";"Автомобиль / Бензин";"30";"ASB kart";"Резервы";""		
2026-05-08;"-5.0";"-4.0";"azn";"Развлечения и хобби";"5 futbol";"Кошелёк";"Резервы";""		
2026-05-08;"-5.6";"-5.6";"azn";"Платный софт";"5.6 ticktick";"Albali kart";"Резервы";""		
2026-05-07;"-10.0";"";"azn";"Продукты";"10";"Кошелёк";"Резервы";""		
2026-05-07;"";"-16.0";"azn";"Ком. услуги / Квартира";"16";"Кошелёк";"Резервы";""		
2026-05-07;"-45.16";"-25.0";"azn";"Продукты";"45	16";"ASB kart";"Резервы";""	
2026-05-07;"-60.0";"";"azn";"Ребенок";"60 Лекарства";"ASB kart";"Резервы";""		
2026-05-07;"600.0";"";"azn";"";"";"";"";"Кошелёк => Albali kart"		
2026-05-07;"700.0";"";"azn";"";"";"";"";"Кошелёк => TamKart Fiziki 5338"		
2026-05-06;"483.0";"";"azn";"";"";"";"";"Albali kart => Albali кредитная карта"		
2026-05-06;"-60.3";"-20.0";"azn";"Ребенок";"60.3 лекарства";"ASB kart";"Резервы";""		
2026-05-06;"-10.0";"";"azn";"Ребенок";"10 врачу";"Кошелёк";"Резервы";""		
2026-05-06;"1500.0";"";"azn";"";"";"";"";"ASB kart => Кошелёк"		
2026-05-05;"2640.0";"2300.0";"azn";"Зарплата Ильгар";"2640";"ASB kart";"Резервы";""		
2026-05-05;"";"-100.0";"azn";"Ребенок";"100";"ASB kart";"Резервы";""		
2026-05-05;"-50.0";"-50.0";"azn";"Платный софт";"50 Notion";"Albali кредитная карта";"Резервы";""		
2026-05-05;"-3.3";"-25.0";"azn";"Продукты";"3.3";"ASB kart";"Резервы";""		
2026-05-05;"-20.0";"";"azn";"Медицина / Лекарства";"20";"ASB kart";"Резервы";""		
2026-05-05;"-33.0";"";"azn";"Ребенок";"33 еда";"ASB kart";"Резервы";""		
2026-05-04;"";"-13.0";"azn";"Интернет и связь";"13 ilqar internet";"ASB kart";"Резервы";""		
2026-05-04;"";"-50.0";"azn";"Продукты";"50 мясо";"Кошелёк";"Резервы";""		
2026-05-04;"";"-60.0";"azn";"Медицина / Лекарства";"60 Финлипсал Эпинекс и Бисогамма";"ASB kart";"Резервы";""		
2026-05-04;"-12.8";"";"azn";"Продукты";"12.8";"TamKart Fiziki 5338";"Резервы";""		
2026-05-03;"";"-35.0";"azn";"Дом";"35";"ASB kart";"Резервы";""		
2026-05-03;"";"-20.0";"azn";"Ребенок / Траты";"20";"ASB kart";"Резервы";""		
2026-05-03;"";"-5.0";"azn";"Проценты и бонусы";"5";"ASB kart";"Резервы";""		
2026-05-03;"50.0";"";"azn";"";"";"";"";"Кошелёк => TamKart Fiziki 5338"		
2026-05-02;"180.0";"";"azn";"";"";"";"";"ABB kredit kart => Кошелёк"		
2026-05-02;"-4.9";"-25.0";"azn";"Продукты";"4.9";"TamKart Fiziki 5338";"Резервы";""		
2026-05-01;"-10.0";"";"azn";"Продукты";"10";"TamKart Fiziki 5338";"Резервы";""		
2026-05-01;"30.0";"";"azn";"Проценты и бонусы";"30 edv";"TamKart Fiziki 5338";"Резервы";""		
2026-05-01;"-25.0";"";"azn";"Автомобиль / Бензин";"25";"TamKart Fiziki 5338";"Резервы";""		
2026-05-01;"-5.0";"-4.0";"azn";"Развлечения и хобби";"5 futbol";"Кошелёк";"Резервы";""		
2026-04-30;"-25.0";"-25.0";"azn";"Интернет и связь";"25 ailenet";"Albali кредитная карта";"Резервы";""		
2026-04-30;"-11.0";"-25.0";"azn";"Продукты";"11";"TamKart Fiziki 5338";"Резервы";""		
2026-04-30;"20.0";"";"azn";"Проценты и бонусы";"20 edv";"TamKart Fiziki 5338";"Резервы";""		
2026-04-28;"-16.0";"-25.0";"azn";"Продукты";"4 12";"TamKart Fiziki 5338";"Резервы";""		
2026-04-27;"7.0";"";"azn";"";"";"";"";"Кошелёк => TamKart Fiziki 5338"		
2026-04-27;"47.0";"";"azn";"Проценты и бонусы";"47 edv";"TamKart Fiziki 5338";"Резервы";""		
2026-04-27;"-34.5";"";"azn";"Ребенок";"34.5 еда";"TamKart Fiziki 5338";"Резервы";""		
2026-04-26;"-12.0";"";"azn";"Интернет и связь";"12 ilqar";"Albali кредитная карта";"Резервы";""		
2026-04-25;"-35.0";"-25.0";"azn";"Продукты";"35";"Кошелёк";"Резервы";""		
2026-04-25;"-297.0";"";"azn";"Ребенок";"90 стульчик для Лейлы	 195 золотые серьги для Лейлы 12 машинка для Руфатика";"Кошелёк";"Резервы";""	
2026-04-25;"-5.5";"";"azn";"Продукты";"5.5";"ASB kart";"Резервы";""		
2026-04-24;"-15.0";"-25.0";"azn";"Автомобиль / Бензин";"15";"ASB kart";"Резервы";""		
2026-04-24;"-4.0";"-4.0";"azn";"Развлечения и хобби";"4 futbol";"Кошелёк";"Резервы";""		
2026-04-24;"-24.0";"";"azn";"Интернет и связь";"24 azercell";"Albali кредитная карта";"Резервы";""		
2026-04-23;"-8.0";"-25.0";"azn";"Продукты";"8";"ABB kart Samira";"Резервы";""		
2026-04-22;"-8.0";"";"azn";"Продукты";"8";"ABB kart Samira";"Резервы";""		
2026-04-21;"-6.0";"-6.0";"azn";"Платный софт";"6 Yandex Music";"ASB kart";"Резервы";""		
2026-04-21;"-49.0";"-25.0";"azn";"Продукты";"49";"ABB kart Samira";"Резервы";""		
2026-04-21;"-130.0";"";"azn";"Гигиена и красота";"130 minoxidil";"Albali кредитная карта";"Резервы";""		
2026-04-20;"-27.54";"";"azn";"Медицина / Лекарства";"27.54";"ABB kart Samira";"Резервы";""		
2026-04-20;"-3.0";"";"azn";"Продукты";"3";"ABB kart Samira";"Резервы";""		
2026-04-19;"-11.0";"-20.0";"azn";"Ребенок / Траты";"11";"Кошелёк";"Резервы";""		
2026-04-19;"-59.0";"";"azn";"Ребенок";"59";"ASB kart";"Резервы";""		
2026-04-18;"-11.0";"-25.0";"azn";"Продукты";"11";"ASB kart";"Резервы";""		
2026-04-17;"95.0";"";"azn";"";"";"";"";"ASB kart => Кошелёк"		
2026-04-17;"-20.0";"-25.0";"azn";"Автомобиль / Бензин";"20";"ASB kart";"Резервы";""		
2026-04-17;"-4.0";"-4.0";"azn";"Развлечения и хобби";"4 futbol";"Кошелёк";"Резервы";""		
2026-04-16;"-16.0";"-25.0";"azn";"Продукты";"16";"ASB kart";"Резервы";""		
2026-04-15;"11.0";"";"azn";"";"";"";"";"Кошелёк => Albali кредитная карта"		
2026-04-15;"-3.8";"";"azn";"Гигиена и красота";"1 2.8";"Кошелёк";"Резервы";""		
2026-04-15;"-1.0";"";"azn";"Продукты";"1";"ASB kart";"Резервы";""		
2026-04-15;"270.0";"";"azn";"";"";"";"";"ABB kart Samira => Albali кредитная карта"		
2026-04-14;"-12.0";"";"azn";"Продукты";"12";"Кошелёк";"Резервы";""		
2026-04-14;"-37.0";"-25.0";"azn";"Продукты";"37";"ASB kart";"Резервы";""		
2026-04-14;"429.0";"429.0";"azn";"Пенсия Самира";"429";"ABB kart Samira";"Резервы";""		
2026-04-13;"-4.0";"";"azn";"Продукты";"4";"Кошелёк";"Резервы";""		
2026-04-13;"-20.0";"";"azn";"Гигиена и красота";"20";"ASB kart";"Резервы";""		
2026-04-11;"-11.0";"-10.0";"azn";"Ком. услуги / Вода";"11";"Albali кредитная карта";"Резервы";""		
2026-04-11;"-9.0";"-25.0";"azn";"Продукты";"9";"ASB kart";"Резервы";""		
2026-04-11;"-80.0";"";"azn";"Подарки";"80 свадьба дочки Вугара механика";"Кошелёк";"Резервы";""		
2026-04-11;"380.0";"";"azn";"";"";"";"";"ASB kart => Кошелёк"		
2026-04-11;"-35.0";"";"azn";"Ребенок";"35 еда";"ASB kart";"Резервы";""		
2026-04-10;"-30.0";"";"azn";"Ребенок";"30 к врачу Лейлу";"Кошелёк";"Резервы";""		
2026-04-10;"-100.0";"";"azn";"Подарки";"100 подарок маме на Пасху";"Albali кредитная карта";"Резервы";""		
2026-04-10;"-28.0";"";"azn";"Гигиена и красота";"28 духи Самире";"Albali кредитная карта";"Резервы";""		
2026-04-10;"-25.0";"-25.0";"azn";"Автомобиль / Бензин";"25";"ASB kart";"Резервы";""		
2026-04-09;"-150.0";"";"azn";"Ребенок";"150 детский сад";"Кошелёк";"Резервы";""		
2026-04-09;"-7.0";"";"azn";"Медицина / Лекарства";"7";"ASB kart";"Резервы";""		
2026-04-09;"-5.0";"-5.0";"azn";"Платный софт";"5 one drive";"DigiHesab Ilqar";"Резервы";""		
2026-04-09;"-1.0";"-25.0";"azn";"Продукты";"1";"ASB kart";"Резервы";""		
2026-04-08;"-5.6";"-5.6";"azn";"Платный софт";"5.6 ticktick";"ASB kart";"Резервы";""		
2026-04-08;"-1.5";"";"azn";"Продукты";"1.5";"ASB kart";"Резервы";""		
2026-04-07;"-12.0";"";"azn";"Интернет и связь";"12 Ilqar";"ASB kart";"Резервы";""		
2026-04-07;"-43.0";"-25.0";"azn";"Продукты";"43";"ASB kart";"Резервы";""		
2026-04-07;"-6.3";"";"azn";"Ребенок / Траты";"6.3";"Кошелёк";"Резервы";""		
2026-04-06;"-185.0";"-20.0";"azn";"Медицина / Лекарства";"185 glialia для Руфатика";"ASB kart";"Резервы";""		
2026-04-06;"250.0";"";"azn";"";"";"";"";"ASB kart => Кошелёк"		
2026-04-06;"1011.0";"";"azn";"";"";"";"";"TamKart Fiziki 5338 => Зарубежные акции"		
2026-04-05;"-24.0";"";"azn";"Продукты";"24";"Albali кредитная карта";"Резервы";""		
2026-04-05;"-50.0";"-50.0";"azn";"Платный софт";"50 Notion";"Albali кредитная карта";"Резервы";""		
2026-04-05;"1000.0";"";"azn";"";"";"";"";"ASB kart => TamKart Fiziki 5338"		
2026-04-05;"-34.5";"-20.0";"azn";"Ребенок / Траты";"34.5 едв";"ASB kart";"Резервы";""		
2026-04-04;"50.0";"";"azn";"Подарки";"50 Лейле от эми";"Digihesab Samira";"Резервы";""		
2026-04-04;"70.0";"";"azn";"";"";"";"";"Копилка => Digihesab Samira"		
2026-04-04;"-15.0";"-25.0";"azn";"Продукты";"15";"ASB kart";"Резервы";""		
2026-04-04;"-36.4";"-60.0";"azn";"Медицина / Лекарства";"36.4 Финлипсал Эпинекс и Бисогамма";"ASB kart";"Резервы";""		
2026-04-04;"-22.0";"-50.0";"azn";"Продукты";"22";"ASB kart";"Резервы";""		
2026-04-03;"50.0";"";"azn";"";"";"";"";"Кошелёк => Digihesab Samira"		
2026-04-03;"-4.0";"-4.0";"azn";"Развлечения и хобби";"4 futbol";"Кошелёк";"Резервы";""		
2026-04-03;"-51.0";"-25.0";"azn";"Автомобиль / Бензин";"51";"ASB kart";"Резервы";""		
2026-04-02;"2130.0";"2300.0";"azn";"Зарплата Ильгар";"2130";"ASB kart";"Резервы";""		
2026-04-02;"-2.2";"-25.0";"azn";"Продукты";"2.2";"ASB kart";"Резервы";""		
2026-04-02;"349.0";"";"azn";"";"";"";"";"ABB kart Samira => Digihesab Samira"		
2026-04-01;"-3.0";"";"azn";"Интернет и связь";"3 ilqar";"ASB kart";"Резервы";""		
2026-03-31;"-25.0";"-25.0";"azn";"Интернет и связь";"25 ailenet";"ABB kart Samira";"Резервы";""		
2026-03-31;"-36.0";"";"azn";"Медицина / Лекарства";"36";"ASB kart";"Резервы";""		
2026-03-31;"-80.0";"";"azn";"Одежда и обувь";"80";"ABB kart Samira";"Резервы";""		
2026-03-31;"-7.2";"";"azn";"Продукты";"7.2";"ASB kart";"Резервы";""		
2026-03-30;"-30.0";"";"azn";"Гигиена и красота";"30 салон";"Кошелёк";"Резервы";""		
2026-03-30;"-250.0";"";"azn";"Дом";"250 мультиварка и блендер";"Кошелёк";"Резервы";""		
2026-03-30;"-100.0";"";"azn";"Дом";"100 обувной шкаф";"Кошелёк";"Резервы";""		
2026-03-30;"-3.0";"";"azn";"Интернет и связь";"3 Samira";"ABB kart Samira";"Резервы";""		
2026-03-28;"-5.5";"-25.0";"azn";"Продукты";"3.5 2";"ASB kart";"Резервы";""		
2026-03-27;"-35.0";"";"azn";"Ребенок";"35 еда";"ASB kart";"Резервы";""		
2026-03-26;"-11.0";"-25.0";"azn";"Продукты";"8 3";"ASB kart";"Резервы";""		
2026-03-25;"-30.0";"";"azn";"Ребенок";"30 подгузники";"Кошелёк";"Резервы";""		
2026-03-24;"-12.0";"";"azn";"Продукты";"12";"Кошелёк";"Резервы";""		
2026-03-24;"-3.5";"";"azn";"Медицина / Лекарства";"3.5";"ASB kart";"Резервы";""		
2026-03-24;"-20.0";"-25.0";"azn";"Продукты";"20";"ASB kart";"Резервы";""		
2026-03-23;"-12.0";"";"azn";"Интернет и связь";"12 Ильгар";"ASB kart";"Резервы";""		
2026-03-23;"-37.0";"";"azn";"Продукты";"37";"ASB kart";"Резервы";""		
2026-03-22;"-10.0";"";"azn";"Гигиена и красота";"10";"ASB kart";"Резервы";""		
2026-03-22;"-3.2";"";"azn";"Медицина / Лекарства";"3.2";"ASB kart";"Резервы";""		
2026-03-21;"-10.0";"-25.0";"azn";"Продукты";"10";"ASB kart";"Резервы";""		
2026-03-21;"-6.0";"-6.0";"azn";"Платный софт";"6 Yandex Music";"ASB kart";"Резервы";""		
2026-03-20;"-30.0";"-25.0";"azn";"Автомобиль / Бензин";"30";"ASB kart";"Резервы";""		
2026-03-19;"-15.0";"-80.0";"azn";"Продукты";"15";"ASB kart";"Резервы";""		
2026-03-19;"-29.0";"-25.0";"azn";"Продукты";"29";"ASB kart";"Резервы";""		
2026-03-18;"-29.0";"";"azn";"Продукты";"29";"ASB kart";"Резервы";""		
2026-03-18;"-35.0";"";"azn";"Ребенок";"35 еда";"ASB kart";"Резервы";""		
2026-03-17;"500.0";"";"azn";"Зарплата Ильгар";"500";"ASB kart";"Резервы";""		
2026-03-17;"-3.2";"-25.0";"azn";"Продукты";"3.2";"ASB kart";"Резервы";""		
2026-03-16;"-14.0";"";"azn";"Продукты";"14";"Кошелёк";"Резервы";""		
2026-03-16;"-11.0";"";"azn";"Продукты";"11";"ASB kart";"Резервы";""		
2026-03-15;"-6.0";"";"azn";"Продукты";"6";"ASB kart";"Резервы";""		
2026-03-15;"-11.0";"";"azn";"Продукты";"11";"Кошелёк";"Резервы";""		
2026-03-14;"-20.0";"";"azn";"Ребенок";"10 5 5 Лейла прививка";"Кошелёк";"Резервы";""		
2026-03-14;"-1.0";"";"azn";"Автомобиль / Мойка";"1";"Кошелёк";"Резервы";""		
2026-03-14;"-40.0";"";"azn";"Ком. услуги / Отопление";"40";"Кошелёк";"Резервы";""		
2026-03-14;"90.0";"";"azn";"";"";"";"";"ASB kart => Кошелёк"		
2026-03-14;"-85.0";"-25.0";"azn";"Продукты";"85";"ASB kart";"Резервы";""		
2026-03-14;"-88.0";"-40.0";"azn";"Ком. услуги / Электроэнергия";"88";"ASB kart";"Резервы";""		
2026-03-13;"1200.0";"";"azn";"";"Эльдару дал в долг";"";"";"ASB kart => Дал в долг"		
2026-03-13;"-16.0";"";"azn";"Гигиена и красота";"16";"ASB kart";"Резервы";""		
2026-03-13;"-4.0";"-4.0";"azn";"Развлечения и хобби";"4 futbol";"Кошелёк";"Резервы";""		
2026-03-12;"-8.0";"";"azn";"Проценты и бонусы";"8";"ASB kart";"Резервы";""		
2026-03-12;"-15.0";"";"azn";"Медицина / Лекарства";"15";"ASB kart";"Резервы";""		
2026-03-12;"-250.0";"";"azn";"Ребенок / Терапия";"250 Ульвие";"ASB kart";"Резервы";""		
2026-03-12;"-52.0";"-25.0";"azn";"Продукты";"52";"ASB kart";"Резервы";""		
2026-03-11;"-52.0";"";"azn";"Ком. услуги / Электроэнергия";"52";"ASB kart";"Резервы";""		
2026-03-11;"-12.0";"-10.0";"azn";"Ком. услуги / Вода";"12";"ASB kart";"Резервы";""		
2026-03-10;"-41.5";"";"azn";"Ребенок";"34.5 7";"ASB kart";"Резервы";""		
2026-03-10;"-25.0";"-25.0";"azn";"Продукты";"25";"Кошелёк";"Резервы";""		
2026-03-09;"-2.0";"";"azn";"Продукты";"2";"ASB kart";"Резервы";""		
2026-03-09;"-232.0";"";"azn";"Автомобиль / Запчасти";"232";"ASB kart";"Резервы";""		
2026-03-09;"429.0";"429.0";"azn";"Пенсия Самира";"429";"ABB kart Samira";"Резервы";""		
2026-03-09;"-5.0";"-5.0";"azn";"Платный софт";"5 one drive";"DigiHesab Ilqar";"Резервы";""		
2026-03-08;"-25.0";"";"azn";"Подарки";"25 Самире цветы на восьмое марта";"DigiHesab Ilqar";"Резервы";""		
2026-03-08;"-11.0";"";"azn";"Продукты";"11";"ASB kart";"Резервы";""		
2026-03-08;"20.0";"";"azn";"";"";"";"";"ASB kart => DigiHesab Ilqar"		
2026-03-08;"-16.0";"";"azn";"Ребенок";"16";"ASB kart";"Резервы";""		
2026-03-08;"-5.6";"-5.6";"azn";"Платный софт";"5.6 ticktick";"Albali kart";"Резервы";""		
2026-03-07;"-15.0";"";"azn";"Медицина / Лечение";"15";"Кошелёк";"Резервы";""		
2026-03-07;"-145.0";"";"azn";"Медицина / Лечение";"145 МРТ колена";"ABB kart Samira";"Резервы";""		
2026-03-07;"-350.0";"";"azn";"Медицина / Лечение";"350 гель и стероид на колено Самиры";"ASB kart";"Резервы";""		
2026-03-07;"-42.0";"";"azn";"Подарки";"42 на восьмое марта цветы маме и Нуране";"DigiHesab Ilqar";"Резервы";""		
2026-03-07;"-10.0";"-25.0";"azn";"Продукты";"10";"ASB kart";"Резервы";""		
2026-03-06;"-150.0";"";"azn";"Подарки";"150 на восьмое марта в детский сад";"Кошелёк";"Резервы";""		
2026-03-06;"-1.2";"";"azn";"Продукты";"1.2";"ASB kart";"Резервы";""		
2026-03-06;"-30.0";"-25.0";"azn";"Автомобиль / Бензин";"30";"ASB kart";"Резервы";""		
2026-03-05;"-7.0";"";"azn";"Продукты";"7";"Кошелёк";"Резервы";""		
2026-03-05;"2700.0";"2300.0";"azn";"Зарплата Ильгар";"2700";"ASB kart";"Резервы";""		
2026-03-05;"-50.0";"-50.0";"azn";"Платный софт";"50 Notion";"Albali кредитная карта";"Резервы";""		
2026-03-05;"-5.0";"";"azn";"Подарки";"5 на восьмое марта лаборантке";"DigiHesab Ilqar";"Резервы";""		
2026-03-05;"-82.0";"-25.0";"azn";"Продукты";"82";"ASB kart";"Резервы";""		
2026-03-04;"-100.0";"";"azn";"Платный софт";"100 mindomo за шесть месяцев";"ABB kart Samira";"Резервы";""		
2026-03-04;"-7.0";"";"azn";"Продукты";"7";"ASB kart";"Резервы";""		
2026-03-04;"94.0";"";"azn";"";"";"";"";"ABB kart Samira => Albali кредитная карта"		
2026-03-03;"-25.0";"";"azn";"Ребенок";"25 подгузники";"ASB kart";"Резервы";""		
2026-03-03;"-56.0";"";"azn";"Медицина / Лекарства";"56";"ASB kart";"Резервы";""		
2026-03-03;"-36.0";"-25.0";"azn";"Продукты";"36";"ASB kart";"Резервы";""		
2026-03-02;"-30.0";"";"azn";"Ребенок";"30 Лейла к Рашаду";"ASB kart";"Резервы";""		
2026-03-02;"-40.0";"";"azn";"Медицина / Лечение";"40 Самира к травмотологу";"ASB kart";"Резервы";""		
2026-03-02;"3000.0";"";"azn";"";"";"";"";"ASB kart => Зарубежные акции"		
2026-03-01;"-2.0";"";"azn";"Продукты";"2";"ASB kart";"Резервы";""		
2026-03-01;"-30.0";"-30.0";"azn";"Платный софт";"30 honemoney";"DigiHesab Ilqar";"Резервы";""		
2026-02-28;"600.0";"";"azn";"Подарки";"600 Деньги государства за Лейлу";"Кошелёк";"Резервы";""		
2026-02-28;"-25.0";"-25.0";"azn";"Интернет и связь";"25 ailenet";"DigiHesab Ilqar";"Резервы";""		
2026-02-28;"-7.0";"-8.0";"azn";"Интернет и связь";"3 4 Ильгар Самира";"ASB kart";"Резервы";""		
2026-02-28;"-25.0";"-25.0";"azn";"Продукты";"25";"ASB kart";"Резервы";""		
2026-02-27;"-4.0";"-4.0";"azn";"Развлечения и хобби";"4 futbol";"Кошелёк";"Резервы";""		
2026-02-27;"-30.0";"-25.0";"azn";"Автомобиль / Бензин";"30";"ASB kart";"Резервы";""		
2026-02-26;"3100.0";"";"azn";"Зарплата Ильгар";"3100 тринадцатая зарплата";"ASB kart";"Резервы";""		
2026-02-26;"-12.0";"-25.0";"azn";"Продукты";"12";"ASB kart";"Резервы";""		
2026-02-25;"-16.0";"";"azn";"Гигиена и красота";"16";"ASB kart";"Резервы";""		
2026-02-25;"-17.0";"";"azn";"Медицина / Лекарства";"17";"ASB kart";"Резервы";""		
2026-02-25;"-30.0";"";"azn";"Ребенок";"30";"ASB kart";"Резервы";""		
2026-02-24;"-8.6";"-25.0";"azn";"Продукты";"3.6 5";"ASB kart";"Резервы";""		
2026-02-23;"-31.0";"";"azn";"Продукты";"31";"Кошелёк";"Резервы";""		
2026-02-23;"-3.0";"";"azn";"Интернет и связь";"3 Samira";"ASB kart";"Резервы";""		
2026-02-21;"90.0";"";"azn";"";"";"";"";"ASB kart => Кошелёк"		
2026-02-21;"-6.0";"-6.0";"azn";"Платный софт";"6 Yandex Music";"DigiHesab Ilqar";"Резервы";""		
2026-02-21;"-3.5";"-25.0";"azn";"Продукты";"3.5";"ASB kart";"Резервы";""		
2026-02-20;"-10.0";"";"azn";"Интернет и связь";"10 ilqar";"ASB kart";"Резервы";""		
2026-02-20;"-30.0";"";"azn";"Продукты";"30";"ASB kart";"Резервы";""		
2026-02-20;"-4.0";"-4.0";"azn";"Развлечения и хобби";"4 futbol";"TamKart Fiziki 5338";"Резервы";""		
2026-02-20;"-20.0";"-25.0";"azn";"Автомобиль / Бензин";"20";"ASB kart";"Резервы";""		
2026-02-19;"-9.0";"-25.0";"azn";"Продукты";"9";"ASB kart";"Резервы";""		
2026-02-18;"-34.0";"";"azn";"Продукты";"34";"ASB kart";"Резервы";""		
2026-02-18;"-9.0";"";"azn";"Ребенок";"9";"ASB kart";"Резервы";""		
2026-02-17;"-12.0";"-25.0";"azn";"Продукты";"12";"ASB kart";"Резервы";""		
2026-02-17;"-35.0";"";"azn";"Ребенок";"35";"ASB kart";"Резервы";""		
2026-02-15;"-27.0";"";"azn";"Продукты";"27";"ASB kart";"Резервы";""		
2026-02-14;"93.61";"";"azn";"";"";"";"";"ABB kart Samira => Albali кредитная карта"		
2026-02-14;"-100.0";"";"azn";"Ком. услуги / Отопление";"100";"Кошелёк";"Резервы";""		
2026-02-14;"-60.0";"-25.0";"azn";"Продукты";"60";"ASB kart";"Резервы";""		
2026-02-14;"-12.1";"-40.0";"azn";"Ком. услуги / Электроэнергия";"12.1";"ASB kart";"Резервы";""		
2026-02-12;"-8.0";"";"azn";"Гигиена и красота";"8";"ABB kart Samira";"Резервы";""		
2026-02-12;"-6.3";"";"azn";"Продукты";"6.3";"ABB kart Samira";"Резервы";""		
2026-02-12;"-50.0";"-25.0";"azn";"Продукты";"50";"ASB kart";"Резервы";""		
2026-02-11;"100.0";"";"azn";"";"";"";"";"DigiHesab Ilqar => Кошелёк"		
2026-02-11;"-11.0";"";"azn";"Продукты";"11";"Кошелёк";"Резервы";""		
2026-02-10;"-10.0";"";"azn";"Дом";"10";"Кошелёк";"Резервы";""		
2026-02-10;"-40.0";"";"azn";"Медицина / Лекарства";"40";"ASB kart";"Резервы";""		
2026-02-10;"-21.0";"-25.0";"azn";"Продукты";"8 13";"ASB kart";"Резервы";""		
2026-02-09;"-5.0";"-5.0";"azn";"Платный софт";"5 one drive";"DigiHesab Ilqar";"Резервы";""		
2026-02-09;"-2.0";"";"azn";"Продукты";"2";"ASB kart";"Резервы";""		
2026-02-09;"410.0";"393.0";"azn";"Пенсия Самира";"410";"ABB kart Samira";"Резервы";""		
2026-02-08;"-45.0";"";"azn";"Продукты";"45";"ASB kart";"Резервы";""		
2026-02-08;"-59.0";"-80.0";"azn";"Ребенок";"59 подгузники еда";"ASB kart";"Резервы";""		
2026-02-08;"-5.6";"-5.6";"azn";"Платный софт";"5.6 ticktick";"Albali kart";"Резервы";""		
2026-02-07;"-28.0";"";"azn";"Ком. услуги / Квартира";"28";"Кошелёк";"Резервы";""		
2026-02-07;"-54.0";"-25.0";"azn";"Продукты";"54";"ASB kart";"Резервы";""		
2026-02-07;"-18.0";"";"azn";"Продукты";"18";"Кошелёк";"Резервы";""		
2026-02-07;"-15.0";"";"azn";"Продукты";"15";"ASB kart";"Резервы";""		
2026-02-06;"-10.1";"";"azn";"Медицина / Лекарства";"10.10";"ASB kart";"Резервы";""		
2026-02-06;"-1.3";"";"azn";"Проценты и бонусы";"1.3";"DigiHesab Ilqar";"Резервы";""		
2026-02-06;"495.0";"";"azn";"";"";"";"";"DigiHesab Ilqar => Акции ABB"		
2026-02-06;"-4.0";"-4.0";"azn";"Развлечения и хобби";"4 futbol";"Кошелёк";"Резервы";""		
2026-02-06;"-30.0";"-20.0";"azn";"Медицина / Лечение";"30 лор";"ASB kart";"Резервы";""		
2026-02-06;"-25.0";"-25.0";"azn";"Автомобиль / Бензин";"25";"ASB kart";"Резервы";""		
2026-02-05;"-2.5";"";"azn";"Проценты и бонусы";"2.5";"ASB kart";"Резервы";""		
2026-02-05;"500.0";"";"azn";"";"";"";"";"ASB kart => DigiHesab Ilqar"		
2026-02-05;"-50.0";"-50.0";"azn";"Платный софт";"50 Notion";"Albali кредитная карта";"Резервы";""		
2026-02-05;"-87.0";"-25.0";"azn";"Продукты";"87";"ASB kart";"Резервы";""		
2026-02-04;"-250.0";"";"azn";"Ребенок / Терапия";"250 Психолог";"Кошелёк";"Резервы";""		
2026-02-04;"-150.0";"";"azn";"Ребенок / Терапия";"150 садик";"Кошелёк";"Резервы";""		
2026-02-04;"-23.0";"-50.0";"azn";"Продукты";"23";"ASB kart";"Резервы";""		
2026-02-03;"-10.0";"";"azn";"Проценты и бонусы";"10 процент от купли акций";"DigiHesab Ilqar";"Резервы";""		
2026-02-03;"-5.0";"-5.0";"azn";"Проценты и бонусы";"5";"ASB kart";"Резервы";""		
2026-02-03;"-23.0";"";"azn";"Ребенок";"23";"ASB kart";"Резервы";""		
2026-02-03;"990.0";"";"azn";"";"";"";"";"DigiHesab Ilqar => Зарубежные акции"		
2026-02-03;"1000.0";"";"azn";"";"";"";"";"ASB kart => DigiHesab Ilqar"		
2026-02-03;"-7.0";"-25.0";"azn";"Продукты";"7";"ASB kart";"Резервы";""		
2026-02-02;"-10.0";"";"azn";"Продукты";"10";"Кошелёк";"Резервы";""		
2026-02-02;"830.0";"";"azn";"Подарки";"830 Подарки дочке";"Кошелёк";"Резервы";""		
2026-02-02;"-20.0";"";"azn";"Продукты";"20";"ASB kart";"Резервы";""		
2026-02-02;"410.0";"";"azn";"";"";"";"";"Кошелёк => Копилка"		
2026-02-02;"11063.0";"";"azn";"";"";"";"";"Резервы => ХаниМани"		
2026-02-02;"2501.0";"2300.0";"azn";"Зарплата Ильгар";"2501";"ASB kart";"Резервы";""		
2026-02-01;"-5.0";"";"azn";"Медицина / Лекарства";"5";"ASB kart";"Резервы";""		
2026-02-01;"95.0";"";"azn";"";"";"";"";"ASB kart => Кошелёк"		
2026-02-01;"100.0";"";"azn";"";"";"";"";"ASB kart => TamKart Fiziki 5338"		
2026-02-01;"-33.0";"";"azn";"Продукты";"25 8";"ASB kart";"Резервы";""		
2026-02-01;"-6.0";"";"azn";"Медицина / Лечение";"6 жгут";"Кошелёк";"Резервы";""		
2026-01-31;"32.0";"";"azn";"Проценты и бонусы";"32 процент от digihesab";"DigiHesab Ilqar";"Резервы";""		
2026-01-31;"-20.0";"";"azn";"Ребенок";"20 осмотр Лейлы в поликлинике";"Кошелёк";"Резервы";""		
2026-01-31;"-30.0";"";"azn";"Автомобиль / Бензин";"30";"ASB kart";"Резервы";""		
2026-01-31;"140.0";"";"azn";"";"";"";"";"ASB kart => DigiHesab Ilqar"		
2026-01-31;"-25.0";"-25.0";"azn";"Интернет и связь";"25 ailenet";"DigiHesab Ilqar";"Резервы";""		
2026-01-31;"-6.0";"-8.0";"azn";"Интернет и связь";"3 3 Ильгар Самира";"ASB kart";"Резервы";""		
2026-01-30;"-17.0";"";"azn";"Медицина / Лекарства";"17";"ASB kart";"Резервы";""		
2026-01-30;"-100.0";"";"azn";"Одежда и обувь";"100";"Кошелёк";"Резервы";""		
2026-01-30;"4770.0";"";"azn";"";"";"";"";"DigiHesab Ilqar => Зарубежные акции"		
2026-01-30;"200.0";"";"azn";"";"";"";"";"TamKart Fiziki 5338 => Кошелёк"		
2026-01-30;"-100.0";"";"azn";"Ребенок / Одежда";"100";"Кошелёк";"Резервы";""		
2026-01-29;"-2.0";"";"azn";"Интернет и связь";"2 Ilqar";"Albali kart";"Резервы";""		
2026-01-29;"-22.0";"";"azn";"Ребенок";"22";"ABB kart Samira";"Резервы";""		
2026-01-29;"-70.0";"";"azn";"Медицина / Лечение";"30 травмотолог	 40 рентген";"ASB kart";"Резервы";""	
2026-01-29;"-6.0";"";"azn";"Медицина / Лекарства";"6";"ABB kart Samira";"Резервы";""		
2026-01-29;"-25.0";"-25.0";"azn";"Продукты";"25";"ABB kart Samira";"Резервы";""		
2026-01-28;"-112.0";"";"azn";"Медицина / Лекарства";"112";"ASB kart";"Резервы";""		
2026-01-28;"-30.0";"";"azn";"Продукты";"30";"Кошелёк";"Резервы";""		
2026-01-28;"-21.0";"";"azn";"Подарки";"21";"ASB kart";"Резервы";""		
2026-01-28;"-50.0";"";"azn";"Медицина / Лечение";"50 гинеколог";"ASB kart";"Резервы";""		
2026-01-27;"130.0";"";"azn";"";"";"";"";"Кошелёк => ASB kart"		
2026-01-27;"-50.0";"";"azn";"Медицина / Лечение";"50 Акифу из Уникала";"TamKart Fiziki 5338";"Резервы";""		
2026-01-27;"-2.0";"-25.0";"azn";"Продукты";"2";"ASB kart";"Резервы";""		
2026-01-27;"200.0";"";"azn";"";"";"";"";"ABB kart Samira => ASB kart"		
2026-01-25;"-191.0";"";"azn";"Ребенок";"191 лекарства";"ASB kart";"Резервы";""		
2026-01-25;"-5.0";"";"azn";"Продукты";"5";"ASB kart";"Резервы";""		
2026-01-24;"-2.0";"";"azn";"Гигиена и красота";"2";"ASB kart";"Резервы";""		
2026-01-24;"-30.0";"";"azn";"Медицина / Лечение";"30 ЛОР";"ASB kart";"Резервы";""		
2026-01-24;"-11.0";"-25.0";"azn";"Продукты";"11";"ASB kart";"Резервы";""		
2026-01-23;"-21.0";"";"azn";"Ребенок";"21";"ASB kart";"Резервы";""		
2026-01-23;"-30.0";"-25.0";"azn";"Автомобиль / Бензин";"30";"ASB kart";"Резервы";""		
2026-01-23;"-4.0";"-4.0";"azn";"Развлечения и хобби";"4 futbol";"DigiHesab Ilqar";"Резервы";""		
2026-01-23;"-12.0";"";"azn";"Интернет и связь";"12 ilqar";"ABB kart Samira";"Резервы";""		
2026-01-22;"410.0";"";"azn";"";"";"";"";"DigiHesab Ilqar => TamKart Fiziki 5338"		
2026-01-22;"642.0";"";"azn";"";"";"";"";"DigiHesab Ilqar => ABB kredit kart"		
2026-01-22;"-47.0";"";"azn";"Ребенок";"47";"ASB kart";"Резервы";""		
2026-01-22;"4993.0";"";"azn";"";"";"";"";"DigiHesab Ilqar => Акции ABB"		
2026-01-22;"-13.0";"-25.0";"azn";"Продукты";"13";"ASB kart";"Резервы";""		
2026-01-21;"-180.0";"";"azn";"Ребенок / Терапия";"180 детский психиатр Айдан";"ASB kart";"Резервы";""		
2026-01-21;"-6.0";"-6.0";"azn";"Платный софт";"6 Yandex Music";"ASB kart";"Резервы";""		
2026-01-20;"-20.0";"";"azn";"Ребенок";"20";"ASB kart";"Резервы";""		
2026-01-20;"-10.0";"-25.0";"azn";"Продукты";"10";"ASB kart";"Резервы";""		
2026-01-18;"-25.0";"";"azn";"Ребенок";"25 подгузники";"ASB kart";"Резервы";""		
2026-01-18;"-30.0";"-20.0";"azn";"Ребенок / Одежда";"30";"Кошелёк";"Резервы";""		
2026-01-18;"-3.0";"";"azn";"Продукты";"3";"ASB kart";"Резервы";""		
2026-01-18;"-40.0";"";"azn";"Медицина / Лекарства";"40";"ASB kart";"Резервы";""		
2026-01-18;"-10.0";"";"azn";"Автомобиль";"10 штраф";"ASB kart";"Резервы";""		
2026-01-18;"-100.0";"";"azn";"Медицина / Лечение";"100 Акифу из Уникала";"DigiHesab Ilqar";"Резервы";""		
2026-01-17;"-200.0";"";"azn";"Ребенок / Терапия";"200";"ASB kart";"Резервы";""		
2026-01-17;"-23.0";"-25.0";"azn";"Продукты";"23";"ASB kart";"Резервы";""		
2026-01-16;"-4.0";"-4.0";"azn";"Развлечения и хобби";"4 futbol";"Кошелёк";"Резервы";""		
2026-01-16;"-30.0";"-25.0";"azn";"Автомобиль / Бензин";"30";"ASB kart";"Резервы";""		
2026-01-15;"-15.0";"-25.0";"azn";"Продукты";"15";"ASB kart";"Резервы";""		
2026-01-15;"-70.0";"-75.0";"azn";"Подарки";"70 кичик той Илькин оператор";"Кошелёк";"Резервы";""		
2026-01-14;"-70.0";"";"azn";"Подарки";"70 взятка коменданту за шушебенд";"Albali кредитная карта";"Резервы";""		
2026-01-14;"165.0";"";"azn";"";"";"";"";"ABB kart Samira => Albali кредитная карта"		
2026-01-14;"-20.0";"-40.0";"azn";"Ком. услуги / Электроэнергия";"20";"ASB kart";"Резервы";""		
2026-01-13;"-37.0";"-25.0";"azn";"Продукты";"37";"ASB kart";"Резервы";""		
2026-01-12;"-66.0";"";"azn";"Подарки";"19 за воду в 47";"ASB kart";"Резервы";""		
2026-01-11;"-4.0";"-10.0";"azn";"Ком. услуги / Вода";"4";"ASB kart";"Резервы";""		
2026-01-10;"-7.0";"";"azn";"Дом";"7";"Кошелёк";"Резервы";""		
2026-01-10;"-11.5";"";"azn";"Медицина / Лекарства";"7.6 3.9";"ASB kart";"Резервы";""		
2026-01-10;"-41.0";"-25.0";"azn";"Продукты";"36 5";"ASB kart";"Резервы";""		
2026-01-09;"251.0";"";"azn";"Зарплата Ильгар";"251";"ASB kart";"Резервы";""		
2026-01-09;"-50.0";"";"azn";"Подарки";"50 Ayaza komek";"ASB kart";"Резервы";""		
2026-01-09;"393.0";"393.0";"azn";"Пенсия Самира";"393";"ABB kart Samira";"Резервы";""		
2026-01-08;"-20.0";"-25.0";"azn";"Продукты";"20";"ASB kart";"Резервы";""		
2026-01-08;"-50.0";"";"azn";"Подарки";"50 для Хедиджи после операции";"Кошелёк";"Резервы";""		
2026-01-08;"-5.6";"-5.6";"azn";"Платный софт";"5.6 ticktick";"ASB kart";"Резервы";""		
2026-01-07;"13006.0";"";"azn";"";"";"";"";"Страхование жизни => Резервы"		
2026-01-07;"1000.0";"";"azn";"";"";"";"";"Резервы => ХаниМани"		
2026-01-07;"400.0";"";"azn";"";"";"";"";"Лотерея => Резервы"		
2026-01-06;"-14.0";"";"azn";"Ребенок / Траты";"14";"ASB kart";"Резервы";""		
2026-01-06;"-2.5";"-25.0";"azn";"Продукты";"2.5";"ASB kart";"Резервы";""		
2026-01-05;"457.0";"800.0";"azn";"Зарплата Ильгар";"457";"ASB kart";"Резервы";""		
2026-01-05;"-6.0";"";"azn";"Продукты";"6";"ASB kart";"Резервы";""		
2026-01-05;"400.0";"";"azn";"";"";"";"";"ASB kart => Кошелёк"		
2026-01-05;"-200.0";"";"azn";"Ребенок / Терапия";"200";"Кошелёк";"Резервы";""		
2026-01-05;"-50.0";"-50.0";"azn";"Платный софт";"50 Notion";"Albali кредитная карта";"Резервы";""		
2026-01-03;"-66.1";"-25.0";"azn";"Продукты";"35 26 5.1";"ASB kart";"Резервы";""		
2026-01-02;"-30.0";"-25.0";"azn";"Автомобиль / Бензин";"30";"ASB kart";"Резервы";""		
2026-01-02;"-4.0";"-4.0";"azn";"Развлечения и хобби";"4 futbol";"Кошелёк";"Резервы";""		
2026-01-01;"-9.0";"";"azn";"Ребенок / Траты";"9 подгузники";"ASB kart";"Резервы";""		
2026-01-01;"-10.0";"-25.0";"azn";"Продукты";"10";"ASB kart";"Резервы";""		
2025-12-31;"-44.0";"";"azn";"Продукты";"44";"ASB kart";"Резервы";""		
2025-12-31;"-20.0";"";"azn";"Дом";"20";"Кошелёк";"Резервы";""		
2025-12-31;"-8.0";"-8.0";"azn";"Интернет и связь";"4 4 Ильгар Самира";"ABB kart Samira";"Резервы";""		
2025-12-31;"-25.0";"-25.0";"azn";"Интернет и связь";"25 ailenet";"ABB kart Samira";"Резервы";""		
2025-12-30;"-46.0";"-25.0";"azn";"Продукты";"46";"ASB kart";"Резервы";""		
2025-12-28;"-48.0";"";"azn";"Продукты";"37 11";"ASB kart";"Резервы";""		
2025-12-28;"-20.0";"";"azn";"Автомобиль / Бензин";"20";"ASB kart";"Резервы";""		
2025-12-28;"-20.0";"";"azn";"Одежда и обувь";"20";"ASB kart";"Резервы";""		
2025-12-28;"-51.0";"";"azn";"Гигиена и красота";"32 8 3 8";"ASB kart";"Резервы";""		
2025-12-28;"-3.0";"";"azn";"Интернет и связь";"3 samira";"Albali kart";"Резервы";""		
2025-12-27;"-12.0";"";"azn";"Ребенок";"12";"ASB kart";"Резервы";""		
2025-12-27;"-4.0";"-25.0";"azn";"Продукты";"4";"ASB kart";"Резервы";""		
2025-12-26;"-27.0";"";"azn";"Медицина / Лекарства";"27";"ABB kart Samira";"Резервы";""		
2025-12-26;"1300.0";"";"azn";"Зарплата Ильгар";"1300";"ASB kart";"Резервы";""		
2025-12-26;"-9.0";"";"azn";"Ребенок";"9 подгузники";"ABB kart Samira";"Резервы";""		
2025-12-26;"-10.0";"-25.0";"azn";"Автомобиль / Бензин";"10";"Кошелёк";"Резервы";""		
2025-12-26;"-5.0";"-4.0";"azn";"Развлечения и хобби";"5 futbol";"Кошелёк";"Резервы";""		
2025-12-25;"-15.0";"";"azn";"Продукты";"15";"Кошелёк";"Резервы";""		
2025-12-25;"-40.0";"";"azn";"Медицина / Лечение";"40 физиотерапия";"ABB kart Samira";"Резервы";""		
2025-12-23;"-28.0";"";"azn";"Медицина / Лекарства";"28";"ASB kart";"Резервы";""		
2025-12-22;"-40.0";"";"azn";"Медицина / Лечение";"40 к травмотологу";"ASB kart";"Резервы";""		
2025-12-22;"-25.2";"";"azn";"Продукты";"25.2";"ASB kart";"Резервы";""		
2025-12-22;"-8.9";"";"azn";"Продукты";"8.9";"ASB kart";"Резервы";""		
2025-12-21;"-6.0";"";"azn";"Продукты";"6";"ASB kart";"Резервы";""		
2025-12-21;"-6.0";"-6.0";"azn";"Платный софт";"6 Yandex Music";"ASB kart";"Резервы";""		
2025-12-20;"-44.0";"";"azn";"Медицина / Лекарства";"44";"ASB kart";"Резервы";""		
2025-12-20;"-180.0";"";"azn";"Ребенок / Терапия";"180";"ASB kart";"Резервы";""		
2025-12-20;"-25.0";"-25.0";"azn";"Продукты";"25";"ASB kart";"Резервы";""		
2025-12-19;"-25.0";"";"azn";"Продукты";"25";"ASB kart";"Резервы";""		
2025-12-19;"145.0";"";"azn";"";"";"";"";"ASB kart => Кошелёк"		
2025-12-19;"-31.0";"-80.0";"azn";"Подарки";"31";"ASB kart";"Резервы";""		
2025-12-19;"-25.0";"-25.0";"azn";"Автомобиль / Бензин";"25";"ASB kart";"Резервы";""		
2025-12-18;"-21.4";"-25.0";"azn";"Продукты";"5 14 2.4";"ASB kart";"Резервы";""		
2025-12-18;"-40.0";"";"azn";"Медицина / Лечение";"40 лечебная физкультура";"ASB kart";"Резервы";""		
2025-12-18;"-40.0";"";"azn";"Автомобиль / Ремонт";"40 баланс развал";"Кошелёк";"Резервы";""		
2025-12-16;"-4.0";"";"azn";"Гигиена и красота";"4";"ASB kart";"Резервы";""		
2025-12-16;"-17.0";"-25.0";"azn";"Продукты";"17";"ASB kart";"Резервы";""		
2025-12-15;"-4.0";"";"azn";"Медицина / Лекарства";"4";"ASB kart";"Резервы";""		
2025-12-14;"-25.0";"";"azn";"Ребенок";"25 подгузники";"ASB kart";"Резервы";""		
2025-12-14;"-5.0";"";"azn";"Продукты";"5";"ASB kart";"Резервы";""		
2025-12-14;"-18.4";"";"azn";"Автомобиль";"18.4 штраф";"ASB kart";"Резервы";""		
2025-12-14;"-18.0";"";"azn";"Продукты";"18";"ASB kart";"Резервы";""		
2025-12-14;"-24.0";"-40.0";"azn";"Ком. услуги / Электроэнергия";"24";"Albali kart";"Резервы";""		
2025-12-13;"-41.0";"-25.0";"azn";"Гигиена и красота";"41";"ASB kart";"Резервы";""		
2025-12-12;"-71.0";"";"azn";"Подарки";"24 за воду в 47м";"ASB kart";"Резервы";""		
2025-12-12;"150.0";"";"azn";"";"";"";"";"ABB kart Samira => Digihesab Samira"		
2025-12-12;"-40.0";"";"azn";"Медицина / Лечение";"40 физкультура";"ASB kart";"Резервы";""		
2025-12-12;"-4.0";"-4.0";"azn";"Развлечения и хобби";"4 futbol";"Кошелёк";"Резервы";""		
2025-12-11;"140.0";"";"azn";"";"";"";"";"ABB kart Samira => Albali kart"		
2025-12-11;"104.0";"";"azn";"";"";"";"";"Albali kart => Albali кредитная карта"		
2025-12-11;"58.33";"";"azn";"";"";"";"";"DigiHesab 2 Ilqar => ABB kredit kart"		
2025-12-11;"-4.0";"-10.0";"azn";"Ком. услуги / Вода";"4";"Albali kart";"Резервы";""		
2025-12-11;"-2.0";"-25.0";"azn";"Продукты";"2";"ASB kart";"Резервы";""		
2025-12-10;"-60.0";"";"azn";"Ребенок";"30 30 дети у врача Рашада";"ASB kart";"Резервы";""		
2025-12-10;"-200.0";"";"azn";"Ребенок / Терапия";"200 терапия";"ASB kart";"Резервы";""		
2025-12-09;"393.0";"393.0";"azn";"Пенсия Самира";"393";"ABB kart Samira";"Резервы";""		
2025-12-08;"-5.0";"";"azn";"Гигиена и красота";"5";"Кошелёк";"Резервы";""		
2025-12-08;"-4.0";"";"azn";"Интернет и связь";"4 azercell";"Albali kart";"Резервы";""		
2025-12-08;"-35.0";"";"azn";"Одежда и обувь";"35";"Кошелёк";"Резервы";""		
2025-12-08;"-5.6";"-5.6";"azn";"Платный софт";"5.6 ticktick";"Albali kart";"Резервы";""		
2025-12-08;"-35.0";"-80.0";"azn";"Ребенок / Одежда";"35 куртка";"Кошелёк";"Резервы";""		
2025-12-07;"-50.0";"";"azn";"Подарки";"50 яс соседки Ульвии";"Кошелёк";"Резервы";""		
2025-12-07;"150.0";"";"azn";"";"";"";"";"ABB kart Samira => Кошелёк"		
2025-12-06;"-2.0";"";"azn";"Гигиена и красота";"2";"ASB kart";"Резервы";""		
2025-12-06;"-15.5";"";"azn";"Ребенок / Траты";"15.5 подгузники";"ASB kart";"Резервы";""		
2025-12-06;"-40.0";"";"azn";"Медицина / Лечение";"40 идман Самира";"Кошелёк";"Резервы";""		
2025-12-06;"-16.0";"-25.0";"azn";"Продукты";"16";"ASB kart";"Резервы";""		
2025-12-05;"-25.0";"-25.0";"azn";"Автомобиль / Бензин";"25";"ASB kart";"Резервы";""		
2025-12-04;"-25.0";"-25.0";"azn";"Продукты";"25";"ASB kart";"Резервы";""		
2025-12-02;"-4.0";"-25.0";"azn";"Продукты";"4";"ASB kart";"Резервы";""		
2025-12-02;"583.0";"2300.0";"azn";"Зарплата Ильгар";"583";"ASB kart";"Резервы";""		
2025-12-02;"-3.0";"";"azn";"Интернет и связь";"3 samira";"Albali kart";"Резервы";""		
2025-12-02;"-49.0";"";"azn";"Платный софт";"49 notion";"Albali кредитная карта";"Резервы";""		
2025-12-01;"-15.0";"";"azn";"Продукты";"15";"ASB kart";"Резервы";""		
2025-12-01;"-70.0";"";"azn";"Медицина / Лечение";"70 fizioterapiya";"ASB kart";"Резервы";""		
2025-12-01;"50.0";"";"azn";"";"";"";"";"DigiHesab Ilqar => Кошелёк"		
2025-12-01;"150.0";"";"azn";"";"";"";"";"ABB kart Samira => Digihesab Samira"		
2025-12-01;"-30.0";"-30.0";"azn";"Платный софт";"30 honemoney";"ASB kart";"Резервы";""		
2025-11-30;"-13.0";"";"azn";"Продукты";"13";"ASB kart";"Резервы";""		
2025-11-30;"-4.0";"";"azn";"Кафе	 ресторан";"4";"ASB kart";"Резервы";""	
2025-11-30;"-25.0";"-25.0";"azn";"Интернет и связь";"25 ailenet";"Albali kart";"Резервы";""		
2025-11-30;"-16.0";"-8.0";"azn";"Интернет и связь";"16 Ильгар Самира";"Albali kart";"Резервы";""		
2025-11-29;"-10.0";"-25.0";"azn";"Продукты";"10";"ASB kart";"Резервы";""		
2025-11-28;"-10.0";"";"azn";"Продукты";"10";"ASB kart";"Резервы";""		
2025-11-27;"-16.0";"";"azn";"Медицина / Лекарства";"16";"ASB kart";"Резервы";""		
2025-11-27;"-20.0";"-25.0";"azn";"Продукты";"20";"ASB kart";"Резервы";""		
2025-11-26;"-30.0";"";"azn";"Продукты";"30";"ASB kart";"Резервы";""		
2025-11-26;"-200.0";"";"azn";"Ребенок / Терапия";"200 терапия нарынч";"ASB kart";"Резервы";""		
2025-11-26;"-5.0";"";"azn";"Кафе	 ресторан";"5";"Кошелёк";"Резервы";""	
2025-11-25;"-3.0";"";"azn";"Интернет и связь";"3 Samira";"TamKart Virtual";"Резервы";""		
2025-11-25;"-707.0";"";"azn";"Дом";"700 poco x7 pro";"ABB kredit kart";"Резервы";""		
2025-11-25;"-15.0";"-25.0";"azn";"Продукты";"15";"ASB kart";"Резервы";""		
2025-11-24;"-28.0";"";"azn";"Продукты";"28";"ASB kart";"Резервы";""		
2025-11-24;"-51.0";"";"azn";"Медицина / Лекарства";"51";"ASB kart";"Резервы";""		
2025-11-23;"84.0";"";"azn";"";"";"";"";"TamKart Virtual => Albali kart"		
2025-11-23;"-28.0";"";"azn";"Продукты";"28";"Albali kart";"Резервы";""		
2025-11-22;"-6.0";"-25.0";"azn";"Продукты";"6";"ASB kart";"Резервы";""		
2025-11-21;"-100.0";"";"azn";"Подарки";"100 свадьба сына Мушвига";"ASB kart";"Резервы";""		
2025-11-21;"-20.0";"";"azn";"Медицина / Лекарства";"20";"ASB kart";"Резервы";""		
2025-11-21;"-20.0";"-25.0";"azn";"Автомобиль / Бензин";"20";"ASB kart";"Резервы";""		
2025-11-21;"-6.0";"-6.0";"azn";"Платный софт";"6 Yandex Music";"ASB kart";"Резервы";""		
2025-11-18;"-40.0";"";"azn";"Ребенок";"40";"ASB kart";"Резервы";""		
2025-11-18;"-12.0";"";"azn";"Продукты";"12";"ASB kart";"Резервы";""		
2025-11-18;"95.0";"";"azn";"";"";"";"";"ASB kart => Кошелёк"		
2025-11-18;"-10.0";"-25.0";"azn";"Продукты";"10";"ASB kart";"Резервы";""		
2025-11-17;"-200.0";"";"azn";"Ребенок / Терапия";"200 терапия Руфатика";"ASB kart";"Резервы";""		
2025-11-17;"-15.0";"";"azn";"Ребенок / Терапия";"15 Руфатика психологу";"ASB kart";"Резервы";""		
2025-11-17;"-182.0";"";"azn";"Ребенок / Траты";"182 дабан тести";"Кошелёк";"Резервы";""		
2025-11-17;"-11.0";"";"azn";"Медицина / Лекарства";"11";"ASB kart";"Резервы";""		
2025-11-16;"-4.0";"";"azn";"Продукты";"4";"ASB kart";"Резервы";""		
2025-11-15;"-14.5";"-25.0";"azn";"Продукты";"10 4.5";"ASB kart";"Резервы";""		
2025-11-15;"1680.0";"";"azn";"Зарплата Ильгар";"1680";"ASB kart";"Резервы";""		
2025-11-15;"-25.0";"-75.0";"azn";"Подарки";"25 торт для Руфатика";"ASB kart";"Резервы";""		
2025-11-14;"-6.0";"";"azn";"Продукты";"6";"ASB kart";"Резервы";""		
2025-11-14;"-52.0";"";"azn";"Медицина / Лекарства";"52";"ASB kart";"Резервы";""		
2025-11-14;"-110.0";"";"azn";"Медицина / Лечение";"110 коленный ортез";"ASB kart";"Резервы";""		
2025-11-14;"-5.0";"";"azn";"Медицина / Лечение";"5 судно утка";"Кошелёк";"Резервы";""		
2025-11-14;"-33.7";"-40.0";"azn";"Ком. услуги / Электроэнергия";"33.7";"DigiHesab Ilqar";"Резервы";""		
2025-11-14;"-30.0";"-25.0";"azn";"Автомобиль / Бензин";"30";"ASB kart";"Резервы";""		
2025-11-13;"-180.0";"";"azn";"Дом";"180 за шушебенд";"DigiHesab Ilqar";"Резервы";""		
2025-11-13;"-900.0";"";"azn";"Медицина / Лечение";"900 операция на правом колене";"DigiHesab Ilqar";"Резервы";""		
2025-11-13;"-70.0";"";"azn";"Медицина / Лечение";"70 анализы Самиры перед операцией на колено";"ASB kart";"Резервы";""		
2025-11-13;"-70.0";"";"azn";"Медицина / Лечение";"70 анализы";"ASB kart";"Резервы";""		
2025-11-12;"-185.0";"";"azn";"Медицина / Лечение";"145 mrt 40 travmotoloq";"ASB kart";"Резервы";""		
2025-11-12;"-10.0";"";"azn";"Кафе	 ресторан";"10";"Кошелёк";"Резервы";""	
2025-11-11;"-6.0";"-25.0";"azn";"Продукты";"6";"ASB kart";"Резервы";""		
2025-11-11;"-10.0";"-10.0";"azn";"Ком. услуги / Вода";"10";"DigiHesab Ilqar";"Резервы";""		
2025-11-10;"-12.0";"";"azn";"Продукты";"12";"Кошелёк";"Резервы";""		
2025-11-10;"-12.0";"";"azn";"Продукты";"12";"ASB kart";"Резервы";""		
2025-11-10;"-6.0";"";"azn";"Медицина / Лекарства";"6";"ASB kart";"Резервы";""		
2025-11-10;"-20.0";"";"azn";"Ребенок / Терапия";"20 логопед";"Кошелёк";"Резервы";""		
2025-11-10;"-11.0";"";"azn";"Ребенок";"11";"ASB kart";"Резервы";""		
2025-11-09;"-72.0";"";"azn";"Медицина / Лекарства";"72";"TamKart Virtual";"Резервы";""		
2025-11-09;"-48.0";"";"azn";"Подарки";"48 шоколадки в больницу";"ASB kart";"Резервы";""		
2025-11-09;"-40.0";"";"azn";"Продукты";"40 торт";"TamKart Virtual";"Резервы";""		
2025-11-09;"-72.0";"";"azn";"Медицина / Лекарства";"72";"ASB kart";"Резервы";""		
2025-11-09;"-20.0";"";"azn";"Подарки";"20 цветы Самире";"Кошелёк";"Резервы";""		
2025-11-09;"-40.0";"";"azn";"Подарки";"40 ширинлик дочки";"Кошелёк";"ХаниМани";""		
2025-11-09;"100.0";"";"azn";"";"";"";"";"DigiHesab Ilqar => TamKart Virtual"		
2025-11-09;"-142.0";"";"azn";"Медицина / Лечение";"142 travmotologiya Samira";"ASB kart";"Резервы";""		
2025-11-09;"393.0";"393.0";"azn";"Пенсия Самира";"393";"ABB kart Samira";"Резервы";""		
2025-11-09;"-2.0";"-20.0";"azn";"Ребенок / Траты";"2";"Кошелёк";"Резервы";""		
2025-11-08;"-1.0";"";"azn";"Автомобиль / Мойка";"1";"Кошелёк";"Резервы";""		
2025-11-08;"-55.0";"-80.0";"azn";"Ребенок / Одежда";"55";"Кошелёк";"Резервы";""		
2025-11-08;"-5.6";"-5.6";"azn";"Платный софт";"5.6 ticktick";"TamKart Virtual";"Резервы";""		
2025-11-08;"-12.0";"-25.0";"azn";"Продукты";"12";"ASB kart";"Резервы";""		
2025-11-07;"-1150.0";"";"azn";"Медицина / Лечение";"1150 на рождение дочки";"Кошелёк";"Резервы";""		
2025-11-07;"-2.4";"";"azn";"Продукты";"2.4";"ASB kart";"ХаниМани";""		
2025-11-07;"-5.0";"-4.0";"azn";"Развлечения и хобби";"5 futbol";"Кошелёк";"Резервы";""		
2025-11-07;"-20.0";"-25.0";"azn";"Автомобиль / Бензин";"20";"ASB kart";"Резервы";""		
2025-11-06;"-5.0";"";"azn";"Продукты";"5";"Кошелёк";"Резервы";""		
2025-11-06;"1345.0";"";"azn";"";"";"";"";"ASB kart => Кошелёк"		
2025-11-06;"-25.0";"-25.0";"azn";"Продукты";"25";"ASB kart";"Резервы";""		
2025-11-06;"-90.0";"-20.0";"azn";"Медицина / Лекарства";"90";"ASB kart";"Резервы";""		
2025-11-06;"-5.4";"";"azn";"Гигиена и красота";"5.4";"ASB kart";"Резервы";""		
2025-11-05;"-1.8";"";"azn";"Медицина / Лекарства";"1.8";"TamKart Virtual";"Резервы";""		
2025-11-05;"-1.0";"";"azn";"Медицина / Лекарства";"1";"Кошелёк";"Резервы";""		
2025-11-05;"-200.0";"";"azn";"Дом";"200 susebend";"TamKart Virtual";"Резервы";""		
2025-11-05;"-27.0";"";"azn";"Автомобиль / Бензин";"27";"ASB kart";"Резервы";""		
2025-11-05;"-25.0";"-25.0";"azn";"Платный софт";"25 Notion";"ASB kart";"Резервы";""		
2025-11-04;"2570.0";"2300.0";"azn";"Зарплата Ильгар";"2570";"ASB kart";"Резервы";""		
2025-11-04;"50.0";"";"azn";"";"";"";"";"DigiHesab Ilqar => TamKart Virtual"		
2025-11-04;"-26.0";"-50.0";"azn";"Продукты";"26";"TamKart Virtual";"Резервы";""		
2025-11-04;"-6.0";"-25.0";"azn";"Продукты";"6";"ASB kart";"Резервы";""		
2025-11-03;"-10.0";"";"azn";"Продукты";"10";"Кошелёк";"Резервы";""		
2025-11-03;"-4.0";"";"azn";"Медицина / Лекарства";"4";"Кошелёк";"Резервы";""		
2025-11-03;"-40.0";"";"azn";"Ребенок / Траты";"40";"ASB kart";"Резервы";""		
2025-11-03;"-47.0";"";"azn";"Ребенок / Траты";"47";"ASB kart";"Резервы";""		
2025-11-03;"-15.0";"";"azn";"Автомобиль / Бензин";"15";"ASB kart";"Резервы";""		
2025-11-03;"-170.0";"";"azn";"Медицина / Лечение";"20 150 гинекологу";"Кошелёк";"Резервы";""		
2025-11-03;"-3.0";"";"azn";"Интернет и связь";"3 Самира";"TamKart Virtual";"Резервы";""		
2025-11-01;"-10.0";"";"azn";"Дом";"10";"Кошелёк";"Резервы";""		
2025-11-01;"31.0";"";"azn";"";"";"";"";"Albali kart => Albali кредитная карта"		
2025-11-01;"35.0";"";"azn";"";"";"";"";"TamKart Virtual => Albali kart"		
2025-11-01;"-31.0";"-25.0";"azn";"Продукты";"31";"ASB kart";"Резервы";""		
2025-10-31;"-13.0";"";"azn";"Продукты";"13";"ASB kart";"Резервы";""		
2025-10-31;"245.0";"";"azn";"";"";"";"";"TamKart Fiziki 5338 => Кошелёк"		
2025-10-31;"250.0";"";"azn";"";"";"";"";"TamKart Virtual => TamKart Fiziki 5338"		
2025-10-31;"-15.0";"";"azn";"Интернет и связь";"15 ilqar";"TamKart Virtual";"Резервы";""		
2025-10-31;"-5.0";"-4.0";"azn";"Развлечения и хобби";"5 futbol";"Кошелёк";"Резервы";""		
2025-10-31;"-25.0";"-25.0";"azn";"Интернет и связь";"25 ailenet";"Albali кредитная карта";"Резервы";""		
2025-10-30;"-3.0";"-25.0";"azn";"Продукты";"3";"ASB kart";"Резервы";""		
2025-10-29;"78.0";"";"azn";"";"";"";"";"DigiHesab Ilqar => ASB kart"		
2025-10-28;"-3.0";"";"azn";"Интернет и связь";"3 Samira";"TamKart Virtual";"Резервы";""		
2025-10-28;"-17.3";"-25.0";"azn";"Продукты";"9 8.3";"ASB kart";"Резервы";""		
2025-10-27;"-7.0";"";"azn";"Продукты";"7";"Кошелёк";"Резервы";""		
2025-10-27;"-300.0";"-450.0";"azn";"Медицина / Лечение";"300 на анализы беременность";"ASB kart";"Резервы";""		
2025-10-27;"-11.0";"";"azn";"Продукты";"11";"Кошелёк";"Резервы";""		
2025-10-27;"-48.0";"";"azn";"Продукты";"48";"ASB kart";"Резервы";""		
2025-10-25;"-62.0";"";"azn";"Одежда и обувь";"62";"Albali kart";"Резервы";""		
2025-10-25;"55.0";"";"azn";"";"";"";"";"TamKart Virtual => Albali kart"		
2025-10-25;"-20.0";"";"azn";"Гигиена и красота";"20";"ASB kart";"Резервы";""		
2025-10-25;"-1.2";"";"azn";"Медицина / Лекарства";"1.2";"ASB kart";"Резервы";""		
2025-10-25;"-25.1";"-25.0";"azn";"Продукты";"13 8.6 3.5";"ASB kart";"Резервы";""		
2025-10-24;"-20.0";"";"azn";"Ребенок / Терапия";"20 логопеду";"Кошелёк";"Резервы";""		
2025-10-24;"-30.0";"-25.0";"azn";"Автомобиль / Бензин";"30";"ASB kart";"Резервы";""		
2025-10-24;"-4.0";"-4.0";"azn";"Развлечения и хобби";"4 futbol";"Кошелёк";"Резервы";""		
2025-10-23;"-4.0";"";"azn";"Продукты";"4";"ASB kart";"Резервы";""		
2025-10-23;"-8.0";"";"azn";"Продукты";"8";"Кошелёк";"Резервы";""		
2025-10-23;"-3.0";"";"azn";"Дом";"3";"Кошелёк";"Резервы";""		
2025-10-23;"-20.0";"";"azn";"Ребенок / Траты";"20 памперсы";"ASB kart";"Резервы";""		
2025-10-23;"-19.0";"-25.0";"azn";"Продукты";"19";"ASB kart";"Резервы";""		
2025-10-22;"-100.0";"";"azn";"Ребенок / Терапия";"100 психотерапевт";"Кошелёк";"Резервы";""		
2025-10-22;"95.0";"";"azn";"";"";"";"";"ASB kart => Кошелёк"		
2025-10-22;"-43.0";"";"azn";"Медицина / Лекарства";"43";"ASB kart";"Резервы";""		
2025-10-21;"-26.0";"-25.0";"azn";"Продукты";"26";"ASB kart";"Резервы";""		
2025-10-21;"-6.0";"-6.0";"azn";"Платный софт";"6 Yandex Music";"TamKart Virtual";"Резервы";""		
2025-10-20;"-2.0";"";"azn";"Продукты";"2";"ASB kart";"Резервы";""		
2025-10-20;"100.0";"";"azn";"";"";"";"";"ABB kart Samira => Кошелёк"		
2025-10-20;"-26.0";"";"azn";"Ребенок / Траты";"26 в садик";"Кошелёк";"Резервы";""		
2025-10-19;"-6.0";"";"azn";"Продукты";"6";"ASB kart";"Резервы";""		
2025-10-19;"-27.0";"";"azn";"Продукты";"27";"ASB kart";"Резервы";""		
2025-10-18;"-33.0";"";"azn";"Ребенок / Траты";"33 для дочки украшательства";"Кошелёк";"Резервы";""		
2025-10-18;"-41.0";"-25.0";"azn";"Продукты";"9 6 26";"ASB kart";"Резервы";""		
2025-10-18;"-20.0";"";"azn";"Подарки";"20 цветы на день рождения Самиры";"Кошелёк";"Резервы";""		
2025-10-18;"-20.0";"";"azn";"Продукты";"13 7";"Кошелёк";"Резервы";""		
2025-10-18;"-8.0";"";"azn";"Дом";"8";"Кошелёк";"Резервы";""		
2025-10-17;"400.0";"";"azn";"";"";"";"";"DigiHesab Ilqar => TamKart Virtual"		
2025-10-17;"595.0";"";"azn";"";"";"";"";"ASB kart => Кошелёк"		
2025-10-17;"-4.0";"-4.0";"azn";"Развлечения и хобби";"4 futbol";"Кошелёк";"Резервы";""		
2025-10-17;"-30.0";"-25.0";"azn";"Автомобиль / Бензин";"30";"ASB kart";"Резервы";""		
2025-10-16;"285.0";"";"azn";"Зарплата Ильгар";"285 отпуск три дня";"ASB kart";"Резервы";""		
2025-10-16;"-43.0";"-25.0";"azn";"Продукты";"7 36";"ASB kart";"Резервы";""		
2025-10-15;"-50.0";"";"azn";"Медицина / Лекарства";"50";"ASB kart";"Резервы";""		
2025-10-14;"-64.0";"";"azn";"Медицина / Лекарства";"64";"ASB kart";"Резервы";""		
2025-10-14;"-30.0";"-25.0";"azn";"Продукты";"30";"ASB kart";"Резервы";""		
2025-10-14;"-29.0";"-40.0";"azn";"Ком. услуги / Электроэнергия";"29";"ASB kart";"Резервы";""		
2025-10-13;"-6.0";"";"azn";"Продукты";"6";"ASB kart";"Резервы";""		
2025-10-13;"-31.0";"";"azn";"Подарки";"31 торт";"ASB kart";"Резервы";""		
2025-10-13;"-66.0";"";"azn";"Медицина / Лечение";"50 гинеколог 16 анализы";"ASB kart";"Резервы";""		
2025-10-13;"149.0";"";"azn";"";"";"";"";"ABB kart Samira => Кошелёк"		
2025-10-12;"-22.0";"";"azn";"Продукты";"22";"Кошелёк";"Резервы";""		
2025-10-12;"-540.0";"";"azn";"Подарки";"540 телефон Самира Moto G пятьдесять шесть";"Albali кредитная карта";"Резервы";""		
2025-10-12;"-12.0";"";"azn";"Продукты";"12";"ASB kart";"Резервы";""		
2025-10-12;"97.0";"";"azn";"";"";"";"";"DigiHesab Ilqar => TamKart Virtual"		
2025-10-12;"-10.0";"";"azn";"Продукты";"10";"Кошелёк";"Резервы";""		
2025-10-11;"-97.0";"";"azn";"Дом";"97 на купчую";"TamKart Virtual";"Резервы";""		
2025-10-11;"-30.0";"";"azn";"Гигиена и красота";"30 салон";"Кошелёк";"Резервы";""		
2025-10-11;"-2.0";"";"azn";"Продукты";"2";"Кошелёк";"Резервы";""		
2025-10-11;"-500.0";"-500.0";"azn";"Ребенок / Терапия";"500 детский садик и терапия";"Кошелёк";"Резервы";""		
2025-10-11;"-16.0";"-25.0";"azn";"Продукты";"9 7";"ASB kart";"Резервы";""		
2025-10-11;"-10.0";"-10.0";"azn";"Ком. услуги / Вода";"10";"Albali кредитная карта";"Резервы";""		
2025-10-10;"-5.0";"-4.0";"azn";"Развлечения и хобби";"5 futbol";"Кошелёк";"Резервы";""		
2025-10-10;"-30.0";"-25.0";"azn";"Автомобиль / Бензин";"30";"ASB kart";"Резервы";""		
2025-10-09;"393.0";"393.0";"azn";"Пенсия Самира";"393";"ABB kart Samira";"Резервы";""		
2025-10-09;"-74.0";"-25.0";"azn";"Продукты";"17 57";"ASB kart";"Резервы";""		
2025-10-08;"-5.6";"-5.6";"azn";"Платный софт";"5.6 ticktick";"Albali кредитная карта";"Резервы";""		
2025-10-08;"305.0";"";"azn";"";"";"";"";"DigiHesab Ilqar => Albali кредитная карта"		
2025-10-08;"250.0";"";"azn";"";"";"";"";"Лотерея => TamKart Virtual"		
2025-10-07;"-16.0";"-16.0";"azn";"Ком. услуги / Квартира";"16";"Кошелёк";"Резервы";""		
2025-10-07;"-28.0";"-25.0";"azn";"Продукты";"28";"ASB kart";"Резервы";""		
2025-10-07;"-2.0";"";"azn";"Продукты";"2";"Кошелёк";"Резервы";""		
2025-10-06;"145.0";"";"azn";"";"";"";"";"ASB kart => Кошелёк"		
2025-10-06;"-60.0";"";"azn";"Подарки";"50 Саре день учителя 10 цветы";"Кошелёк";"Резервы";""		
2025-10-06;"-100.0";"";"azn";"Подарки";"100 пятьдесят лет Намику";"Кошелёк";"Резервы";""		
2025-10-06;"-13.0";"";"azn";"Подарки";"13 торт на день учителя";"TamKart Virtual";"Резервы";""		
2025-10-06;"12.5";"";"azn";"";"";"";"";"DigiHesab Ilqar => TamKart Virtual"		
2025-10-05;"-11.0";"";"azn";"Продукты";"11";"Кошелёк";"Резервы";""		
2025-10-05;"-62.0";"-25.0";"azn";"Платный софт";"62 Notion";"Albali кредитная карта";"Резервы";""		
2025-10-05;"-20.0";"-20.0";"azn";"Ребенок / Одежда";"20 обувь";"Кошелёк";"Резервы";""		
2025-10-05;"100.0";"";"azn";"";"";"";"";"Лотерея => DigiHesab 2 Ilqar"		
2025-10-05;"-4.4";"";"azn";"Продукты";"4.4";"DigiHesab Ilqar";"Резервы";""		
2025-10-05;"-113.0";"-100.0";"azn";"Ребенок";"113";"ASB kart";"Резервы";""		
2025-10-05;"-15.0";"";"azn";"Дом";"15";"Кошелёк";"Резервы";""		
2025-10-05;"-23.0";"";"azn";"Продукты";"23";"ASB kart";"Резервы";""		
2025-10-05;"-1.0";"";"azn";"Автомобиль / Мойка";"1";"Кошелёк";"Резервы";""		
2025-10-04;"-21.0";"-25.0";"azn";"Продукты";"8 13";"Кошелёк";"Резервы";""		
2025-10-04;"-13.0";"-13.0";"azn";"Интернет и связь";"13 ilqar internet";"Albali кредитная карта";"Резервы";""		
2025-10-04;"-35.0";"";"azn";"Медицина";"35 за линзы";"Кошелёк";"Резервы";""		
2025-10-04;"150.0";"";"azn";"";"";"";"";"Лотерея => Digihesab Samira"		
2025-10-04;"-11.0";"";"azn";"Продукты";"11";"ASB kart";"Резервы";""		
2025-10-03;"195.0";"";"azn";"";"";"";"";"ASB kart => Кошелёк"		
2025-10-03;"-30.0";"-25.0";"azn";"Автомобиль / Бензин";"30";"ASB kart";"Резервы";""		
2025-10-03;"-4.0";"-4.0";"azn";"Развлечения и хобби";"4 futbol";"Кошелёк";"Резервы";""		
2025-10-02;"-18.5";"-25.0";"azn";"Продукты";"5.5 2 11";"ASB kart";"Резервы";""		
2025-10-02;"2467.0";"2300.0";"azn";"Зарплата Ильгар";"2467";"ASB kart";"Резервы";""		
2025-10-01;"13271.0";"";"azn";"";"";"";"";"Страхование жизни => DigiHesab Ilqar"		
2025-09-30;"-6.0";"-8.0";"azn";"Интернет и связь";"3 3 Ильгар Самира";"ASB kart";"Резервы";""		
2025-09-30;"-10.0";"";"azn";"Продукты";"10";"Кошелёк";"Резервы";""		
2025-09-30;"-25.0";"-25.0";"azn";"Продукты";"25";"ABB kart Samira";"Резервы";""		
2025-09-30;"-25.0";"-25.0";"azn";"Интернет и связь";"25 ailenet";"Albali kart";"Резервы";""		
2025-09-29;"-9.0";"";"azn";"Продукты";"9";"Кошелёк";"Резервы";""		
2025-09-28;"30.0";"";"azn";"";"";"";"";"ASB kart => Кошелёк"		
2025-09-28;"-20.0";"-20.0";"azn";"Ребенок / Траты";"20";"Кошелёк";"Резервы";""		
2025-09-28;"-112.0";"";"azn";"Медицина / Лечение";"100 minoxidil 12 доставка";"Albali кредитная карта";"Резервы";""		
2025-09-28;"-15.0";"";"azn";"Продукты";"15";"Кошелёк";"Резервы";""		
2025-09-28;"-11.0";"";"azn";"Продукты";"11";"ASB kart";"Резервы";""		
2025-09-27;"-5.0";"-25.0";"azn";"Продукты";"5";"ASB kart";"Резервы";""		
2025-09-27;"-65.0";"";"azn";"Медицина / Лечение";"65 у гинеколога";"Кошелёк";"Резервы";""		
2025-09-27;"-12.0";"";"azn";"Подарки";"12";"ASB kart";"Резервы";""		
2025-09-26;"26.0";"";"azn";"Проценты и бонусы";"26";"Albali kart";"Резервы";""		
2025-09-26;"-5.0";"";"azn";"Продукты";"5";"ASB kart";"Резервы";""		
2025-09-26;"-70.0";"";"azn";"Медицина / Лекарства";"70";"ASB kart";"Резервы";""		
2025-09-26;"-10.0";"";"azn";"Интернет и связь";"10 Azercell";"Albali kart";"Резервы";""		
2025-09-25;"-9.0";"";"azn";"Продукты";"9";"Кошелёк";"Резервы";""		
2025-09-25;"-25.0";"-25.0";"azn";"Продукты";"2 23";"ASB kart";"Резервы";""		
2025-09-23;"-52.0";"-25.0";"azn";"Продукты";"12 40";"ASB kart";"Резервы";""		
2025-09-22;"-126.0";"";"azn";"Дом";"126 за купчую квартиры";"ASB kart";"Резервы";""		
2025-09-21;"-6.0";"-6.0";"azn";"Платный софт";"6 Yandex Music";"ASB kart";"Резервы";""		
2025-09-21;"-12.0";"";"azn";"Продукты";"12";"ASB kart";"Резервы";""		
2025-09-20;"195.0";"";"azn";"";"";"";"";"ASB kart => Кошелёк"		
2025-09-20;"-8.0";"";"azn";"Продукты";"8";"Кошелёк";"Резервы";""		
2025-09-20;"-81.0";"";"azn";"Дом";"81 за эризе из жэка для купчей";"Кошелёк";"Резервы";""		
2025-09-20;"-10.0";"";"azn";"Развлечения и хобби";"10 бильярд";"Кошелёк";"Резервы";""		
2025-09-20;"-25.0";"";"azn";"Дом";"25 для бачка";"Кошелёк";"Резервы";""		
2025-09-20;"-1.5";"";"azn";"Продукты";"1.5";"ASB kart";"Резервы";""		
2025-09-20;"-14.0";"-25.0";"azn";"Продукты";"14";"ASB kart";"Резервы";""		
2025-09-19;"-7.12";"";"azn";"Медицина / Лекарства";"7	12";"ASB kart";"Резервы";""	
2025-09-19;"-50.0";"";"azn";"Подарки";"50 на свадьбу сына Махира Талеха";"Albali кредитная карта";"Резервы";""		
2025-09-19;"-25.0";"-25.0";"azn";"Автомобиль / Бензин";"25";"ASB kart";"Резервы";""		
2025-09-18;"500.0";"";"azn";"";"";"";"";"ASB kart => Кошелёк"		
2025-09-18;"12.0";"";"azn";"Проценты и бонусы";"12 edv";"Albali kart";"Резервы";""		
2025-09-18;"-25.0";"";"azn";"Ребенок";"25 лекарство";"ABB kart Samira";"Резервы";""		
2025-09-18;"-12.0";"";"azn";"Гигиена и красота";"12 faberlik";"Albali kart";"Резервы";""		
2025-09-18;"-70.0";"";"azn";"Ребенок";"70 для дочки";"ABB kart Samira";"Резервы";""		
2025-09-18;"-8.7";"";"azn";"Продукты";"8.7";"ASB kart";"Резервы";""		
2025-09-18;"-13.0";"";"azn";"Продукты";"13";"Кошелёк";"Резервы";""		
2025-09-18;"-35.0";"-25.0";"azn";"Продукты";"35";"ASB kart";"Резервы";""		
2025-09-18;"-37.0";"";"azn";"Дом";"37 xalca yuma";"Albali кредитная карта";"Резервы";""		
2025-09-17;"-33.0";"";"azn";"Одежда и обувь";"33";"Кошелёк";"Резервы";""		
2025-09-16;"-25.0";"-25.0";"azn";"Продукты";"13 12";"ASB kart";"Резервы";""		
2025-09-15;"-6.0";"";"azn";"Медицина / Лекарства";"6";"ASB kart";"Резервы";""		
2025-09-15;"-50.0";"";"azn";"Ребенок / Одежда";"50";"Кошелёк";"Резервы";""		
2025-09-15;"-13.0";"";"azn";"Продукты";"13";"ABB kart Samira";"Резервы";""		
2025-09-15;"-19.0";"";"azn";"Медицина / Лекарства";"19";"ABB kart Samira";"Резервы";""		
2025-09-14;"-59.35";"-40.0";"azn";"Ком. услуги / Электроэнергия";"59.35";"ASB kart";"Резервы";""		
2025-09-13;"-26.5";"-25.0";"azn";"Продукты";"2.5 24";"ASB kart";"Резервы";""		
2025-09-13;"200.0";"";"azn";"";"";"";"";"ABB kart Samira => Digihesab Samira"		
2025-09-13;"-93.3";"";"azn";"Ребенок / Терапия";"93.3 лекарства";"ASB kart";"Резервы";""		
2025-09-13;"-100.0";"";"azn";"Ребенок / Терапия";"100";"Кошелёк";"Резервы";""		
2025-09-12;"-25.0";"-25.0";"azn";"Автомобиль / Бензин";"25";"ASB kart";"Резервы";""		
2025-09-12;"-4.0";"-4.0";"azn";"Развлечения и хобби";"4 futbol";"Кошелёк";"Резервы";""		
2025-09-12;"70.0";"";"azn";"";"";"";"";"ABB kart Samira => Albali kart"		
2025-09-12;"-30.0";"";"azn";"Подарки";"30 помощь";"Albali кредитная карта";"Резервы";""		
2025-09-12;"-75.0";"";"azn";"Медицина / Лекарства";"75";"ASB kart";"Резервы";""		
2025-09-12;"75.0";"";"azn";"";"";"";"";"Albali kart => Albali кредитная карта"		
2025-09-12;"-7.0";"";"azn";"Проценты и бонусы";"7";"Albali kart";"Резервы";""		
2025-09-12;"-112.0";"";"azn";"Медицина / Лечение";"112 анализы";"ASB kart";"Резервы";""		
2025-09-12;"-50.0";"";"azn";"Медицина / Лечение";"50 гинеколог";"ASB kart";"Резервы";""		
2025-09-12;"-12.0";"";"azn";"Продукты";"12";"ASB kart";"Резервы";""		
2025-09-12;"-6.0";"";"azn";"Продукты";"6";"Кошелёк";"Резервы";""		
2025-09-11;"-27.0";"";"azn";"Продукты";"27";"ASB kart";"Резервы";""		
2025-09-11;"-7.0";"-10.0";"azn";"Ком. услуги / Вода";"7";"ASB kart";"Резервы";""		
2025-09-11;"-500.0";"-500.0";"azn";"Ребенок / Терапия";"500 детский садик и терапия";"Кошелёк";"Резервы";""		
2025-09-11;"-8.0";"";"azn";"Гигиена и красота";"8";"ASB kart";"Резервы";""		
2025-09-11;"-27.0";"-25.0";"azn";"Продукты";"27";"ASB kart";"Резервы";""		
2025-09-10;"-3.0";"";"azn";"Интернет и связь";"3 samira";"Albali kart";"Резервы";""		
2025-09-10;"-5.0";"";"azn";"Продукты";"5";"Кошелёк";"Резервы";""		
2025-09-09;"393.0";"393.0";"azn";"Пенсия Самира";"393";"ABB kart Samira";"Резервы";""		
2025-09-09;"-33.0";"-25.0";"azn";"Продукты";"23 10";"ASB kart";"Резервы";""		
2025-09-08;"-5.6";"-5.6";"azn";"Платный софт";"5.6 ticktick";"ASB kart";"Резервы";""		
2025-09-07;"-16.0";"-16.0";"azn";"Ком. услуги / Квартира";"16";"Кошелёк";"Резервы";""		
2025-09-07;"-41.0";"-20.0";"azn";"Ребенок / Одежда";"41 temu";"Albali kart";"Резервы";""		
2025-09-07;"-4.0";"";"azn";"Ребенок / Траты";"4";"Кошелёк";"Резервы";""		
2025-09-07;"-25.0";"";"azn";"Подарки";"25 в доме у Севиндж были";"ASB kart";"Резервы";""		
2025-09-07;"-14.0";"";"azn";"Продукты";"14";"ASB kart";"Резервы";""		
2025-09-06;"-150.0";"-25.0";"azn";"Продукты";"150 мед";"Кошелёк";"Резервы";""		
2025-09-06;"495.0";"";"azn";"";"";"";"";"ASB kart => Кошелёк"		
2025-09-06;"-100.0";"";"azn";"Подарки";"100 дочке Искендера";"Кошелёк";"Резервы";""		
2025-09-05;"-25.0";"-25.0";"azn";"Платный софт";"25 Notion";"Albali кредитная карта";"Резервы";""		
2025-09-05;"-25.0";"-25.0";"azn";"Автомобиль / Бензин";"25";"ASB kart";"Резервы";""		
2025-09-05;"-4.0";"-4.0";"azn";"Развлечения и хобби";"4 futbol";"Кошелёк";"Резервы";""		
2025-09-05;"-8.0";"";"azn";"Продукты";"8";"Кошелёк";"Резервы";""		
2025-09-05;"-42.0";"";"azn";"Продукты";"42";"Кошелёк";"Резервы";""		
2025-09-05;"-7.0";"";"azn";"Продукты";"7";"ASB kart";"Резервы";""		
2025-09-04;"50.0";"50.0";"azn";"";"";"";"";"Albali кредитная карта => Лотерея"		
2025-09-04;"-17.0";"-25.0";"azn";"Продукты";"14 3";"ASB kart";"Резервы";""		
2025-09-04;"-5.0";"";"azn";"Продукты";"5";"Кошелёк";"Резервы";""		
2025-09-04;"-45.0";"";"azn";"Гигиена и красота";"45 салон";"Кошелёк";"Резервы";""		
2025-09-04;"95.0";"";"azn";"";"";"";"";"ASB kart => Кошелёк"		
2025-09-04;"-9.0";"";"azn";"Транспорт";"9";"Кошелёк";"Резервы";""		
2025-09-04;"-12.0";"-13.0";"azn";"Интернет и связь";"12 ilqar internet";"ABB kart Samira";"Резервы";""		
2025-09-04;"-5.0";"";"azn";"Гигиена и красота";"5 салон";"Albali kart";"Резервы";""		
2025-09-02;"2318.0";"2000.0";"azn";"Зарплата Ильгар";"2318";"ASB kart";"Резервы";""		
2025-09-02;"-43.0";"-25.0";"azn";"Продукты";"9 34";"ASB kart";"Резервы";""		
2025-09-02;"265.0";"265.0";"azn";"Зарплата Ильгар";"265";"Страхование жизни";"Резервы";""		
2025-09-02;"100.0";"";"azn";"";"";"";"";"ABB kart Samira => Albali kart"		
2025-09-02;"-19.0";"";"azn";"Медицина / Лекарства";"19";"ASB kart";"Резервы";""		
2025-09-01;"-30.0";"-30.0";"azn";"Платный софт";"30 honemoney";"Albali kart";"Резервы";""		
2025-08-31;"-25.0";"-25.0";"azn";"Интернет и связь";"25 ailenet";"Albali kart";"Резервы";""		
2025-08-31;"-6.0";"-20.0";"azn";"Ребенок / Траты";"4 2";"Кошелёк";"Резервы";""		
2025-08-31;"-5.0";"-8.0";"azn";"Интернет и связь";"2 3 Ильгар Самира";"Albali kart";"Резервы";""		
2025-08-31;"95.0";"";"azn";"";"";"";"";"ASB kart => Кошелёк"		
2025-08-31;"50.0";"";"azn";"";"";"";"";"ABB kart Samira => Albali kart"		
2025-08-31;"-63.0";"";"azn";"Развлечения и хобби";"63 my beach";"Кошелёк";"Резервы";""		
2025-08-31;"-12.0";"";"azn";"Продукты";"12";"Кошелёк";"Резервы";""		
2025-08-31;"-18.0";"";"azn";"Продукты";"18";"ASB kart";"Резервы";""		
2025-08-30;"-59.0";"-25.0";"azn";"Продукты";"35 4 20";"ASB kart";"Резервы";""		
2025-08-30;"-41.0";"";"azn";"Платный софт";"41 chatgpt";"Albali kart";"Резервы";""		
2025-08-28;"-31.0";"-25.0";"azn";"Продукты";"20 11";"ASB kart";"Резервы";""		
2025-08-28;"-3.0";"";"azn";"Продукты";"3";"Кошелёк";"Резервы";""		
2025-08-26;"-30.0";"-25.0";"azn";"Продукты";"15 15";"ASB kart";"Резервы";""		
2025-08-24;"-5.3";"";"azn";"Продукты";"5.3";"ASB kart";"Резервы";""		
2025-08-24;"-4.0";"";"azn";"Ребенок / Траты";"4";"Кошелёк";"Резервы";""		
2025-08-24;"-10.45";"";"azn";"Подарки";"10.45";"ASB kart";"Резервы";""		
2025-08-24;"-42.0";"";"azn";"Медицина / Лекарства";"42";"ASB kart";"Резервы";""		
2025-08-24;"-50.0";"";"azn";"Развлечения и хобби";"50 my beach";"Кошелёк";"Резервы";""		
2025-08-24;"-6.0";"-20.0";"azn";"Ребенок / Траты";"6";"ASB kart";"Резервы";""		
2025-08-24;"240.0";"";"azn";"";"";"";"";"ASB kart => Кошелёк"		
2025-08-23;"27.0";"";"azn";"";"";"";"";"Кошелёк => Albali kart"		
2025-08-23;"20.0";"";"azn";"";"";"";"";"ABB kart Samira => Albali kart"		
2025-08-23;"-40.0";"";"azn";"Платный софт";"40 plc lab";"Кошелёк";"Резервы";""		
2025-08-23;"-28.0";"-25.0";"azn";"Продукты";"28";"ASB kart";"Резервы";""		
2025-08-23;"31.0";"";"azn";"";"";"";"";"Кошелёк => ASB kart"		
2025-08-23;"-5.0";"";"azn";"Продукты";"5";"Кошелёк";"Резервы";""		
2025-08-22;"-25.0";"-25.0";"azn";"Автомобиль / Бензин";"25";"ASB kart";"Резервы";""		
2025-08-21;"-10.0";"";"azn";"Продукты";"10";"Кошелёк";"Резервы";""		
2025-08-21;"-6.0";"-6.0";"azn";"Платный софт";"6 Yandex Music";"ASB kart";"Резервы";""		
2025-08-21;"-8.7";"-25.0";"azn";"Продукты";"8.7";"ASB kart";"Резервы";""		
2025-08-21;"-3.0";"";"azn";"Интернет и связь";"3 Samira";"ABB kart Samira";"Резервы";""		
2025-08-21;"-8.0";"";"azn";"Продукты";"8";"Кошелёк";"Резервы";""		
2025-08-21;"-4.2";"";"azn";"Продукты";"4.2";"ABB kart Samira";"Резервы";""		
2025-08-20;"-5.0";"";"azn";"Продукты";"5";"Кошелёк";"Резервы";""		
2025-08-20;"-10.0";"";"azn";"Продукты";"10";"ASB kart";"Резервы";""		
2025-08-19;"-32.0";"-25.0";"azn";"Продукты";"32";"ASB kart";"Резервы";""		
2025-08-19;"-34.0";"";"azn";"Автомобиль / Бензин";"34";"ASB kart";"Резервы";""		
2025-08-18;"-16.0";"";"azn";"Продукты";"16";"Кошелёк";"Резервы";""		
2025-08-18;"-11.0";"";"azn";"Гигиена и красота";"11";"Albali kart";"Резервы";""		
2025-08-18;"-10.0";"";"azn";"Продукты";"10";"Albali kart";"Резервы";""		
2025-08-18;"-9.0";"";"azn";"Продукты";"9";"Кошелёк";"Резервы";""		
2025-08-17;"-8.62";"";"azn";"Медицина / Лекарства";"8.62";"ASB kart";"Резервы";""		
2025-08-17;"-52.0";"";"azn";"Кафе	 ресторан";"35 15 2";"Кошелёк";"Резервы";""	
2025-08-17;"-3.0";"-20.0";"azn";"Ребенок / Траты";"3";"Кошелёк";"Резервы";""		
2025-08-17;"145.0";"";"azn";"";"";"";"";"ASB kart => Кошелёк"		
2025-08-16;"-10.4";"-25.0";"azn";"Продукты";"10.4";"Кошелёк";"Резервы";""		
2025-08-16;"-18.0";"";"azn";"Дом";"18";"Кошелёк";"Резервы";""		
2025-08-16;"-3.6";"";"azn";"Продукты";"2 1.6";"ASB kart";"Резервы";""		
2025-08-16;"-8.0";"";"azn";"Автомобиль / Мойка";"8";"Кошелёк";"Резервы";""		
2025-08-16;"15.0";"";"azn";"";"";"";"";"ABB kart Samira => Кошелёк"		
2025-08-16;"-7.5";"";"azn";"Продукты";"7.5";"ASB kart";"Резервы";""		
2025-08-16;"-25.0";"";"azn";"Ребенок";"25 терапевт";"ASB kart";"Резервы";""		
2025-08-16;"-44.0";"";"azn";"Медицина / Лекарства";"44";"ASB kart";"Резервы";""		
2025-08-15;"-4.0";"-4.0";"azn";"Развлечения и хобби";"4 futbol";"Кошелёк";"Резервы";""		
2025-08-15;"-25.0";"-25.0";"azn";"Автомобиль / Бензин";"25";"ASB kart";"Резервы";""		
2025-08-15;"-29.0";"";"azn";"Автомобиль";"29 avto sigorta";"Кошелёк";"Резервы";""		
2025-08-14;"-67.5";"-40.0";"azn";"Ком. услуги / Электроэнергия";"67.5";"ASB kart";"Резервы";""		
2025-08-14;"-27.0";"-25.0";"azn";"Продукты";"27";"ASB kart";"Резервы";""		
2025-08-14;"-20.0";"";"azn";"Подарки";"20 техничке";"Кошелёк";"Резервы";""		
2025-08-14;"-7.3";"";"azn";"Медицина / Лекарства";"7.3";"ASB kart";"Резервы";""		
2025-08-14;"-60.0";"";"azn";"Одежда и обувь";"60 очки";"Кошелёк";"Резервы";""		
2025-08-14;"595.0";"";"azn";"";"";"";"";"ASB kart => Кошелёк"		
2025-08-14;"-27.0";"";"azn";"Медицина / Лечение";"27 анализы";"Albali kart";"Резервы";""		
2025-08-14;"-15.0";"";"azn";"Транспорт";"15";"Кошелёк";"Резервы";""		
2025-08-14;"-2.0";"";"azn";"Продукты";"2";"Кошелёк";"Резервы";""		
2025-08-13;"-5.0";"";"azn";"Ребенок / Траты";"5";"Кошелёк";"Резервы";""		
2025-08-13;"50.0";"";"azn";"";"";"";"";"ASB kart => Кошелёк"		
2025-08-13;"183.0";"";"azn";"";"";"";"";"Albali kart => Albali кредитная карта"		
2025-08-13;"60.0";"";"azn";"";"";"";"";"ASB kart => Albali kart"		
2025-08-13;"140.0";"";"azn";"";"";"";"";"ABB kart Samira => Albali kart"		
2025-08-13;"-39.0";"";"azn";"Медицина / Лекарства";"39";"ASB kart";"Резервы";""		
2025-08-12;"-20.0";"-25.0";"azn";"Продукты";"20";"ASB kart";"Резервы";""		
2025-08-12;"-5.0";"";"azn";"Транспорт";"5";"Кошелёк";"Резервы";""		
2025-08-12;"-14.52";"";"azn";"Медицина / Лекарства";"14.52";"ASB kart";"Резервы";""		
2025-08-12;"-100.0";"";"azn";"Медицина";"50 узи 50 гинеколог";"ASB kart";"Резервы";""		
2025-08-12;"-5.0";"";"azn";"Кафе	 ресторан";"5";"Кошелёк";"Резервы";""	
2025-08-11;"-2.0";"";"azn";"Транспорт";"2";"Albali kart";"Резервы";""		
2025-08-11;"-19.0";"-10.0";"azn";"Ком. услуги / Вода";"19";"ASB kart";"Резервы";""		
2025-08-11;"-500.0";"-500.0";"azn";"Ребенок / Терапия";"500 детский садик и терапия";"Кошелёк";"Резервы";""		
2025-08-11;"-29.0";"";"azn";"Автомобиль";"29 страховка авто";"Albali кредитная карта";"Резервы";""		
2025-08-10;"-6.0";"-20.0";"azn";"Ребенок / Траты";"6";"Кошелёк";"Резервы";""		
2025-08-10;"-30.0";"";"azn";"Кафе	 ресторан";"30 Омар озеро";"Кошелёк";"Резервы";""	
2025-08-10;"-8.5";"";"azn";"Продукты";"8.5";"Кошелёк";"Резервы";""		
2025-08-10;"-3.0";"";"azn";"Медицина / Лекарства";"3";"ASB kart";"Резервы";""		
2025-08-09;"393.0";"393.0";"azn";"Пенсия Самира";"393";"ABB kart Samira";"Резервы";""		
2025-08-09;"-36.0";"-25.0";"azn";"Продукты";"36";"ASB kart";"Резервы";""		
2025-08-09;"-11.0";"";"azn";"Продукты";"11";"ASB kart";"Резервы";""		
2025-08-09;"-5.0";"";"azn";"Подарки";"5";"Кошелёк";"Резервы";""		
2025-08-09;"-20.0";"";"azn";"Продукты";"20";"Кошелёк";"Резервы";""		
2025-08-08;"-4.0";"-4.0";"azn";"Развлечения и хобби";"4 futbol";"Кошелёк";"Резервы";""		
2025-08-08;"-25.0";"-25.0";"azn";"Автомобиль / Бензин";"25";"ASB kart";"Резервы";""		
2025-08-08;"-5.6";"-5.6";"azn";"Платный софт";"5.6 ticktick";"Albali кредитная карта";"Резервы";""		
2025-08-08;"95.0";"";"azn";"";"";"";"";"ASB kart => Кошелёк"		
2025-08-07;"-32.0";"-16.0";"azn";"Ком. услуги / Квартира";"32";"Кошелёк";"Резервы";""		
2025-08-07;"-8.0";"-25.0";"azn";"Продукты";"8";"ASB kart";"Резервы";""		
2025-08-07;"-7.0";"";"azn";"Продукты";"7";"Кошелёк";"Резервы";""		
2025-08-07;"-10.0";"";"azn";"Продукты";"10";"Albali kart";"Резервы";""		
2025-08-06;"21.0";"";"azn";"";"";"";"";"Albali кредитная карта => Albali kart"		
2025-08-06;"227.0";"";"azn";"";"";"";"";"Резервы => ХаниМани"		
2025-08-05;"-25.0";"-25.0";"azn";"Платный софт";"25 Notion";"ASB kart";"Резервы";""		
2025-08-05;"-24.33";"-25.0";"azn";"Продукты";"11.33 13";"ASB kart";"Резервы";""		
2025-08-05;"-3.0";"";"azn";"Продукты";"3";"Кошелёк";"Резервы";""		
2025-08-05;"-1.0";"";"azn";"Продукты";"1";"Кошелёк";"Резервы";""		
2025-08-05;"-11.0";"";"azn";"Продукты";"11";"Кошелёк";"Резервы";""		
2025-08-05;"50.0";"";"azn";"";"";"";"";"Albali кредитная карта => Лотерея"		
2025-08-04;"265.0";"265.0";"azn";"Зарплата Ильгар";"265";"Страхование жизни";"Страхование жизни";""		
2025-08-04;"50.0";"50.0";"azn";"";"";"";"";"Albali кредитная карта => Лотерея"		
2025-08-04;"2324.0";"2000.0";"azn";"Зарплата Ильгар";"2324";"ASB kart";"Резервы";""		
2025-08-04;"-10.0";"";"azn";"Медицина / Лечение";"10";"Кошелёк";"Резервы";""		
2025-08-03;"-20.0";"-25.0";"azn";"Автомобиль / Бензин";"20";"Кошелёк";"Резервы";""		
2025-08-03;"-6.4";"";"azn";"Продукты";"6.4";"Кошелёк";"Резервы";""		
2025-08-03;"-10.0";"";"azn";"Продукты";"10";"Кошелёк";"Резервы";""		
2025-08-03;"-20.0";"";"azn";"Кафе	 ресторан";"20 беседка на пляже";"Кошелёк";"Резервы";""	
2025-08-03;"-20.0";"-20.0";"azn";"Ребенок / Одежда";"20 обувь";"Кошелёк";"Резервы";""		
2025-08-02;"-21.0";"";"azn";"Гигиена и красота";"21";"Albali kart";"Резервы";""		
2025-08-02;"-48.0";"-25.0";"azn";"Продукты";"48";"ASB kart";"Резервы";""		
2025-08-02;"-39.3";"";"azn";"Продукты";"39.3";"ASB kart";"Резервы";""		
2025-08-01;"-4.0";"-4.0";"azn";"Развлечения и хобби";"4 futbol";"Кошелёк";"Резервы";""		
2025-08-01;"-17.5";"";"azn";"Продукты";"17.5";"ASB kart";"Резервы";""		
2025-08-01;"20.0";"";"azn";"";"";"";"";"Albali кредитная карта => Albali kart"		
2025-08-01;"-17.0";"";"azn";"Продукты";"17";"ASB kart";"Резервы";""		
2025-07-31;"-6.0";"-8.0";"azn";"Интернет и связь";"3 3 Ильгар Самира";"Albali кредитная карта";"Резервы";""		
2025-07-31;"45.0";"";"azn";"";"";"";"";"ASB kart => Кошелёк"		
2025-07-31;"-2.0";"";"azn";"Продукты";"2";"Кошелёк";"Резервы";""		
2025-07-31;"-20.0";"-25.0";"azn";"Продукты";"20";"ASB kart";"Резервы";""		
2025-07-31;"-25.0";"-25.0";"azn";"Интернет и связь";"25 ailenet";"Albali кредитная карта";"Резервы";""		
2025-07-30;"-27.0";"";"azn";"Продукты";"27";"ASB kart";"Резервы";""		
2025-07-30;"70.0";"";"azn";"";"";"";"";"ABB kart Samira => Кошелёк"		
2025-07-29;"-44.1";"-25.0";"azn";"Продукты";"2.1 10 32";"ASB kart";"Резервы";""		
2025-07-29;"-10.0";"";"azn";"Продукты";"10";"Кошелёк";"Резервы";""		
2025-07-29;"-6.0";"";"azn";"Продукты";"6";"Кошелёк";"Резервы";""		
2025-07-28;"-40.0";"";"azn";"Платный софт";"40 chatgpt";"Albali kart";"Резервы";""		
2025-07-28;"-6.0";"";"azn";"Дом";"6";"Кошелёк";"Резервы";""		
2025-07-28;"-6.0";"";"azn";"Ребенок";"6";"Кошелёк";"Резервы";""		
2025-07-28;"40.0";"";"azn";"";"";"";"";"ABB kart Samira => Albali kart"		
2025-07-27;"-8.0";"-20.0";"azn";"Ребенок / Траты";"8";"Кошелёк";"Резервы";""		
2025-07-27;"15.0";"";"azn";"Проценты и бонусы";"15";"Albali kart";"Резервы";""		
2025-07-27;"-4.0";"";"azn";"Продукты";"4";"Albali kart";"Резервы";""		
2025-07-27;"-3.0";"";"azn";"Интернет и связь";"3 samira";"Albali kart";"Резервы";""		
2025-07-27;"-2.0";"";"azn";"Продукты";"2";"Albali kart";"Резервы";""		
2025-07-27;"-20.0";"";"azn";"Продукты";"20";"Кошелёк";"Резервы";""		
2025-07-27;"-45.0";"";"azn";"Гигиена и красота";"45 салон";"Кошелёк";"Резервы";""		
2025-07-27;"-30.0";"";"azn";"Продукты";"30";"ASB kart";"Резервы";""		
2025-07-27;"-21.6";"";"azn";"Ребенок";"21.6 витамины";"ASB kart";"Резервы";""		
2025-07-27;"-10.5";"";"azn";"Дом";"10.5";"ASB kart";"Резервы";""		
2025-07-26;"95.0";"";"azn";"";"";"";"";"ASB kart => Кошелёк"		
2025-07-26;"-31.0";"-25.0";"azn";"Продукты";"16 15";"ASB kart";"Резервы";""		
2025-07-26;"-3.0";"";"azn";"Подарки";"3 Elxana";"Кошелёк";"Резервы";""		
2025-07-26;"-95.0";"";"azn";"Автомобиль / Запчасти";"95";"ASB kart";"Резервы";""		
2025-07-26;"-5.0";"";"azn";"Интернет и связь";"5 ilqar";"Albali kart";"Резервы";""		
2025-07-26;"-10.0";"";"azn";"Подарки";"10";"ASB kart";"Резервы";""		
2025-07-26;"-7.0";"";"azn";"Продукты";"7";"Кошелёк";"Резервы";""		
2025-07-25;"-35.0";"-25.0";"azn";"Автомобиль / Бензин";"35";"ASB kart";"Резервы";""		
2025-07-25;"-10.0";"";"azn";"Продукты";"10";"Кошелёк";"Резервы";""		
2025-07-25;"-10.0";"";"azn";"Дом";"10";"Albali kart";"Резервы";""		
2025-07-25;"-5.0";"-4.0";"azn";"Развлечения и хобби";"5 futbol";"Кошелёк";"Резервы";""		
2025-07-25;"-15.0";"";"azn";"Ребенок";"15 в садик";"Кошелёк";"Резервы";""		
2025-07-25;"10.0";"";"azn";"Проценты и бонусы";"10 edv";"Albali kart";"Резервы";""		
2025-07-24;"-19.2";"-25.0";"azn";"Продукты";"7.2 12";"ASB kart";"Резервы";""		
2025-07-23;"-7.35";"";"azn";"Продукты";"7.35";"Albali kart";"Резервы";""		
2025-07-23;"-29.0";"";"azn";"Ребенок";"29 витамины";"ASB kart";"Резервы";""		
2025-07-22;"-27.130000000000003";"-25.0";"azn";"Продукты";"7 10 10.13";"ASB kart";"Резервы";""		
2025-07-22;"-5.5";"";"azn";"Продукты";"5.5";"Кошелёк";"Резервы";""		
2025-07-22;"-3.0";"";"azn";"Интернет и связь";"3 ilqar azercell";"Albali kart";"Резервы";""		
2025-07-21;"7.0";"";"azn";"";"";"";"";"Кошелёк => ASB kart"		
2025-07-21;"-80.0";"-100.0";"azn";"Одежда и обувь";"15 65";"Кошелёк";"Резервы";""		
2025-07-21;"-6.0";"-6.0";"azn";"Платный софт";"6 Yandex Music";"ASB kart";"Резервы";""		
2025-07-21;"-4.0";"";"azn";"Гигиена и красота";"4";"ASB kart";"Резервы";""		
2025-07-20;"-2.0";"-20.0";"azn";"Ребенок / Траты";"2";"Кошелёк";"Резервы";""		
2025-07-19;"-50.0";"";"azn";"Подарки";"50 сын Лятифа из армии приехал";"Кошелёк";"Резервы";""		
2025-07-19;"-27.0";"-25.0";"azn";"Продукты";"27";"Кошелёк";"Резервы";""		
2025-07-19;"-40.0";"-80.0";"azn";"Подарки";"40 в деревню";"ASB kart";"Резервы";""		
2025-07-18;"145.0";"";"azn";"";"";"";"";"ASB kart => Кошелёк"		
2025-07-18;"-9.13";"";"azn";"Продукты";"9.13";"ASB kart";"Резервы";""		
2025-07-18;"-25.0";"-25.0";"azn";"Автомобиль / Бензин";"25";"ASB kart";"Резервы";""		
2025-07-18;"-4.0";"-4.0";"azn";"Развлечения и хобби";"4 futbol";"Кошелёк";"Резервы";""		
2025-07-17;"-5.7";"";"azn";"Гигиена и красота";"5.7";"Кошелёк";"Резервы";""		
2025-07-17;"-15.0";"-25.0";"azn";"Продукты";"15";"Кошелёк";"Резервы";""		
2025-07-15;"-51.0";"-75.0";"azn";"Подарки";"51 ребенку больного раком";"ABB kart Samira";"Резервы";""		
2025-07-15;"-12.0";"-25.0";"azn";"Продукты";"12";"Albali kart";"Резервы";""		
2025-07-15;"-1.5";"";"azn";"Продукты";"1.5";"ASB kart";"Резервы";""		
2025-07-15;"15.0";"";"azn";"Проценты и бонусы";"15 edv";"Albali kart";"Резервы";""		
2025-07-14;"-8.2";"";"azn";"Продукты";"8.2";"Кошелёк";"Резервы";""		
2025-07-14;"-16.63";"-40.0";"azn";"Ком. услуги / Электроэнергия";"16.63";"ASB kart";"Резервы";""		
2025-07-14;"-500.0";"-500.0";"azn";"Ребенок / Терапия";"500 детский садик и терапия";"Кошелёк";"Резервы";""		
2025-07-14;"-12.0";"-13.0";"azn";"Интернет и связь";"12 ilqar internet";"ABB kart Samira";"Резервы";""		
2025-07-14;"-2.0";"";"azn";"Продукты";"2";"ASB kart";"Резервы";""		
2025-07-13;"-6.0";"-20.0";"azn";"Ребенок / Траты";"6";"Кошелёк";"Резервы";""		
2025-07-13;"-15.0";"";"azn";"Продукты";"15";"Кошелёк";"Резервы";""		
2025-07-13;"545.0";"";"azn";"";"";"";"";"ASB kart => Кошелёк"		
2025-07-13;"-34.0";"";"azn";"Гигиена и красота";"34";"ABB kart Samira";"Резервы";""		
2025-07-13;"-5.1";"";"azn";"Продукты";"5.1";"ASB kart";"Резервы";""		
2025-07-12;"-46.0";"-25.0";"azn";"Продукты";"20 26";"ASB kart";"Резервы";""		
2025-07-12;"-7.0";"";"azn";"Продукты";"7";"Кошелёк";"Резервы";""		
2025-07-11;"-22.0";"";"azn";"Гигиена и красота";"22";"ABB kart Samira";"Резервы";""		
2025-07-11;"-4.0";"-4.0";"azn";"Развлечения и хобби";"4 futbol";"Кошелёк";"Резервы";""		
2025-07-11;"111.0";"";"azn";"";"";"";"";"ABB kart Samira => Albali кредитная карта"		
2025-07-11;"-25.0";"-25.0";"azn";"Автомобиль / Бензин";"25";"ASB kart";"Резервы";""		
2025-07-11;"-9.0";"-10.0";"azn";"Ком. услуги / Вода";"9";"ASB kart";"Резервы";""		
2025-07-10;"4.45";"";"azn";"";"";"";"";"Кошелёк => ASB kart"		
2025-07-10;"-4.0";"";"azn";"Гигиена и красота";"4";"ASB kart";"Резервы";""		
2025-07-10;"-40.15";"-25.0";"azn";"Продукты";"9 4 4.45 22.7";"ASB kart";"Резервы";""		
2025-07-10;"393.0";"393.0";"azn";"Пенсия Самира";"393";"ABB kart Samira";"Резервы";""		
2025-07-09;"-8.5";"";"azn";"Транспорт";"2 2 0.5 2 2";"Кошелёк";"Резервы";""		
2025-07-09;"-107.0";"";"azn";"Медицина / Лекарства";"107";"ASB kart";"Резервы";""		
2025-07-09;"-130.0";"";"azn";"Медицина / Лечение";"80 УЗИ	 50 гинеколог";"ASB kart";"Резервы";""	
2025-07-09;"4.0";"";"azn";"";"";"";"";"Кошелёк => ASB kart"		
2025-07-08;"4.2";"";"azn";"";"";"";"";"Albali kart => ASB kart"		
2025-07-08;"11.0";"";"azn";"";"";"";"";"Кошелёк => ASB kart"		
2025-07-08;"-28.2";"-25.0";"azn";"Продукты";"5 4.2 11 8";"ASB kart";"Резервы";""		
2025-07-08;"-5.6";"-5.6";"azn";"Платный софт";"5.6 ticktick";"Albali кредитная карта";"Резервы";""		
2025-07-07;"20.0";"";"azn";"";"";"";"";"ABB kart Samira => Albali kart"		
2025-07-07;"-14.6";"";"azn";"Продукты";"14.6";"Albali kart";"Резервы";""		
2025-07-07;"-3.0";"";"azn";"Интернет и связь";"3 samira";"ABB kart Samira";"Резервы";""		
2025-07-07;"-16.0";"-16.0";"azn";"Ком. услуги / Квартира";"16";"Кошелёк";"Резервы";""		
2025-07-06;"-14.0";"";"azn";"Продукты";"14";"Кошелёк";"Резервы";""		
2025-07-06;"-8.35";"";"azn";"Продукты";"8.35";"ASB kart";"Резервы";""		
2025-07-06;"-50.1";"-20.0";"azn";"Ребенок";"50.1";"ASB kart";"Резервы";""		
2025-07-05;"-5.55";"";"azn";"Гигиена и красота";"2.3 3.25";"ASB kart";"Резервы";""		
2025-07-05;"7.0";"";"azn";"";"";"";"";"Кошелёк => ASB kart"		
2025-07-05;"-38.3";"-25.0";"azn";"Продукты";"27.8 3.5 7";"ASB kart";"Резервы";""		
2025-07-05;"-25.0";"-25.0";"azn";"Платный софт";"25 Notion";"Albali кредитная карта";"Резервы";""		
2025-07-04;"-4.0";"-4.0";"azn";"Развлечения и хобби";"4 futbol";"Кошелёк";"Резервы";""		
2025-07-04;"-58.2";"-60.0";"azn";"Медицина / Лекарства";"58.2 Финлипсал Эпинекс и Бисогамма";"ASB kart";"Резервы";""		
2025-07-04;"-25.0";"-25.0";"azn";"Автомобиль / Бензин";"25";"ASB kart";"Резервы";""		
2025-07-04;"50.0";"50.0";"azn";"";"";"";"";"Albali кредитная карта => Лотерея"		
2025-07-03;"-11.0";"";"azn";"Транспорт";"11";"Кошелёк";"Резервы";""		
2025-07-03;"-90.0";"";"azn";"Подарки";"90 часы маме на день рождения";"ASB kart";"Резервы";""		
2025-07-03;"-30.0";"";"azn";"Ребенок";"30 у врача";"Albali kart";"Резервы";""		
2025-07-03;"-23.0";"";"azn";"Ребенок";"23 лекарства";"ASB kart";"Резервы";""		
2025-07-03;"195.0";"";"azn";"";"";"";"";"ASB kart => Кошелёк"		
2025-07-03;"-30.0";"";"azn";"Подарки";"5 25 цветок и торт маме на день рождения";"Кошелёк";"Резервы";""		
2025-07-03;"30.0";"";"azn";"";"";"";"";"Albali кредитная карта => Albali kart"		
2025-07-03;"-23.0";"-25.0";"azn";"Продукты";"23";"ASB kart";"Резервы";""		
2025-07-02;"2265.0";"2000.0";"azn";"Зарплата Ильгар";"2265";"ASB kart";"Резервы";""		
2025-07-02;"265.0";"265.0";"azn";"Зарплата Ильгар";"265";"Страхование жизни";"Страхование жизни";""		
2025-07-01;"4.0";"";"azn";"";"";"";"";"Кошелёк => ASB kart"		
2025-07-01;"-24.6";"-25.0";"azn";"Продукты";"8.6 4 12";"ASB kart";"Резервы";""		
2025-07-01;"12.0";"";"azn";"";"";"";"";"Кошелёк => ASB kart"		
2025-06-30;"5.0";"";"azn";"";"";"";"";"Albali kart => Albali кредитная карта"		
2025-06-30;"-50.0";"";"azn";"Подарки";"50 Mehrab yas";"Кошелёк";"Резервы";""		
2025-06-30;"-7.0";"-8.0";"azn";"Интернет и связь";"4 3 Ильгар Самира";"ABB kart Samira";"Резервы";""		
2025-06-30;"-25.0";"-25.0";"azn";"Интернет и связь";"25 ailenet";"Albali kart";"Резервы";""		
2025-06-29;"100.0";"";"azn";"";"";"";"";"ХаниМани => Лотерея"		
2025-06-29;"-9.0";"-20.0";"azn";"Ребенок / Траты";"9";"ASB kart";"Резервы";""		
2025-06-28;"-5.0";"-25.0";"azn";"Продукты";"5";"Кошелёк";"Резервы";""		
2025-06-27;"-23.0";"-25.0";"azn";"Автомобиль / Бензин";"23";"ASB kart";"Резервы";""		
2025-06-26;"-61.0";"";"azn";"Подарки";"32 29 в деревню";"ASB kart";"Резервы";""		
2025-06-26;"-18.0";"";"azn";"Подарки";"18 в деревню";"Кошелёк";"Резервы";""		
2025-06-26;"45.0";"";"azn";"";"";"";"";"ASB kart => Кошелёк"		
2025-06-25;"-220.0";"";"azn";"Ребенок / Терапия";"120 психотерапевт	 100 ЭКГ";"ASB kart";"Резервы";""	
2025-06-25;"-6.0";"";"azn";"Транспорт";"6";"Кошелёк";"Резервы";""		
2025-06-25;"-10.0";"";"azn";"Подарки";"10";"Кошелёк";"Резервы";""		
2025-06-24;"-12.0";"-25.0";"azn";"Продукты";"12";"ASB kart";"Резервы";""		
2025-06-23;"-31.0";"";"azn";"Продукты";"3 28";"Кошелёк";"Резервы";""		
2025-06-23;"-11.0";"";"azn";"Дом";"11";"ABB kart Samira";"Резервы";""		
2025-06-22;"-25.0";"";"azn";"Продукты";"25";"Кошелёк";"Резервы";""		
2025-06-22;"-3.0";"";"azn";"Интернет и связь";"3 Ильгар";"ASB kart";"Резервы";""		
2025-06-22;"-7.0";"";"azn";"Продукты";"7";"ASB kart";"Резервы";""		
2025-06-22;"-102.0";"-25.0";"azn";"Кафе	 ресторан";"102";"ASB kart";"Резервы";""	
2025-06-21;"-8.0";"";"azn";"Подарки";"8";"Кошелёк";"Резервы";""		
2025-06-21;"-11.7";"";"azn";"Продукты";"4.7 7";"Кошелёк";"Резервы";""		
2025-06-21;"4.0";"";"azn";"";"";"";"";"Кошелёк => ASB kart"		
2025-06-21;"-42.0";"-100.0";"azn";"Одежда и обувь";"28 14";"Кошелёк";"Резервы";""		
2025-06-21;"-34.22";"-25.0";"azn";"Продукты";"17 7.7 4 5.52";"ASB kart";"Резервы";""		
2025-06-21;"-6.0";"-6.0";"azn";"Платный софт";"6 Yandex Music";"ASB kart";"Резервы";""		
2025-06-20;"-5.0";"";"azn";"Медицина / Лекарства";"5";"ASB kart";"Резервы";""		
2025-06-20;"-42.21";"";"azn";"Одежда и обувь";"6.8 11.76 5.51 14.63 3.51";"Albali kart";"Резервы";""		
2025-06-20;"-10.34";"";"azn";"Дом";"5.58 4.76 потенциометры";"Albali kart";"Резервы";""		
2025-06-20;"-4.0";"-4.0";"azn";"Развлечения и хобби";"4 futbol";"Кошелёк";"Резервы";""		
2025-06-20;"-25.0";"-25.0";"azn";"Автомобиль / Бензин";"25";"ASB kart";"Резервы";""		
2025-06-19;"-5.2";"";"azn";"Продукты";"5.2";"Кошелёк";"Резервы";""		
2025-06-19;"8.0";"";"azn";"";"";"";"";"Кошелёк => ASB kart"		
2025-06-19;"-83.0";"-80.0";"azn";"Подарки";"40 bibiler ucun 18 25";"Кошелёк";"Резервы";""		
2025-06-19;"-36.3";"-25.0";"azn";"Продукты";"16.3 20";"ASB kart";"Резервы";""		
2025-06-17;"-5.0";"";"azn";"Медицина / Лекарства";"5";"ASB kart";"Резервы";""		
2025-06-17;"-37.0";"-25.0";"azn";"Продукты";"37";"ASB kart";"Резервы";""		
2025-06-16;"95.0";"";"azn";"";"";"";"";"ASB kart => Кошелёк"		
2025-06-15;"-11.4";"";"azn";"Дом";"11.4 Фильтры для воды";"ASB kart";"Резервы";""		
2025-06-15;"-19.0";"-75.0";"azn";"Подарки";"19";"ASB kart";"Резервы";""		
2025-06-15;"-10.5";"-20.0";"azn";"Ребенок / Траты";"2.5 2.5 5.5";"Кошелёк";"Резервы";""		
2025-06-15;"-37.5";"-100.0";"azn";"Гигиена и красота";"28.5 9";"ASB kart";"Резервы";""		
2025-06-14;"-11.1";"";"azn";"Продукты";"1.5 5.6 4";"ASB kart";"Резервы";""		
2025-06-14;"-32.2";"-40.0";"azn";"Ком. услуги / Электроэнергия";"32.2";"ASB kart";"Резервы";""		
2025-06-14;"-16.0";"-25.0";"azn";"Продукты";"13 3";"Кошелёк";"Резервы";""		
2025-06-14;"-12.0";"-13.0";"azn";"Интернет и связь";"12 ilqar internet";"ASB kart";"Резервы";""		
2025-06-13;"-4.0";"-4.0";"azn";"Развлечения и хобби";"4 futbol";"Кошелёк";"Резервы";""		
2025-06-13;"-30.0";"-25.0";"azn";"Автомобиль / Бензин";"30";"ASB kart";"Резервы";""		
2025-06-13;"-11.0";"";"azn";"Транспорт";"11";"Кошелёк";"Резервы";""		
2025-06-13;"-16.0";"";"azn";"Подарки";"16 Orxan operator yas";"ABB kart Samira";"Резервы";""		
2025-06-12;"-1.5";"";"azn";"Гигиена и красота";"1.5";"ASB kart";"Резервы";""		
2025-06-12;"-22.560000000000002";"-25.0";"azn";"Продукты";"14.56 5 3";"ASB kart";"Резервы";""		
2025-06-11;"5.0";"";"azn";"";"";"";"";"Кошелёк => ASB kart"		
2025-06-11;"-500.0";"-500.0";"azn";"Ребенок / Терапия";"500 детский садик и терапия";"Кошелёк";"Резервы";""		
2025-06-11;"-11.0";"-10.0";"azn";"Ком. услуги / Вода";"11";"ASB kart";"Резервы";""		
2025-06-10;"-18.6";"";"azn";"Продукты";"18.6";"Кошелёк";"Резервы";""		
2025-06-10;"-52.0";"-25.0";"azn";"Продукты";"52";"ASB kart";"Резервы";""		
2025-06-09;"-28.0";"";"azn";"Ребенок / Одежда";"13 15";"Кошелёк";"Резервы";""		
2025-06-09;"695.0";"";"azn";"";"";"";"";"ASB kart => Кошелёк"		
2025-06-09;"80.0";"";"azn";"";"";"";"";"Кошелёк => Albali kart"		
2025-06-09;"393.0";"393.0";"azn";"Пенсия Самира";"393";"ABB kart Samira";"Резервы";""		
2025-06-08;"-3.0";"";"azn";"Интернет и связь";"3 ilqar";"ASB kart";"Резервы";""		
2025-06-08;"-51.0";"";"azn";"Гигиена и красота";"51 faberlic";"ABB kart Samira";"Резервы";""		
2025-06-08;"-40.0";"-80.0";"azn";"Ребенок / Одежда";"40";"Кошелёк";"Резервы";""		
2025-06-08;"-5.6";"-5.6";"azn";"Платный софт";"5.6 ticktick";"Albali кредитная карта";"Резервы";""		
2025-06-07;"-13.0";"-16.0";"azn";"Ком. услуги / Квартира";"13";"Кошелёк";"Резервы";""		
2025-06-07;"-26.0";"";"azn";"Кафе	 ресторан";"26";"Кошелёк";"Резервы";""	
2025-06-07;"-20.0";"";"azn";"Подарки";"20";"Кошелёк";"Резервы";""		
2025-06-06;"-44.0";"-25.0";"azn";"Автомобиль / Бензин";"44";"ASB kart";"Резервы";""		
2025-06-05;"220.0";"";"azn";"";"";"";"";"ABB kart Samira => Albali кредитная карта"		
2025-06-05;"5.0";"";"azn";"";"";"";"";"ASB kart => Кошелёк"		
2025-06-05;"145.0";"";"azn";"";"";"";"";"ASB kart => Кошелёк"		
2025-06-05;"50.0";"";"azn";"";"";"";"";"ABB kart Samira => Лотерея"		
2025-06-05;"-26.0";"-25.0";"azn";"Продукты";"12 9 5";"Кошелёк";"Резервы";""		
2025-06-05;"-25.0";"-25.0";"azn";"Платный софт";"25 Notion";"Albali кредитная карта";"Резервы";""		
2025-06-04;"50.0";"50.0";"azn";"";"";"";"";"ABB kart Samira => Лотерея"		
2025-06-04;"7.0";"";"azn";"";"";"";"";"Кошелёк => Кошелек Самира"		
2025-06-04;"195.0";"";"azn";"";"";"";"";"ASB kart => Кошелёк"		
2025-06-04;"-22.18";"";"azn";"Гигиена и красота";"1.95 3.38 7.25 9.6";"ASB kart";"Резервы";""		
2025-06-04;"-145.0";"-60.0";"azn";"Медицина / Лекарства";"145 Финлипсал Эпинекс и Бисогамма Самира беременность";"ASB kart";"Резервы";""		
2025-06-03;"-3.0";"";"azn";"Интернет и связь";"3 Ильгар";"Albali kart";"Резервы";""		
2025-06-03;"23.0";"";"azn";"";"";"";"";"ASB kart => Кошелек Самира"		
2025-06-03;"-32.0";"-25.0";"azn";"Продукты";"2 7 23";"Кошелек Самира";"Резервы";""		
2025-06-03;"-1.0";"-5.0";"azn";"Проценты и бонусы";"1";"ABB kart Samira";"Резервы";""		
2025-06-02;"-5.3";"";"azn";"Транспорт";"5.3";"Кошелёк";"Резервы";""		
2025-06-02;"-3.0";"";"azn";"Кафе	 ресторан";"3";"Кошелёк";"Резервы";""	
2025-06-02;"-50.0";"";"azn";"Медицина / Лечение";"50 гинеколог";"Albali кредитная карта";"Резервы";""		
2025-06-02;"-0.7";"";"azn";"Продукты";"0.7";"ABB kart Samira";"Резервы";""		
2025-06-01;"-20.0";"";"azn";"Кафе	 ресторан";"20";"Кошелёк";"Резервы";""	
2025-06-01;"2325.0";"2000.0";"azn";"Зарплата Ильгар";"2325";"ASB kart";"Резервы";""		
2025-06-01;"-15.0";"-20.0";"azn";"Ребенок / Траты";"15";"Кошелёк";"Резервы";""		
2025-06-01;"265.0";"265.0";"azn";"Зарплата Ильгар";"265";"Страхование жизни";"Страхование жизни";""		
2025-05-31;"229.0";"";"azn";"";"";"";"";"Резервы => ХаниМани"		
2025-05-31;"25.0";"";"azn";"";"";"";"";"Albali кредитная карта => Кошелёк"		
2025-05-31;"-6.0";"-8.0";"azn";"Интернет и связь";"3 3 Ильгар Самира";"Albali кредитная карта";"Резервы";""		
2025-05-31;"-25.0";"-25.0";"azn";"Интернет и связь";"25 ailenet";"Albali кредитная карта";"Резервы";""		
2025-05-31;"-25.0";"-25.0";"azn";"Продукты";"25";"Albali кредитная карта";"Резервы";""		
2025-05-30;"11.0";"";"azn";"";"";"";"";"Кошелёк => ASB kart"		
2025-05-30;"-4.0";"-4.0";"azn";"Развлечения и хобби";"4 futbol";"Кошелёк";"Резервы";""		
2025-05-29;"-30.0";"-30.0";"azn";"Платный софт";"30 honemoney";"Albali кредитная карта";"Резервы";""		
2025-05-29;"-10.0";"-25.0";"azn";"Продукты";"10";"Кошелёк";"Резервы";""		
2025-05-28;"-18.0";"";"azn";"Продукты";"18";"Кошелёк";"Резервы";""		
2025-05-28;"-9.0";"";"azn";"Медицина / Лекарства";"9";"Кошелёк";"Резервы";""		
2025-05-28;"15.0";"";"azn";"";"";"";"";"ASB kart => Кошелёк"		
2025-05-27;"-28.3";"-25.0";"azn";"Продукты";"4.3 24";"ASB kart";"Резервы";""		
2025-05-27;"-25.0";"";"azn";"Кафе	 ресторан";"25";"Кошелёк";"Резервы";""	
2025-05-26;"-2.7";"";"azn";"Продукты";"2.7";"ABB kart Samira";"Резервы";""		
2025-05-25;"20.0";"";"azn";"";"";"";"";"Кошелек Самира => Кошелёк"		
2025-05-25;"8.0";"";"azn";"";"";"";"";"ASB kart => ABB kart Samira"		
2025-05-25;"-9.0";"-20.0";"azn";"Ребенок / Траты";"5 4";"Кошелёк";"Резервы";""		
2025-05-24;"-14.0";"";"azn";"Ребенок";"14 анализы";"ABB kart Samira";"Резервы";""		
2025-05-24;"-18.5";"-25.0";"azn";"Продукты";"3.5 15";"ABB kart Samira";"Резервы";""		
2025-05-23;"-4.0";"-4.0";"azn";"Развлечения и хобби";"4 futbol";"Кошелёк";"Резервы";""		
2025-05-23;"-15.0";"-25.0";"azn";"Автомобиль / Бензин";"15";"ABB kart Samira";"Резервы";""		
2025-05-22;"-3.0";"";"azn";"Интернет и связь";"3 Самира";"ABB kart Samira";"Резервы";""		
2025-05-22;"45.0";"";"azn";"";"";"";"";"ABB kart Samira => Кошелёк"		
2025-05-22;"-7.0";"-25.0";"azn";"Продукты";"7";"ABB kart Samira";"Резервы";""		
2025-05-22;"-20.0";"-25.0";"azn";"Кафе	 ресторан";"20 с автоматиками";"Кошелёк";"Резервы";""	
2025-05-21;"-13.0";"";"azn";"Транспорт";"13";"Кошелёк";"Резервы";""		
2025-05-21;"-30.0";"";"azn";"Ребенок";"30 к врачу";"ABB kart Samira";"Резервы";""		
2025-05-21;"-58.0";"-100.0";"azn";"Одежда и обувь";"30 обувь Ильгар	 28 кофта Самира";"Кошелёк";"Резервы";""	
2025-05-21;"-6.0";"-6.0";"azn";"Платный софт";"6 Yandex Music";"ASB kart";"Резервы";""		
2025-05-20;"-11.0";"-25.0";"azn";"Продукты";"9 2";"Кошелёк";"Резервы";""		
2025-05-18;"-36.5";"";"azn";"Автомобиль";"36.5 Штраф";"ASB kart";"Резервы";""		
2025-05-18;"4.0";"";"azn";"";"";"";"";"ABB kart Samira => Кошелёк"		
2025-05-18;"-7.0";"-20.0";"azn";"Ребенок / Траты";"7";"Кошелёк";"Резервы";""		
2025-05-17;"-116.0";"";"azn";"Ребенок";"116 На анализы";"ABB kart Samira";"Резервы";""		
2025-05-17;"-18.0";"-25.0";"azn";"Продукты";"14 4";"Кошелёк";"Резервы";""		
2025-05-16;"-4.0";"-4.0";"azn";"Развлечения и хобби";"4 futbol";"Кошелёк";"Резервы";""		
2025-05-16;"-25.0";"-25.0";"azn";"Автомобиль / Бензин";"25";"ABB kart Samira";"Резервы";""		
2025-05-15;"-15.0";"";"azn";"Транспорт";"15";"Кошелёк";"Резервы";""		
2025-05-15;"-28.0";"";"azn";"Интернет и связь";"15 10 3 Ильгар";"Albali кредитная карта";"Резервы";""		
2025-05-15;"-20.0";"-25.0";"azn";"Продукты";"20";"ABB kart Samira";"Резервы";""		
2025-05-15;"-10.0";"-100.0";"azn";"Гигиена и красота";"10";"Кошелек Самира";"Резервы";""		
2025-05-14;"-72.0";"";"azn";"Медицина / Лекарства";"72 Для Самиры";"ABB kart Samira";"Резервы";""		
2025-05-14;"-5.0";"";"azn";"Дом";"5";"ASB kart";"Резервы";""		
2025-05-14;"-14.0";"";"azn";"Транспорт";"14";"Кошелек Самира";"Резервы";""		
2025-05-14;"-1010.0";"-1000.0";"azn";"Медицина / Лечение";"1010 тесты и анализы для выявления болезней ребенка.";"ASB kart";"Резервы";""		
2025-05-14;"-35.65";"-40.0";"azn";"Ком. услуги / Электроэнергия";"35.65";"ASB kart";"Резервы";""		
2025-05-13;"-1.6";"";"azn";"Дом";"1.6";"ABB kart Samira";"Резервы";""		
2025-05-13;"500.0";"";"azn";"";"";"";"";"ASB kart => Кошелёк"		
2025-05-13;"-4.9";"";"azn";"Продукты";"4.9";"Кошелек Самира";"Резервы";""		
2025-05-13;"5.0";"";"azn";"";"";"";"";"ABB kart Samira => ASB kart"		
2025-05-13;"-22.0";"-25.0";"azn";"Продукты";"17 5";"ASB kart";"Резервы";""		
2025-05-12;"-28.0";"";"azn";"Кафе	 ресторан";"28";"ABB kart Samira";"Резервы";""	
2025-05-12;"-500.0";"-500.0";"azn";"Ребенок / Терапия";"500 детский садик и терапия";"Кошелёк";"Резервы";""		
2025-05-11;"-16.0";"";"azn";"Транспорт";"16";"Кошелек Самира";"Резервы";""		
2025-05-11;"-100.0";"";"azn";"Подарки";"100 Гюльнары сына кичик той";"Кошелек Самира";"Резервы";""		
2025-05-11;"-30.0";"";"azn";"Гигиена и красота";"30 салон";"Кошелек Самира";"Резервы";""		
2025-05-11;"-10.0";"-10.0";"azn";"Ком. услуги / Вода";"10";"ASB kart";"Резервы";""		
2025-05-10;"-2.0";"";"azn";"Подарки";"2";"Кошелёк";"Резервы";""		
2025-05-10;"16.0";"";"azn";"";"";"";"";"Кошелёк => Кошелек Самира"		
2025-05-10;"-17.7";"-25.0";"azn";"Продукты";"1.7 16";"Кошелек Самира";"Резервы";""		
2025-05-09;"-60.0";"";"azn";"Платный софт";"60 cvyarat";"ASB kart";"Резервы";""		
2025-05-09;"393.0";"393.0";"azn";"Пенсия Самира";"393";"ABB kart Samira";"Резервы";""		
2025-05-09;"-27.42";"-25.0";"azn";"Автомобиль / Бензин";"27.42";"ASB kart";"Резервы";""		
2025-05-08;"-1.5";"";"azn";"Подарки";"1.5";"Кошелёк";"Резервы";""		
2025-05-08;"-3.0";"";"azn";"Интернет и связь";"3 Самира";"ASB kart";"Резервы";""		
2025-05-08;"-5.6";"-5.6";"azn";"Платный софт";"5.6 ticktick";"Albali кредитная карта";"Резервы";""		
2025-05-08;"95.0";"";"azn";"";"";"";"";"ASB kart => Кошелёк"		
2025-05-08;"-28.2";"";"azn";"Подарки";"28.2";"ASB kart";"Резервы";""		
2025-05-08;"-18.84";"-25.0";"azn";"Продукты";"10 4.43 4.41";"ASB kart";"Резервы";""		
2025-05-07;"200.0";"";"azn";"";"";"";"";"Кошелёк => Кошелек Самира"		
2025-05-07;"-21.0";"-42.0";"azn";"Ком. услуги / Отопление";"21";"Кошелёк";"Резервы";""		
2025-05-07;"-3.0";"";"azn";"Кафе	 ресторан";"3";"Кошелёк";"Резервы";""	
2025-05-07;"-25.0";"";"azn";"Медицина / Лечение";"25";"ABB kart Samira";"ХаниМани";""		
2025-05-07;"-19.0";"-16.0";"azn";"Ком. услуги / Квартира";"19";"Кошелёк";"Резервы";""		
2025-05-07;"9.0";"";"azn";"";"";"";"";"ABB kart Samira => ASB kart"		
2025-05-07;"-17.5";"";"azn";"Транспорт";"14.5 3";"Кошелёк";"Резервы";""		
2025-05-06;"-21.0";"-20.0";"azn";"Медицина / Лекарства";"21";"ASB kart";"Резервы";""		
2025-05-06;"27.0";"";"azn";"";"";"";"";"ABB kart Samira => Кошелёк"		
2025-05-06;"-1.0";"";"azn";"Кафе	 ресторан";"1";"Кошелек Самира";"Резервы";""	
2025-05-06;"-35.46";"-25.0";"azn";"Продукты";"12.06 21.5 1.9";"ASB kart";"Резервы";""		
2025-05-06;"25.0";"";"azn";"";"";"";"";"ASB kart => Albali кредитная карта"		
2025-05-05;"-25.0";"-25.0";"azn";"Платный софт";"25 Notion";"Albali кредитная карта";"Резервы";""		
2025-05-04;"50.0";"50.0";"azn";"";"";"";"";"ASB kart => Лотерея"		
2025-05-04;"21.5";"";"azn";"";"";"";"";"Кошелёк => ASB kart"		
2025-05-04;"-8.0";"";"azn";"Автомобиль / Мойка";"8";"Кошелёк";"Резервы";""		
2025-05-04;"-6.0";"-20.0";"azn";"Ребенок / Траты";"6";"ASB kart";"Резервы";""		
2025-05-04;"295.0";"";"azn";"";"";"";"";"ASB kart => Кошелёк"		
2025-05-03;"100.0";"";"azn";"";"";"";"";"ХаниМани => Лотерея"		
2025-05-03;"-25.4";"-25.0";"azn";"Продукты";"23 2.4";"ASB kart";"Резервы";""		
2025-05-03;"-0.5";"-5.0";"azn";"Проценты и бонусы";"0.5";"ASB kart";"Резервы";""		
2025-05-03;"-11.0";"-35.0";"azn";"Дом";"11 крестовина и шланг для душа";"Кошелёк";"Резервы";""		
2025-05-02;"265.0";"265.0";"azn";"Зарплата Ильгар";"265";"Страхование жизни";"Страхование жизни";""		
2025-05-02;"-25.0";"-25.0";"azn";"Автомобиль / Бензин";"25";"ASB kart";"Резервы";""		
2025-05-02;"2310.0";"2000.0";"azn";"Зарплата Ильгар";"2310";"ASB kart";"Резервы";""		
2025-05-02;"-10.0";"-4.0";"azn";"Развлечения и хобби";"10 futbol";"Кошелёк";"Резервы";""		
2025-05-01;"-5.3";"";"azn";"Подарки";"5.3";"Кошелёк";"Резервы";""		
2025-05-01;"-12.0";"-25.0";"azn";"Продукты";"12";"Кошелёк";"Резервы";""		
2025-05-01;"-9.0";"";"azn";"Транспорт";"9";"Кошелек Самира";"Резервы";""		
2025-05-01;"-11.0";"";"azn";"Подарки";"11";"ABB kart Samira";"Резервы";""		
2025-04-30;"-25.0";"-25.0";"azn";"Интернет и связь";"25 ailenet";"ABB kart Samira";"Резервы";""		
2025-04-30;"-9.0";"-8.0";"azn";"Интернет и связь";"4 5 Ильгар Самира";"ASB kart";"Резервы";""		
2025-04-30;"2.42";"";"azn";"";"";"";"";"ABB kart Samira => ASB kart"		
2025-04-30;"9.0";"";"azn";"";"";"";"";"ABB kart Samira => ASB kart"		
2025-04-29;"5.0";"";"azn";"";"";"";"";"ASB kart => Albali кредитная карта"		
2025-04-29;"-12.8";"-25.0";"azn";"Продукты";"4.3 4 4.5";"ASB kart";"Резервы";""		
2025-04-29;"-14.0";"";"azn";"Гигиена и красота";"5 9";"ASB kart";"Резервы";""		
2025-04-29;"4.5";"";"azn";"";"";"";"";"Кошелёк => ASB kart"		
2025-04-27;"-8.0";"";"azn";"Транспорт";"8";"Кошелёк";"Резервы";""		
2025-04-27;"-52.0";"";"azn";"Гигиена и красота";"52 Салон Самира";"ASB kart";"Резервы";""		
2025-04-27;"5.0";"";"azn";"";"";"";"";"Кошелёк => ASB kart"		
2025-04-26;"-7.1";"-25.0";"azn";"Продукты";"0.7 1.4 5";"ASB kart";"Резервы";""		
2025-04-26;"45.0";"";"azn";"";"";"";"";"ASB kart => Кошелёк"		
2025-04-25;"-40.0";"-25.0";"azn";"Автомобиль / Бензин";"40";"ASB kart";"Резервы";""		
2025-04-24;"-4.1";"-25.0";"azn";"Продукты";"4.1";"ASB kart";"Резервы";""		
2025-04-23;"-9.0";"";"azn";"Транспорт";"9";"Кошелёк";"Резервы";""		
2025-04-23;"-50.0";"";"azn";"Подарки";"10 40";"Кошелёк";"Резервы";""		
2025-04-23;"10.0";"";"azn";"";"";"";"";"Кошелёк => ASB kart"		
2025-04-22;"-25.1";"-25.0";"azn";"Продукты";"2	4 6 6.7 10";"ASB kart";"Резервы";""	
2025-04-22;"45.0";"";"azn";"";"";"";"";"ASB kart => Albali kart"		
2025-04-22;"-32.0";"";"azn";"Одежда и обувь";"32";"Albali kart";"Резервы";""		
2025-04-21;"-6.0";"-6.0";"azn";"Платный софт";"6 Yandex Music";"ASB kart";"Резервы";""		
2025-04-21;"75.0";"";"azn";"";"";"";"";"ASB kart => Albali kart"		
2025-04-21;"-87.0";"";"azn";"Подарки";"87";"Albali kart";"Резервы";""		
2025-04-21;"-43.5";"-170.0";"azn";"Одежда и обувь";"27.5 16 Самире";"Кошелёк";"Резервы";""		
2025-04-21;"-1.0";"";"azn";"Проценты и бонусы";"1";"ASB kart";"Резервы";""		
2025-04-20;"-3.5";"-20.0";"azn";"Ребенок / Траты";"3.5";"ASB kart";"Резервы";""		
2025-04-20;"-29.0";"";"azn";"Подарки";"29 маме на Пасху";"ASB kart";"Резервы";""		
2025-04-20;"27.5";"";"azn";"";"";"";"";"ASB kart => Кошелёк"		
2025-04-20;"123.0";"";"azn";"";"";"";"";"ASB kart => Кошелёк"		
2025-04-19;"-64.1";"-25.0";"azn";"Продукты";"25 33.5 5.6";"ASB kart";"Резервы";""		
2025-04-19;"-5.0";"-80.0";"azn";"Подарки";"5 в деревню";"ASB kart";"Резервы";""		
2025-04-19;"-3.0";"";"azn";"Интернет и связь";"3 Самира";"ASB kart";"Резервы";""		
2025-04-19;"-10.0";"";"azn";"Медицина / Лекарства";"10";"ASB kart";"ХаниМани";""		
2025-04-18;"-25.0";"-25.0";"azn";"Автомобиль / Бензин";"25";"ASB kart";"Резервы";""		
2025-04-18;"-4.0";"-4.0";"azn";"Развлечения и хобби";"4 futbol";"Кошелёк";"Резервы";""		
2025-04-17;"-17.0";"-25.0";"azn";"Продукты";"17";"ASB kart";"Резервы";""		
2025-04-17;"-40.0";"";"azn";"Медицина / Лечение";"15 25";"Кошелёк";"Резервы";""		
2025-04-16;"-18.0";"";"azn";"Медицина / Лекарства";"18";"ASB kart";"Резервы";""		
2025-04-16;"10.0";"";"azn";"";"";"";"";"ASB kart => Кошелёк"		
2025-04-16;"-3.0";"";"azn";"Кафе	 ресторан";"3";"Кошелёк";"Резервы";""	
2025-04-16;"-134.0";"";"azn";"Гигиена и красота";"134 Minoksidil";"ASB kart";"Резервы";""		
2025-04-15;"-27.7";"-100.0";"azn";"Гигиена и красота";"8 9.3 8 2.4";"ASB kart";"Резервы";""		
2025-04-15;"-40.0";"-75.0";"azn";"Подарки";"40";"ASB kart";"Резервы";""		
2025-04-15;"-14.5";"-25.0";"azn";"Продукты";"6 8.5";"ASB kart";"Резервы";""		
2025-04-14;"-32.0";"";"azn";"Транспорт";"32";"Кошелёк";"Резервы";""		
2025-04-14;"-73.0";"";"azn";"Медицина / Лекарства";"73 Самире беременность";"ASB kart";"Резервы";""		
2025-04-14;"-12.0";"-13.0";"azn";"Интернет и связь";"12 ilqar internet";"ASB kart";"Резервы";""		
2025-04-14;"-47.0";"-40.0";"azn";"Ком. услуги / Электроэнергия";"47";"ASB kart";"Резервы";""		
2025-04-14;"-50.0";"";"azn";"Медицина / Лечение";"50 гинеколог";"ABB kart Samira";"Резервы";""		
2025-04-14;"-129.0";"";"azn";"Медицина / Лекарства";"129 на беременность";"ASB kart";"Резервы";""		
2025-04-14;"-500.0";"-500.0";"azn";"Ребенок / Терапия";"500 детский садик и терапия";"Кошелёк";"Резервы";""		
2025-04-13;"-86.5";"-20.0";"azn";"Ребенок / Траты";"9.5 лекарства 30 терапевт 17 анализ крови 30 рентген";"ASB kart";"Резервы";""		
2025-04-13;"500.0";"";"azn";"";"";"";"";"ASB kart => Кошелёк"		
2025-04-12;"-25.0";"-25.0";"azn";"Продукты";"24 1";"ASB kart";"Резервы";""		
2025-04-11;"-11.0";"-10.0";"azn";"Ком. услуги / Вода";"11";"ASB kart";"Резервы";""		
2025-04-11;"-20.0";"-25.0";"azn";"Автомобиль / Бензин";"20";"ASB kart";"Резервы";""		
2025-04-11;"-5.0";"-4.0";"azn";"Развлечения и хобби";"5 futbol";"Кошелёк";"Резервы";""		
2025-04-10;"-3.2";"-25.0";"azn";"Продукты";"3.2";"Кошелёк";"Резервы";""		
2025-04-10;"77.0";"";"azn";"";"";"";"";"ABB kart Samira => ASB kart"		
2025-04-09;"-16.0";"-16.0";"azn";"Ком. услуги / Квартира";"16";"Кошелёк";"Резервы";""		
2025-04-09;"393.0";"393.0";"azn";"Пенсия Самира";"393";"ABB kart Samira";"Резервы";""		
2025-04-09;"-103.0";"-100.0";"azn";"Ребенок / Траты";"103 на лекарства";"ASB kart";"Резервы";""		
2025-04-09;"-42.0";"-42.0";"azn";"Ком. услуги / Отопление";"42";"Кошелёк";"Резервы";""		
2025-04-08;"-7.3";"-25.0";"azn";"Продукты";"4.3 3";"ASB kart";"Резервы";""		
2025-04-08;"-45.0";"-80.0";"azn";"Ребенок / Одежда";"10 35";"Кошелёк";"Резервы";""		
2025-04-08;"-5.6";"-5.6";"azn";"Платный софт";"5.6 ticktick";"Albali кредитная карта";"Резервы";""		
2025-04-07;"-100.0";"-100.0";"azn";"Ребенок";"100 психотерапевт Руфатика";"ASB kart";"Резервы";""		
2025-04-07;"144.0";"";"azn";"Зарплата Ильгар";"144";"ASB kart";"Резервы";""		
2025-04-06;"-34.0";"-20.0";"azn";"Ребенок / Траты";"34 лекарства";"ASB kart";"Резервы";""		
2025-04-06;"20.0";"";"azn";"";"";"";"";"Кошелёк => Кошелек Самира"		
2025-04-06;"-20.0";"-20.0";"azn";"Медицина / Лекарства";"20";"Кошелёк";"Резервы";""		
2025-04-05;"-25.0";"-25.0";"azn";"Платный софт";"25 Notion";"Albali кредитная карта";"Резервы";""		
2025-04-05;"-44.0";"-25.0";"azn";"Продукты";"44";"ASB kart";"Резервы";""		
2025-04-05;"-11.0";"";"azn";"Транспорт";"11";"Кошелёк";"Резервы";""		
2025-04-05;"26.0";"";"azn";"";"";"";"";"Albali kart => Albali кредитная карта"		
2025-04-05;"0.0";"-100.0";"azn";"Ребенок";"0";"ASB kart";"Резервы";""		
2025-04-05;"20.0";"";"azn";"";"";"";"";"ASB kart => Albali kart"		
2025-04-04;"-72.0";"-60.0";"azn";"Медицина / Лекарства";"72 Финлипсал Эпинекс и Бисогамма";"ASB kart";"Резервы";""		
2025-04-04;"-4.0";"-4.0";"azn";"Развлечения и хобби";"4 futbol";"Кошелёк";"Резервы";""		
2025-04-04;"13.0";"";"azn";"";"";"";"";"Кошелек Самира => ASB kart"		
2025-04-04;"-25.0";"-25.0";"azn";"Автомобиль / Бензин";"25";"ASB kart";"Резервы";""		
2025-04-04;"-40.0";"-50.0";"azn";"Продукты";"40 мясо";"Кошелёк";"Резервы";""		
2025-04-04;"50.0";"50.0";"azn";"";"";"";"";"ASB kart => Лотерея"		
2025-04-03;"190.0";"";"azn";"";"";"";"";"ASB kart => Кошелёк"		
2025-04-03;"-30.85";"-25.0";"azn";"Продукты";"10.25 2.4 6.2 12";"ASB kart";"Резервы";""		
2025-04-03;"-29.0";"-30.0";"azn";"Ребенок";"29 Памперсы";"ASB kart";"Резервы";""		
2025-04-03;"2.4";"";"azn";"";"";"";"";"Копилка => ASB kart"		
2025-04-03;"-3.0";"-5.0";"azn";"Проценты и бонусы";"3";"ASB kart";"Резервы";""		
2025-04-02;"265.0";"265.0";"azn";"Зарплата Ильгар";"265";"Страхование жизни";"Страхование жизни";""		
2025-04-02;"2250.0";"2200.0";"azn";"Зарплата Ильгар";"2250";"ASB kart";"Резервы";""		
2025-04-02;"5.0";"";"azn";"";"";"";"";"Albali kart => Albali кредитная карта"		
2025-04-02;"35.0";"";"azn";"";"";"";"";"Копилка => Кошелёк"		
2025-04-02;"3.0";"";"azn";"";"";"";"";"Кошелек Самира => Копилка"		
2025-04-01;"-2.0";"-25.0";"azn";"Продукты";"2";"Кошелёк";"Резервы";""		
2025-04-01;"8.0";"";"azn";"";"";"";"";"Кошелёк => ASB kart"		
2025-03-31;"-20.0";"-25.0";"azn";"Интернет и связь";"20 ailenet";"ABB kart Samira";"Резервы";""		
2025-03-31;"-8.0";"-8.0";"azn";"Интернет и связь";"4 4 Ильгар Самира";"ABB kart Samira";"Резервы";""		
2025-03-30;"-9.0";"-20.0";"azn";"Ребенок / Траты";"2 2 5";"Кошелёк";"Резервы";""		
2025-03-29;"-25.0";"-25.0";"azn";"Автомобиль / Бензин";"25";"ASB kart";"Резервы";""		
2025-03-29;"35.0";"";"azn";"";"";"";"";"ASB kart => Кошелёк"		
2025-03-29;"-15.0";"-25.0";"azn";"Продукты";"15";"Кошелёк";"Резервы";""		
2025-03-29;"-13.0";"-25.0";"azn";"Автомобиль / Бензин";"13";"ASB kart";"Резервы";""		
2025-03-28;"-12.0";"";"azn";"Подарки";"12 в деревню";"Кошелёк";"Резервы";""		
2025-03-27;"2.0";"";"azn";"";"";"";"";"Кошелёк => ABB kart Samira"		
2025-03-27;"-25.0";"-25.0";"azn";"Продукты";"23 2";"ABB kart Samira";"Резервы";""		
2025-03-26;"1.3";"";"azn";"";"";"";"";"Кошелёк => ASB kart"		
2025-03-26;"7.0";"";"azn";"";"";"";"";"ABB kart Samira => ASB kart"		
2025-03-25;"5.0";"";"azn";"";"";"";"";"Кошелёк => ASB kart"		
2025-03-25;"-18.7";"-25.0";"azn";"Продукты";"5 6.7 7";"ASB kart";"Резервы";""		
2025-03-25;"-13.0";"";"azn";"Подарки";"13";"Кошелёк";"Резервы";""		
2025-03-24;"23.0";"";"azn";"";"";"";"";"Кошелёк => ASB kart"		
2025-03-23;"-8.0";"-20.0";"azn";"Ребенок / Траты";"8";"Кошелёк";"Резервы";""		
2025-03-22;"-20.0";"-25.0";"azn";"Кафе	 ресторан";"20";"Кошелёк";"Резервы";""	
2025-03-22;"-26.1";"-25.0";"azn";"Продукты";"13.1 11 2";"ABB kart Samira";"Резервы";""		
2025-03-21;"45.0";"";"azn";"";"";"";"";"ABB kart Samira => Кошелёк"		
2025-03-21;"11.0";"";"azn";"";"";"";"";"Кошелёк => ABB kart Samira"		
2025-03-21;"-6.0";"-6.0";"azn";"Платный софт";"6 Yandex Music";"ASB kart";"Резервы";""		
2025-03-20;"-39.9";"-25.0";"azn";"Продукты";"9.4 5 25.5";"ABB kart Samira";"Резервы";""		
2025-03-20;"50.0";"";"azn";"Подарки";"50";"Копилка";"Резервы";""		
2025-03-19;"5.0";"";"azn";"";"";"";"";"ABB kart Samira => Кошелёк"		
2025-03-19;"5.0";"";"azn";"";"";"";"";"ASB kart => ABB kart Samira"		
2025-03-17;"6.0";"";"azn";"";"";"";"";"ABB kart Samira => Кошелёк"		
2025-03-16;"-25.0";"-25.0";"azn";"Автомобиль / Бензин";"25";"ABB kart Samira";"Резервы";""		
2025-03-16;"-6.0";"-20.0";"azn";"Ребенок / Траты";"6";"Кошелёк";"Резервы";""		
2025-03-16;"1325.0";"";"azn";"";"";"";"";"ХаниМани => Страхование жизни"		
2025-03-16;"200.0";"";"azn";"";"";"";"";"ХаниМани => Лотерея"		
2025-03-15;"-108.5";"-75.0";"azn";"Подарки";"28.5 восьмое марта в садик 80 в деревню";"ABB kart Samira";"Резервы";""		
2025-03-15;"-16.0";"-100.0";"azn";"Гигиена и красота";"12 4";"ABB kart Samira";"Резервы";""		
2025-03-15;"4.0";"";"azn";"";"";"";"";"ASB kart => ABB kart Samira"		
2025-03-15;"-32.0";"-25.0";"azn";"Продукты";"27 5";"ABB kart Samira";"Резервы";""		
2025-03-14;"-8.2";"";"azn";"Продукты";"8.2";"ASB kart";"Резервы";""		
2025-03-14;"-12.0";"-13.0";"azn";"Интернет и связь";"12 ilqar internet";"ASB kart";"Резервы";""		
2025-03-14;"-113.0";"-40.0";"azn";"Ком. услуги / Электроэнергия";"113";"ASB kart";"Резервы";""		
2025-03-13;"-58.2";"-25.0";"azn";"Продукты";"51 7.2";"ABB kart Samira";"Резервы";""		
2025-03-13;"-25.0";"-25.0";"azn";"Продукты";"25";"ABB kart Samira";"Резервы";""		
2025-03-12;"-2.5";"";"azn";"Медицина / Лекарства";"2.5";"ASB kart";"Резервы";""		
2025-03-12;"-5.0";"";"azn";"Дом";"5";"ABB kart Samira";"Резервы";""		
2025-03-11;"-42.2";"";"azn";"Медицина / Лекарства";"28.2 14";"ABB kart Samira";"Резервы";""		
2025-03-11;"-500.0";"-500.0";"azn";"Ребенок / Терапия";"500 детский садик и терапия";"Кошелёк";"Резервы";""		
2025-03-11;"7.0";"";"azn";"";"";"";"";"ABB kart Samira => ASB kart"		
2025-03-11;"-20.0";"";"azn";"Подарки";"20";"Кошелёк";"Резервы";""		
2025-03-11;"-13.0";"-10.0";"azn";"Ком. услуги / Вода";"13";"ASB kart";"Резервы";""		
2025-03-11;"-6.1";"-25.0";"azn";"Продукты";"6.1";"ASB kart";"Резервы";""		
2025-03-10;"595.0";"";"azn";"";"";"";"";"ASB kart => Кошелёк"		
2025-03-10;"1809.0";"";"azn";"";"";"";"";"Резервы => ХаниМани"		
2025-03-09;"-7.0";"-20.0";"azn";"Ребенок / Траты";"5 2";"Кошелёк";"Резервы";""		
2025-03-09;"393.0";"422.0";"azn";"Пенсия Самира";"393";"ABB kart Samira";"Резервы";""		
2025-03-09;"8.0";"";"azn";"";"";"";"";"ABB kart Samira => ASB kart"		
2025-03-08;"-48.0";"";"azn";"Подарки";"20 на восьмое марта маме Самиры 28 маме восьмое марта";"Кошелек Самира";"Резервы";""		
2025-03-08;"-5.6";"-5.6";"azn";"Платный софт";"5.6 ticktick";"Albali кредитная карта";"Резервы";""		
2025-03-08;"-14.35";"";"azn";"Подарки";"7.35 Самира на восьмое марта 7 маме на восьмое марта";"ASB kart";"Резервы";""		
2025-03-08;"-5.0";"";"azn";"Транспорт";"5";"Кошелек Самира";"Резервы";""		
2025-03-08;"-38.0";"-80.0";"azn";"Ребенок / Одежда";"38";"ABB kart Samira";"Резервы";""		
2025-03-08;"-10.7";"-25.0";"azn";"Продукты";"2.7 8";"ASB kart";"Резервы";""		
2025-03-07;"-42.0";"-40.0";"azn";"Ком. услуги / Отопление";"42";"Кошелек Самира";"Резервы";""		
2025-03-07;"4413.0";"4500.0";"azn";"";"";"";"";"Кошелёк => YapiKrediBank kredit"		
2025-03-07;"-16.0";"-16.0";"azn";"Ком. услуги / Квартира";"16";"Кошелек Самира";"Резервы";""		
2025-03-07;"-20.0";"-25.0";"azn";"Автомобиль / Бензин";"20";"Кошелёк";"Резервы";""		
2025-03-06;"-23.05";"-20.0";"azn";"Медицина / Лекарства";"23.05";"ASB kart";"Резервы";""		
2025-03-06;"1700.0";"";"azn";"";"";"";"";"ASB kart => Кошелёк"		
2025-03-06;"170.0";"";"azn";"";"";"";"";"Кошелёк => Кошелек Самира"		
2025-03-06;"-58.0";"";"azn";"Подарки";"58 восьмое марта детский сад";"Кошелек Самира";"ХаниМани";""		
2025-03-06;"-5.0";"-25.0";"azn";"Продукты";"5";"Кошелек Самира";"Резервы";""		
2025-03-06;"15.0";"";"azn";"";"";"";"";"Кошелёк => ABB kart Samira"		
2025-03-05;"2.0";"";"azn";"";"";"";"";"ABB kart Samira => Кошелек Самира"		
2025-03-05;"5.0";"";"azn";"";"";"";"";"Albali кредитная карта => Albali kart"		
2025-03-05;"7.0";"";"azn";"";"";"";"";"Кошелёк => Кошелек Самира"		
2025-03-05;"-25.0";"-25.0";"azn";"Платный софт";"25 Notion";"Albali кредитная карта";"Резервы";""		
2025-03-04;"-35.7";"-60.0";"azn";"Медицина / Лекарства";"8.7 Финлипсал Эпинекс и Бисогамма 27";"ASB kart";"Резервы";""		
2025-03-04;"27.0";"";"azn";"";"";"";"";"ABB kart Samira => ASB kart"		
2025-03-04;"2168.0";"2000.0";"azn";"Зарплата Ильгар";"2168";"ASB kart";"Резервы";""		
2025-03-04;"-13.0";"-25.0";"azn";"Продукты";"4.3 1 7 0.7";"ASB kart";"Резервы";""		
2025-03-04;"-53.0";"-50.0";"azn";"Продукты";"53 мясо";"Кошелёк";"Резервы";""		
2025-03-04;"265.0";"265.0";"azn";"Зарплата Ильгар";"265";"Страхование жизни";"Резервы";""		
2025-03-04;"25.0";"";"azn";"";"";"";"";"ASB kart => Albali кредитная карта"		
2025-03-04;"50.0";"50.0";"azn";"";"";"";"";"ABB kart Samira => Лотерея"		
2025-03-03;"-53.0";"-35.0";"azn";"Продукты";"53";"Копилка";"Резервы";""		
2025-03-03;"1.0";"";"azn";"";"";"";"";"ABB kart Samira => ASB kart"		
2025-03-03;"-21.65";"-30.0";"azn";"Ребенок";"21.65 Памперсы";"ASB kart";"Резервы";""		
2025-03-03;"-22.0";"";"azn";"Подарки";"22 детский сад восьмое марта";"Кошелёк";"ХаниМани";""		
2025-03-03;"3000.0";"";"azn";"";"";"";"";"ASB kart => Кошелёк"		
2025-03-03;"-1.5";"-25.0";"azn";"Проценты и бонусы";"1.5";"ASB kart";"Резервы";""		
2025-03-01;"-20.0";"";"azn";"Автомобиль / Бензин";"20";"ASB kart";"Резервы";""		
2025-03-01;"50.0";"";"azn";"Подарки";"50 Dilsad bibi";"Копилка";"Резервы";""		
2025-03-01;"15.0";"";"azn";"";"";"";"";"Кошелёк => ASB kart"		
2025-03-01;"-45.65";"-25.0";"azn";"Продукты";"30.65 15";"ASB kart";"Резервы";""		
2025-02-28;"-5.0";"-4.0";"azn";"Развлечения и хобби";"5 futbol";"Кошелёк";"Резервы";""		
2025-02-28;"40.0";"";"azn";"";"";"";"";"Кошелёк => ASB kart"		
2025-02-28;"10.0";"";"azn";"";"";"";"";"ASB kart => Кошелёк"		
2025-02-28;"-30.0";"-25.0";"azn";"Интернет и связь";"30 ailenet";"ASB kart";"Резервы";""		
2025-02-28;"-6.0";"-8.0";"azn";"Интернет и связь";"3 3 Ильгар Самира";"ASB kart";"Резервы";""		
2025-02-28;"-1.0";"-1.0";"azn";"Автомобиль";"1 Парковка";"Кошелёк";"Резервы";""		
2025-02-27;"4.0";"";"azn";"";"";"";"";"Albali кредитная карта => Albali kart"		
2025-02-27;"67.0";"";"azn";"";"";"";"";"Кошелёк => ABB kart Samira"		
2025-02-27;"4.0";"";"azn";"";"";"";"";"Albali кредитная карта => ABB kart Samira"		
2025-02-27;"-10.0";"-25.0";"azn";"Продукты";"10";"Кошелёк";"Резервы";""		
2025-02-26;"252.0";"";"azn";"";"";"";"";"Albali кредитная карта => YapiKrediBank kredit"		
2025-02-26;"-45.0";"-60.0";"azn";"Проценты и бонусы";"45 за автокредит";"Albali кредитная карта";"Резервы";""		
2025-02-26;"-1.55";"";"azn";"Проценты и бонусы";"1.55";"ASB kart";"Резервы";""		
2025-02-26;"310.0";"";"azn";"";"";"";"";"ASB kart => Albali кредитная карта"		
2025-02-25;"25.0";"";"azn";"";"";"";"";"ABB kart Samira => Albali кредитная карта"		
2025-02-25;"-13.3";"-25.0";"azn";"Продукты";"13.3";"ASB kart";"Резервы";""		
2025-02-23;"-30.0";"-30.0";"azn";"Платный софт";"30 honemoney";"Albali кредитная карта";"Резервы";""		
2025-02-22;"-14.0";"-25.0";"azn";"Кафе	 ресторан";"14";"Кошелёк";"Резервы";""	
2025-02-22;"-11.399999999999999";"-25.0";"azn";"Продукты";"10 0.7 0.7";"ASB kart";"Резервы";""		
2025-02-22;"-5.0";"";"azn";"Продукты";"5";"Кошелек Самира";"Резервы";""		
2025-02-22;"-53.5";"";"azn";"Продукты";"6 40 7.5";"ABB kart Samira";"Резервы";""		
2025-02-21;"-6.0";"-6.0";"azn";"Платный софт";"6 Yandex Music";"ASB kart";"Резервы";""		
2025-02-21;"-20.0";"-100.0";"azn";"Одежда и обувь";"20";"Кошелёк";"Резервы";""		
2025-02-21;"45.0";"";"azn";"";"";"";"";"ASB kart => Кошелёк"		
2025-02-20;"-17.0";"-25.0";"azn";"Продукты";"17";"ASB kart";"Резервы";""		
2025-02-18;"3097.0";"";"azn";"Зарплата Ильгар";"3097 бонус";"ASB kart";"ХаниМани";""		
2025-02-18;"-3.0";"";"azn";"Интернет и связь";"3";"ABB kart Samira";"Резервы";""		
2025-02-18;"-27.7";"-25.0";"azn";"Продукты";"27 0.7";"ASB kart";"Резервы";""		
2025-02-17;"-73.0";"";"azn";"Подарки";"48 на восьмое марта в детский сад 25 садик birinci cersenbe";"ABB kart Samira";"Резервы";""		
2025-02-16;"-6.0";"";"azn";"Продукты";"6";"Кошелёк";"Резервы";""		
2025-02-16;"-1.0";"";"azn";"Автомобиль / Мойка";"1";"Кошелёк";"Резервы";""		
2025-02-16;"-22.8";"-20.0";"azn";"Ребенок / Траты";"17 postel 2.8 3";"Кошелёк";"Резервы";""		
2025-02-15;"22.0";"";"azn";"";"";"";"";"ABB kart Samira => ASB kart"		
2025-02-15;"-97.29";"-100.0";"azn";"Гигиена и красота";"3.24 35 салон 8 16 22 2.75 10.3";"ASB kart";"Резервы";""		
2025-02-15;"-20.0";"-25.0";"azn";"Автомобиль / Бензин";"20";"ASB kart";"Резервы";""		
2025-02-15;"-40.0";"-75.0";"azn";"Подарки";"40 Эльхану на день рождения";"ASB kart";"Резервы";""		
2025-02-15;"30.0";"";"azn";"";"";"";"";"ASB kart => Albali кредитная карта"		
2025-02-15;"-24.400000000000002";"-25.0";"azn";"Продукты";"14.2 5.3 1 3.3 0.6";"ASB kart";"Резервы";""		
2025-02-14;"-12.0";"-13.0";"azn";"Интернет и связь";"12 ilqar internet";"ASB kart";"Резервы";""		
2025-02-14;"3.3";"";"azn";"";"";"";"";"Кошелёк => ASB kart"		
2025-02-14;"-64.45";"-40.0";"azn";"Ком. услуги / Электроэнергия";"64.45";"ASB kart";"Резервы";""		
2025-02-14;"-50.0";"";"azn";"Медицина / Лечение";"50 Гинекологу";"Кошелёк";"ХаниМани";""		
2025-02-14;"-5.0";"";"azn";"Транспорт";"3 2";"Кошелёк";"Резервы";""		
2025-02-14;"-4.0";"-4.0";"azn";"Развлечения и хобби";"4 futbol";"Кошелёк";"Резервы";""		
2025-02-13;"1.3";"";"azn";"";"";"";"";"Кошелёк => ASB kart"		
2025-02-13;"-4.55";"-25.0";"azn";"Продукты";"3.25 1.3";"ASB kart";"Резервы";""		
2025-02-13;"2.8";"";"azn";"";"";"";"";"ASB kart => Кошелёк"		
2025-02-12;"95.0";"";"azn";"";"";"";"";"ASB kart => Кошелёк"		
2025-02-12;"-7.0";"";"azn";"Продукты";"7";"ASB kart";"ХаниМани";""		
2025-02-11;"-11.15";"-25.0";"azn";"Продукты";"5.15 6";"ASB kart";"Резервы";""		
2025-02-11;"-500.0";"-500.0";"azn";"Ребенок / Терапия";"500 детский садик и терапия";"Кошелёк";"Резервы";""		
2025-02-11;"-7.0";"-10.0";"azn";"Ком. услуги / Вода";"7";"ASB kart";"Резервы";""		
2025-02-11;"1.5";"";"azn";"";"";"";"";"Кошелёк => ASB kart"		
2025-02-10;"595.0";"";"azn";"";"";"";"";"ASB kart => Кошелёк"		
2025-02-09;"-7.0";"-20.0";"azn";"Ребенок / Траты";"7";"ASB kart";"Резервы";""		
2025-02-09;"422.0";"422.0";"azn";"Пенсия Самира";"422";"ABB kart Samira";"Резервы";""		
2025-02-09;"35.0";"";"azn";"";"";"";"";"Кошелёк => ASB kart"		
2025-02-09;"15.0";"";"azn";"";"";"";"";"ASB kart => Albali kart"		
2025-02-09;"-8.0";"";"azn";"Ребенок / Одежда";"8";"Albali kart";"Резервы";""		
2025-02-09;"-11.0";"";"azn";"Подарки";"11 Нуране";"Albali kart";"Резервы";""		
2025-02-09;"-9.0";"";"azn";"Дом";"9";"Albali kart";"Резервы";""		
2025-02-09;"-6.44";"";"azn";"Продукты";"6.44";"ASB kart";"Резервы";""		
2025-02-08;"-5.6";"-5.6";"azn";"Платный софт";"5.6 ticktick";"ASB kart";"Резервы";""		
2025-02-08;"-37.0";"-25.0";"azn";"Продукты";"30 7";"ASB kart";"Резервы";""		
2025-02-08;"40.0";"";"azn";"";"";"";"";"Кошелёк => ASB kart"		
2025-02-08;"-10.0";"";"azn";"Подарки";"10 маме Самиры на продукты";"Кошелёк";"Резервы";""		
2025-02-08;"-100.0";"";"azn";"Автомобиль";"100 после аварии Приусу";"ASB kart";"Резервы";""		
2025-02-07;"-42.0";"-40.0";"azn";"Ком. услуги / Отопление";"42";"Кошелёк";"Резервы";""		
2025-02-07;"-16.0";"-16.0";"azn";"Ком. услуги / Квартира";"16";"Кошелёк";"Резервы";""		
2025-02-07;"-25.0";"";"azn";"Продукты";"25";"Кошелёк";"Резервы";""		
2025-02-07;"-20.0";"-25.0";"azn";"Автомобиль / Бензин";"20";"ASB kart";"Резервы";""		
2025-02-07;"-127.0";"";"azn";"Ребенок / Терапия";"127 витамины";"ASB kart";"ХаниМани";""		
2025-02-07;"-4.0";"-4.0";"azn";"Развлечения и хобби";"4 futbol";"Кошелёк";"Резервы";""		
2025-02-06;"-17.82";"-20.0";"azn";"Медицина / Лекарства";"5 5.7 7.12";"ASB kart";"Резервы";""		
2025-02-06;"-10.55";"-25.0";"azn";"Продукты";"7.9 2.65";"ABB kart Samira";"Резервы";""		
2025-02-06;"-100.0";"";"azn";"Ребенок / Терапия";"100 психиатр";"ABB kart Samira";"Резервы";""		
2025-02-06;"-120.0";"";"azn";"Ребенок / Терапия";"120 экг";"ASB kart";"Резервы";""		
2025-02-06;"-11.0";"";"azn";"Транспорт";"11";"Кошелёк";"ХаниМани";""		
2025-02-06;"-44.1";"";"azn";"Медицина / Лекарства";"20.6 23.5";"ABB kart Samira";"Резервы";""		
2025-02-06;"2.65";"";"azn";"";"";"";"";"ASB kart => ABB kart Samira"		
2025-02-05;"50.0";"";"azn";"";"";"";"";"ABB kart Samira => Лотерея"		
2025-02-05;"139.0";"";"azn";"";"";"";"";"ABB kart Samira => Кошелёк"		
2025-02-05;"-25.0";"-25.0";"azn";"Платный софт";"25 Notion";"Albali кредитная карта";"Резервы";""		
2025-02-04;"-8.9";"-60.0";"azn";"Медицина / Лекарства";"7.3 Финлипсал Эпинекс и Бисогамма 1.6";"ASB kart";"Резервы";""		
2025-02-04;"-25.42";"-25.0";"azn";"Продукты";"13.82 7.3 4.3";"ASB kart";"Резервы";""		
2025-02-03;"-8.0";"-25.0";"azn";"Проценты и бонусы";"3 5";"ASB kart";"Резервы";""		
2025-02-02;"-84.0";"-30.0";"azn";"Продукты";"84";"ASB kart";"Резервы";""		
2025-02-02;"1.0";"";"azn";"";"";"";"";"Кошелёк => Кошелек Самира"		
2025-02-02;"-40.0";"";"azn";"Дом";"40 кран";"Кошелёк";"ХаниМани";""		
2025-02-02;"-9.5";"-20.0";"azn";"Ребенок / Траты";"1.5 7 1";"Кошелек Самира";"Резервы";""		
2025-02-02;"7.0";"";"azn";"";"";"";"";"ASB kart => Кошелек Самира"		
2025-02-01;"-11.5";"";"azn";"Подарки";"11.5 Эльхану";"ASB kart";"ХаниМани";""		
2025-02-01;"10.0";"";"azn";"";"";"";"";"ASB kart => Albali kart"		
2025-02-01;"265.0";"265.0";"azn";"Зарплата Ильгар";"265";"Страхование жизни";"Резервы";""		
2025-02-01;"-4.62";"-25.0";"azn";"Продукты";"4.62";"ASB kart";"Резервы";""		
2025-02-01;"995.0";"2000.0";"azn";"Зарплата Ильгар";"995";"ASB kart";"Резервы";""		
2025-01-31;"-4.0";"-4.0";"azn";"Развлечения и хобби";"4 futbol";"Кошелёк";"Резервы";""		
2025-01-31;"-1.5";"-1.5";"azn";"Транспорт";"1.5";"Кошелек Самира";"Резервы";""		
2025-01-31;"-25.0";"-25.0";"azn";"Автомобиль / Бензин";"25";"ASB kart";"Резервы";""		
2025-01-31;"-25.0";"-25.0";"azn";"Интернет и связь";"25 ailenet";"ASB kart";"Резервы";""		
2025-01-31;"-3.0";"-8.0";"azn";"Интернет и связь";"3 Ильгар";"ASB kart";"Резервы";""		
2025-01-31;"-1.0";"-1.0";"azn";"Автомобиль";"1 Парковка";"Кошелёк";"Резервы";""		
2025-01-30;"-3.0";"";"azn";"Интернет и связь";"3 Самира";"ASB kart";"ХаниМани";""		
2025-01-30;"327.0";"";"azn";"";"";"";"";"ASB kart => Albali кредитная карта"		
2025-01-30;"3.1";"";"azn";"";"";"";"";"Кошелек Самира => ASB kart"		
2025-01-30;"-29.35";"-25.0";"azn";"Продукты";"25 1.25 3.1";"ASB kart";"Резервы";""		
2025-01-30;"5.0";"";"azn";"";"";"";"";"Albali kart => Albali кредитная карта"		
2025-01-30;"-13.0";"-10.0";"azn";"Транспорт";"13";"Кошелек Самира";"Резервы";""		
2025-01-29;"10.0";"";"azn";"";"";"";"";"Кошелёк => Копилка"		
2025-01-29;"10.0";"";"azn";"";"";"";"";"Albali kart => Копилка"		
2025-01-29;"8.0";"";"azn";"";"";"";"";"Кошелёк => ASB kart"		
2025-01-29;"2.0";"";"azn";"";"";"";"";"Albali кредитная карта => Кошелёк"		
2025-01-29;"20.0";"";"azn";"";"";"";"";"Кошелёк => Кошелек Самира"		
2025-01-28;"-2.92";"";"azn";"Дом";"2.92";"Кошелёк";"Резервы";""		
2025-01-28;"-9.26";"";"azn";"Дом";"9.26";"Кошелёк";"ХаниМани";""		
2025-01-28;"3.0";"";"azn";"";"";"";"";"Albali kart => Кошелек Самира"		
2025-01-28;"-6.0";"";"azn";"Интернет и связь";"6 активация азерсел карты";"Кошелёк";"Резервы";""		
2025-01-27;"3.5";"";"azn";"";"";"";"";"Кошелёк => ASB kart"		
2025-01-27;"-9.0";"-25.0";"azn";"Продукты";"5.5 3.5";"ASB kart";"Резервы";""		
2025-01-27;"248.0";"";"azn";"";"";"";"";"Albali кредитная карта => YapiKrediBank kredit"		
2025-01-26;"35.0";"";"azn";"";"";"";"";"Кошелёк => ASB kart"		
2025-01-26;"-51.0";"-60.0";"azn";"Проценты и бонусы";"51 за автокредит";"Albali кредитная карта";"Резервы";""		
2025-01-25;"-70.0";"";"azn";"Автомобиль / Запчасти";"70 замена масла и фильтра";"Кошелёк";"Резервы";""		
2025-01-25;"-22.13";"-25.0";"azn";"Продукты";"20 2.13";"ASB kart";"Резервы";""		
2025-01-24;"15.0";"";"azn";"";"";"";"";"Кошелёк => Albali kart"		
2025-01-24;"-25.0";"-25.0";"azn";"Автомобиль / Бензин";"25";"Кошелёк";"Резервы";""		
2025-01-24;"-4.0";"-4.0";"azn";"Развлечения и хобби";"4 futbol";"Кошелёк";"Резервы";""		
2025-01-23;"-10.5";"-25.0";"azn";"Продукты";"5 1.7 0.8 3";"ASB kart";"Резервы";""		
2025-01-23;"150.0";"";"azn";"";"";"";"";"ASB kart => Кошелёк"		
2025-01-23;"5.0";"";"azn";"";"";"";"";"Кошелек Самира => ASB kart"		
2025-01-23;"-13.0";"-10.0";"azn";"Транспорт";"13";"ASB kart";"Резервы";""		
2025-01-22;"-120.0";"-120.0";"azn";"Ребенок / Терапия";"120 логопед";"Кошелек Самира";"Резервы";""		
2025-01-22;"-36.7";"-25.0";"azn";"Кафе	 ресторан";"5.7 31";"Кошелек Самира";"Резервы";""	
2025-01-21;"-12.0";"";"azn";"Транспорт";"12";"Кошелек Самира";"Резервы";""		
2025-01-21;"-6.0";"-6.0";"azn";"Платный софт";"6 Yandex Music";"ASB kart";"Резервы";""		
2025-01-21;"8.0";"";"azn";"";"";"";"";"Кошелек Самира => ASB kart"		
2025-01-21;"-25.799999999999997";"-25.0";"azn";"Продукты";"8 2 2.4 8 3 2.4";"ASB kart";"Резервы";""		
2025-01-21;"-10.0";"-100.0";"azn";"Одежда и обувь";"10";"Кошелёк";"Резервы";""		
2025-01-21;"16.0";"";"azn";"";"";"";"";"Кошелек Самира => Кошелёк"		
2025-01-20;"85.0";"";"azn";"";"";"";"";"Кошелёк => Кошелек Самира"		
2025-01-20;"-30.0";"";"azn";"Ребенок";"30 терапевт";"ASB kart";"Резервы";""		
2025-01-19;"6.7";"";"azn";"";"";"";"";"Albali kart => Кошелёк"		
2025-01-19;"30.0";"";"azn";"";"";"";"";"ASB kart => Albali kart"		
2025-01-19;"195.0";"";"azn";"";"";"";"";"ASB kart => Кошелёк"		
2025-01-19;"-20.0";"";"azn";"Автомобиль / Бензин";"20";"ASB kart";"Резервы";""		
2025-01-19;"-13.2";"-20.0";"azn";"Ребенок / Траты";"1.5 6.7 5";"Кошелёк";"Резервы";""		
2025-01-18;"-3.6";"";"azn";"Ребенок / Траты";"3.6";"Кошелёк";"Резервы";""		
2025-01-18;"-31.0";"-25.0";"azn";"Продукты";"10 21";"ASB kart";"Резервы";""		
2025-01-17;"1200.0";"";"azn";"Зарплата Ильгар";"1200 аванс";"ASB kart";"ХаниМани";""		
2025-01-17;"-12.0";"-1.5";"azn";"Транспорт";"12";"Кошелек Самира";"Резервы";""		
2025-01-17;"-25.0";"-25.0";"azn";"Автомобиль / Бензин";"25";"Кошелек Самира";"Резервы";""		
2025-01-17;"-1.0";"-1.0";"azn";"Автомобиль";"1 Парковка";"Кошелёк";"Резервы";""		
2025-01-17;"-4.0";"-4.0";"azn";"Развлечения и хобби";"4 futbol";"Кошелёк";"Резервы";""		
2025-01-16;"-120.0";"-320.0";"azn";"Ребенок / Терапия";"120 Психологу";"Кошелек Самира";"Резервы";""		
2025-01-16;"-13.0";"-10.0";"azn";"Транспорт";"13";"Кошелек Самира";"Резервы";""		
2025-01-16;"150.0";"";"azn";"";"";"";"";"Кошелёк => Кошелек Самира"		
2025-01-15;"10.0";"";"azn";"";"";"";"";"Albali kart => Кошелёк"		
2025-01-15;"150.0";"";"azn";"";"";"";"";"ASB kart => Кошелёк"		
2025-01-15;"50.0";"";"azn";"";"";"";"";"Кошелёк => ASB kart"		
2025-01-15;"-180.0";"-75.0";"azn";"Подарки";"30 новоселье одноклассницы Самиры 50 духи для Айгюн биби и Нураны 9 день рождение в минисадике 30 помощь студентам 7 на торт 20 в гости к Намик эми 20 в Гобустан 14 Дильшад биби";"ASB kart";"Резервы";""		
2025-01-15;"9.3";"";"azn";"";"";"";"";"Кошелек Самира => ASB kart"		
2025-01-15;"-33.9";"-100.0";"azn";"Гигиена и красота";"1 3.5 5 7.5 9.3 3 4.6";"ASB kart";"Резервы";""		
2025-01-15;"9.0";"";"azn";"";"";"";"";"Кошелек Самира => ASB kart"		
2025-01-14;"-64.52";"-40.0";"azn";"Ком. услуги / Электроэнергия";"64.52";"ASB kart";"Резервы";""		
2025-01-14;"6.5";"";"azn";"";"";"";"";"Кошелёк => ASB kart"		
2025-01-14;"-15.0";"-13.0";"azn";"Интернет и связь";"12 ilqar internet 3 samira";"ASB kart";"Резервы";""		
2025-01-14;"-27.2";"-25.0";"azn";"Продукты";"6.5 20 0.7";"ASB kart";"Резервы";""		
2025-01-13;"-40.0";"-40.0";"azn";"Ком. услуги / Отопление";"40";"Кошелёк";"Резервы";""		
2025-01-13;"-16.0";"-16.0";"azn";"Ком. услуги / Квартира";"16";"Кошелёк";"Резервы";""		
2025-01-12;"8.0";"";"azn";"";"";"";"";"Кошелёк => Кошелек Самира"		
2025-01-12;"-30.0";"-25.0";"azn";"Автомобиль / Бензин";"30";"Кошелёк";"Резервы";""		
2025-01-12;"-12.5";"-20.0";"azn";"Ребенок / Траты";"4.5 6 2";"Кошелек Самира";"Резервы";""		
2025-01-12;"31.0";"";"azn";"";"";"";"";"Кошелёк => Кошелек Самира"		
2025-01-12;"-14.0";"";"azn";"Транспорт";"14";"Кошелёк";"Резервы";""		
2025-01-11;"7.0";"";"azn";"";"";"";"";"Кошелёк => ASB kart"		
2025-01-11;"20.0";"";"azn";"";"";"";"";"Кошелёк => ASB kart"		
2025-01-11;"-10.0";"-10.0";"azn";"Ком. услуги / Вода";"10";"ASB kart";"Резервы";""		
2025-01-11;"-33.0";"-25.0";"azn";"Продукты";"1.7 7 24.3";"ASB kart";"Резервы";""		
2025-01-11;"-39.0";"-40.0";"azn";"Продукты";"39 fasol gavali";"Кошелёк";"Резервы";""		
2025-01-10;"30.0";"";"azn";"";"";"";"";"ABB kart Samira => ASB kart"		
2025-01-10;"-1.0";"-1.0";"azn";"Автомобиль";"1 Парковка";"Кошелёк";"Резервы";""		
2025-01-09;"364.0";"364.0";"azn";"Пенсия Самира";"364";"ABB kart Samira";"Резервы";""		
2025-01-09;"-16.4";"-25.0";"azn";"Продукты";"7 9.4";"ASB kart";"Резервы";""		
2025-01-08;"2.0";"";"azn";"";"";"";"";"Кошелек Самира => ASB kart"		
2025-01-08;"-350.0";"";"azn";"Медицина / Лечение";"320 прожигание эрозии	 20 анализ крови 10 AQS";"ASB kart";"Резервы";""	
2025-01-08;"-137.86";"-60.0";"azn";"Медицина / Лекарства";"5 85.16 47.7";"ASB kart";"Резервы";""		
2025-01-08;"-5.6";"-5.6";"azn";"Платный софт";"5.6 ticktick";"Albali кредитная карта";"Резервы";""		
2025-01-08;"-14.0";"-10.0";"azn";"Транспорт";"10 2 2";"Кошелек Самира";"Резервы";""		
2025-01-08;"3.5";"";"azn";"";"";"";"";"Кошелёк => ASB kart"		
2025-01-07;"2.7";"";"azn";"";"";"";"";"Кошелёк => ASB kart"		
2025-01-07;"32.0";"";"azn";"";"";"";"";"ASB kart => Кошелек Самира"		
2025-01-07;"651.0";"";"azn";"Зарплата Ильгар";"651";"ASB kart";"Резервы";""		
2025-01-07;"-43.0";"-30.0";"azn";"Ребенок";"15 28 Памперсы";"ASB kart";"Резервы";""		
2025-01-07;"-17.5";"-25.0";"azn";"Продукты";"5.5 5 2 2.3 2.7";"ASB kart";"Резервы";""		
2025-01-07;"1.0";"";"azn";"";"";"";"";"Кошелек Самира => ASB kart"		
2025-01-07;"2.3";"";"azn";"";"";"";"";"Albali kart => ASB kart"		
2025-01-06;"250.0";"";"azn";"";"";"";"";"ASB kart => Кошелёк"		
2025-01-06;"-118.19999999999999";"-20.0";"azn";"Медицина / Лекарства";"37.8 37.8 витамин д 25.6 свечи 17";"ASB kart";"Резервы";""		
2025-01-06;"-20.200000000000003";"";"azn";"Дом";"3.6 16.6";"ASB kart";"Резервы";""		
2025-01-06;"33.0";"";"azn";"";"";"";"";"Кошелёк => ASB kart"		
2025-01-05;"50.0";"";"azn";"";"";"";"";"ASB kart => Лотерея"		
2025-01-05;"-20.0";"";"azn";"Автомобиль / Бензин";"20";"Кошелёк";"Резервы";""		
2025-01-05;"1.0";"";"azn";"";"";"";"";"ABB kart Samira => ASB kart"		
2025-01-05;"-13.1";"";"azn";"Проценты и бонусы";"1.5 1.5 3 1 6.1";"ASB kart";"Резервы";""		
2025-01-05;"-5.5";"-20.0";"azn";"Ребенок / Траты";"4 1.5";"Кошелёк";"Резервы";""		
2025-01-05;"-25.0";"-25.0";"azn";"Платный софт";"25 Notion";"Albali кредитная карта";"Резервы";""		
2025-01-04;"145.0";"";"azn";"";"";"";"";"ASB kart => Кошелёк"		
2025-01-04;"1.5";"";"azn";"";"";"";"";"Кошелек Самира => ASB kart"		
2025-01-04;"-10.0";"";"azn";"Автомобиль / Мойка";"10";"Кошелёк";"Резервы";""		
2025-01-04;"2.1";"";"azn";"";"";"";"";"Кошелёк => ASB kart"		
2025-01-04;"-14.1";"-25.0";"azn";"Продукты";"12 2.1";"ASB kart";"Резервы";""		
2025-01-03;"-25.0";"-25.0";"azn";"Автомобиль / Бензин";"25";"Кошелёк";"Резервы";""		
2025-01-03;"-1.5";"-35.0";"azn";"Дом";"1.5";"ASB kart";"Резервы";""		
2025-01-02;"31.0";"";"azn";"Проценты и бонусы";"31 edv";"Albali kart";"Резервы";""		
2025-01-02;"-31.7";"-25.0";"azn";"Продукты";"22 9.7";"Albali kart";"Резервы";""		
2025-01-01;"2.0";"";"azn";"Проценты и бонусы";"2 Процент с зарплатной карты";"ASB kart";"Резервы";""		
2025-01-01;"265.0";"265.0";"azn";"Зарплата Ильгар";"265";"Страхование жизни";"ХаниМани";""		
2025-01-01;"1935.0";"2000.0";"azn";"Зарплата Ильгар";"1935";"ASB kart";"Резервы";""		
2024-12-31;"21.9";"";"azn";"";"";"";"";"ABB kart Samira => Кошелёк"		
2024-12-31;"-7.0";"";"azn";"Продукты";"7";"ABB kart Samira";"Резервы";""		
2024-12-31;"-25.0";"-25.0";"azn";"Интернет и связь";"25 ailenet";"ABB kart Samira";"Резервы";""		
2024-12-31;"-7.0";"-8.0";"azn";"Интернет и связь";"3 Ильгар 1 3 Самира";"Albali kart";"Резервы";""		
2024-12-31;"-71.9";"-25.0";"azn";"Продукты";"50 21.9";"Кошелёк";"Резервы";""		
2024-12-31;"-4.22";"";"azn";"Подарки";"4.22";"ABB kart Samira";"Резервы";""		
2024-12-30;"-14.0";"";"azn";"Продукты";"14";"Кошелёк";"Резервы";""		
2024-12-30;"-8.0";"";"azn";"Продукты";"8";"ABB kart Samira";"Резервы";""		
2024-12-30;"-10.0";"";"azn";"Продукты";"10";"Кошелёк";"Резервы";""		
2024-12-30;"-50.0";"";"azn";"Продукты";"50";"ABB kart Samira";"Резервы";""		
2024-12-29;"145.0";"";"azn";"";"";"";"";"ABB kart Samira => Кошелёк"		
2024-12-29;"25.0";"";"azn";"";"";"";"";"Кошелёк => ASB kart"		
2024-12-29;"-8.0";"-20.0";"azn";"Ребенок / Траты";"8";"ABB kart Samira";"Резервы";""		
2024-12-28;"17.0";"";"azn";"";"";"";"";"Кошелёк => Кошелек Самира"		
2024-12-28;"8.0";"";"azn";"";"";"";"";"Кошелёк => ABB kart Samira"		
2024-12-28;"-55.0";"-25.0";"azn";"Продукты";"55";"ASB kart";"Резервы";""		
2024-12-27;"-4.0";"-4.0";"azn";"Развлечения и хобби";"4 futbol";"Кошелек Самира";"Резервы";""		
2024-12-27;"-8.0";"-1.5";"azn";"Транспорт";"8";"Кошелек Самира";"Резервы";""		
2024-12-27;"-25.0";"-25.0";"azn";"Автомобиль / Бензин";"25";"Кошелёк";"Резервы";""		
2024-12-27;"-1.0";"-1.0";"azn";"Автомобиль";"1 Парковка";"Кошелёк";"Резервы";""		
2024-12-26;"-10.0";"-8.0";"azn";"Транспорт";"10";"Кошелек Самира";"Резервы";""		
2024-12-26;"310.0";"";"azn";"";"";"";"";"Цифровая карта => Albali kart"		
2024-12-26;"247.0";"";"azn";"";"";"";"";"Albali kart => YapiKrediBank kredit"		
2024-12-26;"10.0";"";"azn";"";"";"";"";"Кошелек Самира => ASB kart"		
2024-12-26;"-55.0";"-60.0";"azn";"Проценты и бонусы";"55 за автокредит";"Albali kart";"Резервы";""		
2024-12-26;"-61.0";"-25.0";"azn";"Продукты";"51 10";"ASB kart";"Резервы";""		
2024-12-25;"20.0";"";"azn";"";"";"";"";"Кошелёк => Кошелек Самира"		
2024-12-25;"527.0";"";"azn";"";"";"";"";"Резервы => ХаниМани"		
2024-12-25;"-47.0";"-25.0";"azn";"Кафе	 ресторан";"47";"Кошелёк";"Резервы";""	
2024-12-25;"-28.0";"-30.0";"azn";"Продукты";"28";"ASB kart";"Резервы";""		
2024-12-24;"50.0";"";"azn";"";"";"";"";"Кошелёк => Кошелек Самира"		
2024-12-24;"-2.0";"-8.0";"azn";"Транспорт";"2";"Кошелек Самира";"Резервы";""		
2024-12-24;"2.0";"";"azn";"";"";"";"";"Кошелек Самира => ASB kart"		
2024-12-24;"-4.7";"-25.0";"azn";"Продукты";"1.7 2 1";"ASB kart";"Резервы";""		
2024-12-23;"150.0";"";"azn";"";"";"";"";"ASB kart => Кошелёк"		
2024-12-23;"-11.0";"-8.0";"azn";"Транспорт";"11";"Кошелек Самира";"Резервы";""		
2024-12-22;"7.0";"";"azn";"";"";"";"";"Кошелек Самира => Кошелёк"		
2024-12-22;"55.0";"";"azn";"";"";"";"";"Кошелёк => Кошелек Самира"		
2024-12-22;"5.0";"";"azn";"";"";"";"";"Кошелёк => ASB kart"		
2024-12-22;"-18.0";"-20.0";"azn";"Ребенок / Траты";"6 5 парикмахер 7";"Кошелёк";"Резервы";""		
2024-12-21;"1.0";"";"azn";"";"";"";"";"Кошелек Самира => Кошелёк"		
2024-12-21;"11.0";"";"azn";"";"";"";"";"Кошелек Самира => Кошелёк"		
2024-12-21;"-15.0";"";"azn";"Транспорт";"15";"Кошелёк";"Резервы";""		
2024-12-21;"-47.2";"-25.0";"azn";"Продукты";"25.5 21.7";"ASB kart";"Резервы";""		
2024-12-21;"-6.0";"-6.0";"azn";"Платный софт";"6 Yandex Music";"ASB kart";"Резервы";""		
2024-12-21;"-65.0";"-100.0";"azn";"Одежда и обувь";"12 2 4 35 11 1";"Кошелёк";"Резервы";""		
2024-12-21;"2.0";"2.0";"azn";"";"";"";"";"Кошелек Самира => Кошелёк"		
2024-12-20;"-25.0";"-1.5";"azn";"Транспорт";"12 7 6";"ASB kart";"Резервы";""		
2024-12-20;"6.0";"";"azn";"";"";"";"";"Кошелек Самира => ASB kart"		
2024-12-20;"-1.0";"-1.0";"azn";"Автомобиль";"1 Парковка";"Кошелёк";"Резервы";""		
2024-12-20;"-25.0";"-25.0";"azn";"Автомобиль / Бензин";"25";"ASB kart";"Резервы";""		
2024-12-20;"-4.0";"-4.0";"azn";"Развлечения и хобби";"4 futbol";"Кошелёк";"Резервы";""		
2024-12-19;"-18.0";"";"azn";"Дом";"18";"Кошелёк";"Резервы";""		
2024-12-19;"3.0";"";"azn";"";"";"";"";"Кошелек Самира => ASB kart"		
2024-12-19;"-11.5";"-8.0";"azn";"Транспорт";"11.5";"Кошелек Самира";"Резервы";""		
2024-12-19;"-12.32";"-25.0";"azn";"Продукты";"3 4.1 5.22";"ASB kart";"Резервы";""		
2024-12-18;"50.0";"";"azn";"";"";"";"";"Кошелёк => Кошелек Самира"		
2024-12-17;"150.0";"";"azn";"";"";"";"";"ASB kart => Кошелёк"		
2024-12-17;"9.0";"";"azn";"";"";"";"";"Кошелёк => ASB kart"		
2024-12-17;"-20.9";"-25.0";"azn";"Продукты";"2 2.2 9 7.7";"ASB kart";"Резервы";""		
2024-12-16;"-16.0";"-8.0";"azn";"Транспорт";"16";"Кошелек Самира";"Резервы";""		
2024-12-16;"20.0";"";"azn";"";"";"";"";"Кошелёк => Кошелек Самира"		
2024-12-15;"-90.3";"-100.0";"azn";"Гигиена и красота";"9 3.6 4 салон 25 бижутерия 11.2 12.5 25 духи";"ASB kart";"Резервы";""		
2024-12-15;"20.0";"";"azn";"";"";"";"";"Кошелек Самира => ASB kart"		
2024-12-15;"22.0";"";"azn";"";"";"";"";"Кошелек Самира => ASB kart"		
2024-12-15;"12.5";"";"azn";"";"";"";"";"ABB kart Samira => ASB kart"		
2024-12-15;"-53.0";"-75.0";"azn";"Подарки";"5 1.6 2.3 2.1 22 20 день рождения Зейнеб";"ASB kart";"Резервы";""		
2024-12-15;"25.0";"";"azn";"";"";"";"";"ABB kart Samira => ASB kart"		
2024-12-14;"-57.24";"-40.0";"azn";"Ком. услуги / Электроэнергия";"57.24";"ASB kart";"Резервы";""		
2024-12-14;"-12.0";"-13.0";"azn";"Интернет и связь";"12 ilqar internet";"ASB kart";"Резервы";""		
2024-12-14;"-24.0";"-25.0";"azn";"Продукты";"3 16 3 2";"ASB kart";"Резервы";""		
2024-12-14;"2.0";"";"azn";"";"";"";"";"Кошелёк => ASB kart"		
2024-12-13;"-4.0";"-4.0";"azn";"Развлечения и хобби";"4 futbol";"Кошелёк";"Резервы";""		
2024-12-13;"-6.0";"-1.5";"azn";"Транспорт";"6";"Кошелек Самира";"Резервы";""		
2024-12-13;"-22.0";"-25.0";"azn";"Автомобиль / Бензин";"22";"Кошелёк";"Резервы";""		
2024-12-13;"-1.0";"-1.0";"azn";"Автомобиль";"1 Парковка";"Кошелёк";"Резервы";""		
2024-12-12;"42.0";"";"azn";"";"";"";"";"Кошелёк => Кошелек Самира"		
2024-12-12;"25.0";"";"azn";"";"";"";"";"ASB kart => Albali кредитная карта"		
2024-12-12;"150.0";"";"azn";"";"";"";"";"ASB kart => Кошелёк"		
2024-12-12;"-17.0";"-8.0";"azn";"Транспорт";"17";"Кошелек Самира";"Резервы";""		
2024-12-12;"-65.0";"-25.0";"azn";"Продукты";"65";"ASB kart";"Резервы";""		
2024-12-11;"-20.0";"";"azn";"Транспорт";"20";"Кошелёк";"Резервы";""		
2024-12-11;"4.0";"";"azn";"";"";"";"";"Кошелек Самира => ASB kart"		
2024-12-11;"-10.0";"-10.0";"azn";"Ком. услуги / Вода";"10";"ASB kart";"Резервы";""		
2024-12-10;"-15.0";"-8.0";"azn";"Транспорт";"15";"Кошелек Самира";"Резервы";""		
2024-12-10;"364.0";"364.0";"azn";"Пенсия Самира";"364";"ABB kart Samira";"Резервы";""		
2024-12-10;"-19.66";"-25.0";"azn";"Продукты";"7.3 8.36 4";"ASB kart";"Резервы";""		
2024-12-09;"-20.0";"-8.0";"azn";"Транспорт";"20";"Кошелёк";"Резервы";""		
2024-12-08;"3.0";"";"azn";"";"";"";"";"Кошелёк => ASB kart"		
2024-12-08;"4.0";"";"azn";"";"";"";"";"Кошелек Самира => ASB kart"		
2024-12-08;"-6.0";"-20.0";"azn";"Ребенок / Траты";"6";"Кошелёк";"Резервы";""		
2024-12-08;"-5.6";"-5.6";"azn";"Платный софт";"5.6 ticktick";"ASB kart";"Резервы";""		
2024-12-08;"7.0";"";"azn";"";"";"";"";"Кошелек Самира => ASB kart"		
2024-12-08;"-37.5";"-80.0";"azn";"Ребенок / Одежда";"26.5 7 4";"ASB kart";"Резервы";""		
2024-12-07;"-35.26";"";"azn";"Ребенок / Одежда";"9.83 25.43";"Albali kart";"Резервы";""		
2024-12-07;"-16.0";"-16.0";"azn";"Ком. услуги / Квартира";"16";"Кошелёк";"Резервы";""		
2024-12-07;"-20.0";"-40.0";"azn";"Ком. услуги / Отопление";"20";"Кошелёк";"Резервы";""		
2024-12-07;"-50.0";"";"azn";"Подарки";"50";"Кошелёк";"Резервы";""		
2024-12-07;"70.0";"";"azn";"";"";"";"";"ASB kart => Albali kart"		
2024-12-07;"5.0";"";"azn";"";"";"";"";"Albali kart => ASB kart"		
2024-12-07;"-27.049999999999997";"-25.0";"azn";"Продукты";"8.75 3 10.9 4.4";"ASB kart";"Резервы";""		
2024-12-07;"145.0";"";"azn";"";"";"";"";"ASB kart => Кошелёк"		
2024-12-06;"-4.0";"-4.0";"azn";"Развлечения и хобби";"4 futbol";"Кошелёк";"Резервы";""		
2024-12-06;"64.0";"";"azn";"";"";"";"";"ABB kart Samira => ASB kart"		
2024-12-06;"-1.0";"-1.5";"azn";"Транспорт";"1";"Кошелек Самира";"Резервы";""		
2024-12-06;"-221.36";"-20.0";"azn";"Медицина / Лекарства";"15.26 сироп для ребенка 29.3 75.6 витамин д 37.2 витамин д 64";"ASB kart";"Резервы";""		
2024-12-06;"-25.0";"-25.0";"azn";"Автомобиль / Бензин";"25";"ASB kart";"Резервы";""		
2024-12-06;"4.0";"";"azn";"";"";"";"";"Кошелек Самира => ASB kart"		
2024-12-06;"-0.5";"-1.0";"azn";"Автомобиль";"0.5 Парковка";"Кошелёк";"Резервы";""		
2024-12-05;"40.0";"";"azn";"";"";"";"";"Кошелек Самира => Кошелёк"		
2024-12-05;"290.0";"";"azn";"";"";"";"";"ASB kart => Кошелёк"		
2024-12-05;"3.6";"";"azn";"";"";"";"";"Кошелек Самира => ASB kart"		
2024-12-05;"50.0";"";"azn";"";"";"";"";"ABB kart Samira => Лотерея"		
2024-12-05;"-26.0";"-25.0";"azn";"Платный софт";"26 Notion";"Albali кредитная карта";"Резервы";""		
2024-12-05;"-24.0";"-25.0";"azn";"Продукты";"24";"ASB kart";"Резервы";""		
2024-12-05;"-1.0";"-8.0";"azn";"Транспорт";"1";"Кошелек Самира";"Резервы";""		
2024-12-05;"-285.0";"-320.0";"azn";"Ребенок / Терапия";"245 Психологу 40 mini baxca";"Кошелёк";"Резервы";""		
2024-12-04;"-30.0";"";"azn";"Продукты";"30";"Кошелёк";"ХаниМани";""		
2024-12-04;"-10.0";"";"azn";"Ребенок";"10";"Кошелёк";"Резервы";""		
2024-12-04;"-29.0";"-30.0";"azn";"Ребенок";"29 Памперсы";"ASB kart";"Резервы";""		
2024-12-04;"-50.0";"-60.0";"azn";"Медицина / Лекарства";"50 Финлипсал Эпинекс и Бисогамма";"ASB kart";"Резервы";""		
2024-12-03;"10.0";"";"azn";"";"";"";"";"ABB kart Samira => ASB kart"		
2024-12-03;"-42.83";"-35.0";"azn";"Дом";"6.5 1.83 20 игрушки новый год 4.5 10";"ASB kart";"Резервы";""		
2024-12-03;"4.5";"";"azn";"";"";"";"";"Кошелек Самира => ASB kart"		
2024-12-03;"9.3";"";"azn";"";"";"";"";"Albali kart => ASB kart"		
2024-12-03;"20.0";"";"azn";"";"";"";"";"Кошелёк => ASB kart"		
2024-12-03;"-4.5";"-25.0";"azn";"Продукты";"2.2 1.6 0.7";"ASB kart";"Резервы";""		
2024-12-03;"-18.0";"-8.0";"azn";"Транспорт";"10 8";"Кошелек Самира";"Резервы";""		
2024-12-03;"8.0";"";"azn";"";"";"";"";"Albali kart => Кошелек Самира"		
2024-12-03;"-2.0";"-25.0";"azn";"Проценты и бонусы";"2 перевод";"ASB kart";"Резервы";""		
2024-12-03;"310.0";"310.0";"azn";"Зарплата Ильгар";"310";"Цифровая карта";"ХаниМани";""		
2024-12-02;"-12.0";"-8.0";"azn";"Транспорт";"12";"Кошелек Самира";"Резервы";""		
2024-12-01;"1739.0";"1700.0";"azn";"Зарплата Ильгар";"1658 81";"ASB kart";"Резервы";""		
2024-12-01;"265.0";"265.0";"azn";"Зарплата Ильгар";"265";"Страхование жизни";"Резервы";""		
2024-12-01;"-20.02";"-20.0";"azn";"Ребенок / Траты";"7.67 7.17 5.18";"Albali kart";"Резервы";""		
2024-11-30;"5.6";"";"azn";"";"";"";"";"Кошелек Самира => ASB kart"		
2024-11-30;"-10.0";"";"azn";"Медицина / Лечение";"10 ЭКГ";"ASB kart";"Резервы";""		
2024-11-30;"-25.0";"-25.0";"azn";"Интернет и связь";"25 ailenet";"ASB kart";"Резервы";""		
2024-11-30;"-20.0";"-25.0";"azn";"Продукты";"1.7 12.7 5.6";"ASB kart";"Резервы";""		
2024-11-30;"-6.0";"-8.0";"azn";"Интернет и связь";"3 3 Ильгар Самира";"ASB kart";"Резервы";""		
2024-11-29;"-200.0";"";"azn";"Подарки";"200 на свадьбу Эльдара";"Кошелёк";"Резервы";""		
2024-11-29;"-25.0";"-25.0";"azn";"Автомобиль / Бензин";"25";"ASB kart";"Резервы";""		
2024-11-29;"24.0";"";"azn";"";"";"";"";"ASB kart => Кошелек Самира"		
2024-11-29;"-1.5";"-1.5";"azn";"Транспорт";"1.5";"Кошелек Самира";"Резервы";""		
2024-11-28;"100.0";"";"azn";"";"";"";"";"ABB kart Samira => Кошелёк"		
2024-11-28;"-5.5";"-8.0";"azn";"Транспорт";"5.5";"Кошелек Самира";"Резервы";""		
2024-11-28;"-25.2";"-25.0";"azn";"Продукты";"24.4 0.8";"ASB kart";"Резервы";""		
2024-11-27;"9.0";"";"azn";"";"";"";"";"Кошелёк => Albali kart"		
2024-11-27;"53.0";"";"azn";"";"";"";"";"Кошелёк => ASB kart"		
2024-11-26;"249.0";"";"azn";"";"";"";"";"Albali kart => YapiKrediBank kredit"		
2024-11-26;"-53.0";"-60.0";"azn";"Проценты и бонусы";"50 за автокредит 3";"Albali kart";"Резервы";""		
2024-11-26;"-15.0";"-8.0";"azn";"Транспорт";"15";"Кошелек Самира";"Резервы";""		
2024-11-26;"310.0";"";"azn";"";"";"";"";"Цифровая карта => Albali kart"		
2024-11-26;"-8.6";"-25.0";"azn";"Продукты";"2.8 5.8";"ASB kart";"Резервы";""		
2024-11-25;"-17.0";"-8.0";"azn";"Транспорт";"13 4";"Кошелек Самира";"Резервы";""		
2024-11-25;"150.0";"";"azn";"";"";"";"";"ASB kart => Кошелёк"		
2024-11-24;"-7.6";"-25.0";"azn";"Кафе	 ресторан";"2.6 5";"Кошелёк";"Резервы";""	
2024-11-24;"-2.0";"-20.0";"azn";"Ребенок / Траты";"2";"Кошелек Самира";"Резервы";""		
2024-11-23;"-1.6";"";"azn";"Ребенок / Одежда";"1.6";"Кошелёк";"Резервы";""		
2024-11-23;"-8.0";"-20.0";"azn";"Медицина / Лекарства";"2.3 5.7";"ASB kart";"Резервы";""		
2024-11-23;"-42.0";"-25.0";"azn";"Продукты";"42";"ASB kart";"Резервы";""		
2024-11-23;"-30.0";"-30.0";"azn";"Платный софт";"30 honemoney";"ASB kart";"Резервы";""		
2024-11-22;"-25.0";"-25.0";"azn";"Автомобиль / Бензин";"25";"ASB kart";"Резервы";""		
2024-11-22;"5.0";"";"azn";"";"";"";"";"ASB kart => Кошелёк"		
2024-11-22;"2.4";"";"azn";"";"";"";"";"Кошелёк => ASB kart"		
2024-11-22;"-1.0";"-1.0";"azn";"Автомобиль";"1 мойка";"Кошелёк";"Резервы";""		
2024-11-21;"-30.4";"-25.0";"azn";"Продукты";"12 5 1 4 2.4 6";"Кошелёк";"Резервы";""		
2024-11-21;"-6.0";"-6.0";"azn";"Платный софт";"6 Yandex Music";"ASB kart";"Резервы";""		
2024-11-21;"62.0";"";"azn";"";"";"";"";"Кошелёк => ASB kart"		
2024-11-21;"78.0";"";"azn";"";"";"";"";"Albali kart => ASB kart"		
2024-11-21;"-195.0";"";"azn";"Подарки";"78 50 12 для невесты Эльдара 25 торт 30 день рождения Амира";"ASB kart";"Резервы";""		
2024-11-21;"-199.0";"-200.0";"azn";"Одежда и обувь";"117 куртка брюки свитер 77 temu 5";"Кошелёк";"Резервы";""		
2024-11-20;"-26.12";"-60.0";"azn";"Медицина / Лекарства";"15 4 7.12";"ASB kart";"Резервы";""		
2024-11-20;"60.0";"";"azn";"";"";"";"";"ASB kart => Albali kart"		
2024-11-20;"95.0";"";"azn";"";"";"";"";"ASB kart => Кошелёк"		
2024-11-19;"-9.0";"-8.0";"azn";"Транспорт";"9";"Кошелек Самира";"Резервы";""		
2024-11-19;"15.0";"";"azn";"";"";"";"";"Кошелёк => ASB kart"		
2024-11-19;"-13.3";"-25.0";"azn";"Продукты";"6 6.3 1";"ASB kart";"Резервы";""		
2024-11-18;"-16.0";"-8.0";"azn";"Транспорт";"16";"Кошелек Самира";"Резервы";""		
2024-11-18;"25.0";"";"azn";"";"";"";"";"Кошелёк => Кошелек Самира"		
2024-11-18;"50.0";"";"azn";"";"";"";"";"ASB kart => Кошелёк"		
2024-11-17;"50.0";"";"azn";"";"";"";"";"ASB kart => Albali kart"		
2024-11-17;"-36.0";"";"azn";"Продукты";"21 15 водка и пиво";"Albali kart";"ХаниМани";""		
2024-11-17;"-21.0";"";"azn";"Продукты";"21";"Albali kart";"Резервы";""		
2024-11-17;"-1.5";"-20.0";"azn";"Ребенок / Траты";"1.5";"Кошелек Самира";"Резервы";""		
2024-11-16;"-69.0";"-25.0";"azn";"Продукты";"69";"ASB kart";"Резервы";""		
2024-11-16;"150.0";"";"azn";"Подарки";"150 ребенку на день рождения";"Кошелек Самира";"Резервы";""		
2024-11-15;"10.0";"";"azn";"";"";"";"";"ASB kart => Кошелек Самира"		
2024-11-15;"-25.0";"-25.0";"azn";"Автомобиль / Бензин";"25";"ASB kart";"Резервы";""		
2024-11-15;"-58.33";"-100.0";"azn";"Гигиена и красота";"14.63 37 3.4 0.8 2.5";"ASB kart";"Резервы";""		
2024-11-15;"-141.2";"-75.0";"azn";"Подарки";"4.5 4.3 7.5 14 48 в деревню 20 yas kendde 11.9 19 12";"ASB kart";"Резервы";""		
2024-11-15;"-0.5";"-1.0";"azn";"Автомобиль";"0.5 Парковка";"Кошелёк";"Резервы";""		
2024-11-15;"-14.5";"-1.5";"azn";"Транспорт";"14.5";"Кошелек Самира";"Резервы";""		
2024-11-15;"-4.0";"-4.0";"azn";"Развлечения и хобби";"4 futbol";"Кошелёк";"Резервы";""		
2024-11-15;"30.0";"";"azn";"";"";"";"";"Кошелёк => Кошелек Самира"		
2024-11-15;"39.0";"";"azn";"";"";"";"";"Кошелек Самира => ASB kart"		
2024-11-14;"-12.0";"-13.0";"azn";"Интернет и связь";"12 ilqar internet";"ASB kart";"Резервы";""		
2024-11-14;"-16.0";"-16.0";"azn";"Ком. услуги / Квартира";"16";"Кошелек Самира";"Резервы";""		
2024-11-14;"-43.2";"-40.0";"azn";"Ком. услуги / Электроэнергия";"43.2";"ASB kart";"Резервы";""		
2024-11-14;"-19.58";"-25.0";"azn";"Продукты";"3.28 2 14.3";"ASB kart";"Резервы";""		
2024-11-13;"2.0";"";"azn";"";"";"";"";"Кошелек Самира => ASB kart"		
2024-11-12;"-20.0";"-8.0";"azn";"Транспорт";"5 15";"Albali kart";"Резервы";""		
2024-11-12;"15.0";"";"azn";"";"";"";"";"Кошелёк => Albali kart"		
2024-11-12;"-25.5";"-25.0";"azn";"Продукты";"9.7 8.3 2.3 1 4.2";"ASB kart";"Резервы";""		
2024-11-11;"20.0";"";"azn";"";"";"";"";"Кошелёк => Кошелек Самира"		
2024-11-11;"-1.0";"-8.0";"azn";"Транспорт";"1";"Кошелек Самира";"Резервы";""		
2024-11-11;"-40.0";"-25.0";"azn";"Автомобиль / Бензин";"40";"ASB kart";"Резервы";""		
2024-11-11;"-9.0";"-10.0";"azn";"Ком. услуги / Вода";"9";"ASB kart";"Резервы";""		
2024-11-10;"195.0";"";"azn";"";"";"";"";"ABB kart Samira => Кошелёк"		
2024-11-10;"12.0";"";"azn";"";"";"";"";"Кошелек Самира => Кошелёк"		
2024-11-10;"-3.0";"-20.0";"azn";"Ребенок / Траты";"3";"Кошелёк";"Резервы";""		
2024-11-10;"-65.0";"-80.0";"azn";"Ребенок / Одежда";"65";"ASB kart";"Резервы";""		
2024-11-10;"8.3";"";"azn";"";"";"";"";"Кошелек Самира => ASB kart"		
2024-11-09;"-12.0";"-30.0";"azn";"Автомобиль / Ремонт";"12 баланс развал";"Кошелёк";"Резервы";""		
2024-11-09;"-50.0";"-60.0";"azn";"Медицина / Лекарства";"50 Финлипсал Эпинекс и Бисогамма";"ASB kart";"Резервы";""		
2024-11-09;"364.0";"364.0";"azn";"Пенсия Самира";"364";"ABB kart Samira";"Резервы";""		
2024-11-09;"-53.4";"-25.0";"azn";"Продукты";"53.4";"ASB kart";"Резервы";""		
2024-11-09;"-55.0";"-30.0";"azn";"Продукты";"55 мясо";"Кошелёк";"Резервы";""		
2024-11-09;"-9.0";"-20.0";"azn";"Ребенок / Траты";"9 большой мяч";"Кошелёк";"Резервы";""		
2024-11-08;"-4.0";"-4.0";"azn";"Развлечения и хобби";"4 futbol";"Кошелёк";"Резервы";""		
2024-11-08;"14.0";"";"azn";"";"";"";"";"Кошелёк => ASB kart"		
2024-11-08;"-5.6";"-5.6";"azn";"Платный софт";"5.6 ticktick";"ASB kart";"Резервы";""		
2024-11-08;"-1.0";"-1.0";"azn";"Автомобиль";"1 Парковка";"Кошелёк";"Резервы";""		
2024-11-07;"-305.0";"-320.0";"azn";"Ребенок / Терапия";"305 Психологу";"Кошелек Самира";"Резервы";""		
2024-11-07;"-2.0";"-8.0";"azn";"Транспорт";"2";"Кошелек Самира";"Резервы";""		
2024-11-07;"-47.65";"-25.0";"azn";"Продукты";"47.65";"ASB kart";"Резервы";""		
2024-11-07;"4.5";"";"azn";"";"";"";"";"Кошелек Самира => ASB kart"		
2024-11-06;"56.0";"";"azn";"";"";"";"";"Кошелёк => Кошелек Самира"		
2024-11-06;"6.0";"";"azn";"";"";"";"";"Кошелек Самира => Albali kart"		
2024-11-06;"-40.0";"-40.0";"azn";"Одежда и обувь";"40 за одежду Туркан";"Кошелёк";"Резервы";""		
2024-11-06;"304.0";"";"azn";"";"";"";"";"Кошелёк => Кошелек Самира"		
2024-11-06;"195.0";"";"azn";"";"";"";"";"ASB kart => Кошелёк"		
2024-11-05;"6.21";"";"azn";"";"";"";"";"Кошелёк => Albali kart"		
2024-11-05;"-8.5";"-8.0";"azn";"Транспорт";"3.5 5";"Кошелек Самира";"Резервы";""		
2024-11-05;"100.0";"";"azn";"";"";"";"";"Кошелёк => Долг маме"		
2024-11-05;"100.0";"100.0";"azn";"Зарплата Ильгар";"100";"Кошелёк";"ХаниМани";""		
2024-11-05;"-25.0";"-25.0";"azn";"Платный софт";"25 Notion";"Albali кредитная карта";"Резервы";""		
2024-11-05;"-22.81";"-25.0";"azn";"Продукты";"8 2.6 6.21 6";"Albali kart";"Резервы";""		
2024-11-04;"-5.5";"-8.0";"azn";"Транспорт";"5.5";"Кошелек Самира";"Резервы";""		
2024-11-04;"400.0";"";"azn";"";"";"";"";"ASB kart => Кошелёк"		
2024-11-04;"8.0";"";"azn";"";"";"";"";"Кошелек Самира => Albali kart"		
2024-11-04;"20.0";"";"azn";"";"";"";"";"Кошелёк => Кошелек Самира"		
2024-11-04;"34.0";"";"azn";"";"";"";"";"ASB kart => Albali кредитная карта"		
2024-11-04;"140.0";"";"azn";"";"";"";"";"ХаниМани => Резервы"		
2024-11-03;"6.0";"";"azn";"";"";"";"";"Кошелёк => ASB kart"		
2024-11-03;"-10.5";"-20.0";"azn";"Ребенок / Траты";"6 4.5";"Кошелёк";"Резервы";""		
2024-11-03;"-11.0";"-35.0";"azn";"Дом";"4 7";"ASB kart";"Резервы";""		
2024-11-03;"310.0";"310.0";"azn";"Зарплата Ильгар";"310";"Цифровая карта";"ХаниМани";""		
2024-11-03;"-1.55";"-25.0";"azn";"Проценты и бонусы";"1.55 процент на цифровую карту	;ASB kart";"Резервы";""	
2024-11-03;"-29.0";"-30.0";"azn";"Ребенок";"29 Памперсы";"Albali kart";"Резервы";""		
2024-11-02;"100.0";"";"azn";"";"";"";"";"Долг маме => Кошелёк"		
2024-11-02;"-7.0";"-20.0";"azn";"Продукты";"7";"ASB kart";"Резервы";""		
2024-11-02;"-8.0";"";"azn";"Платный софт";"Nice Mind 8";"Albali кредитная карта";"Резервы";""		
2024-11-02;"50.0";"";"azn";"";"";"";"";"Кошелёк => ASB kart"		
2024-11-02;"13.0";"";"azn";"";"";"";"";"Albali kart => ASB kart"		
2024-11-01;"-30.0";"-30.0";"azn";"Автомобиль / Бензин";"30 В деревню";"Кошелёк";"Резервы";""		
2024-11-01;"265.0";"265.0";"azn";"Зарплата Ильгар";"265";"Страхование жизни";"Резервы";""		
2024-11-01;"2003.0";"1700.0";"azn";"Зарплата Ильгар";"2003";"ASB kart";"Резервы";""		
2024-11-01;"-25.0";"-25.0";"azn";"Автомобиль / Бензин";"25";"ASB kart";"Резервы";""		
2024-10-31;"303.0";"";"azn";"";"";"";"";"Albali кредитная карта => Albali kart"		
2024-10-31;"303.0";"";"azn";"";"";"";"";"Albali kart => Albali кредитная карта"		
2024-10-31;"50.0";"";"azn";"";"";"";"";"ABB kart Samira => Albali kart"		
2024-10-31;"-25.0";"-25.0";"azn";"Интернет и связь";"25 ailenet";"Albali kart";"Резервы";""		
2024-10-31;"-6.5";"-8.0";"azn";"Интернет и связь";"3.5 3 Ильгар Самира";"Albali kart";"Резервы";""		
2024-10-31;"70.0";"";"azn";"";"";"";"";"ASB kart => Albali kart"		
2024-10-31;"-3.4";"";"azn";"Проценты и бонусы";"3.4";"Albali kart";"Резервы";""		
2024-10-31;"-25.75";"-20.0";"azn";"Продукты";"12 4.92 8.83";"ASB kart";"Резервы";""		
2024-10-31;"-10.0";"-8.0";"azn";"Транспорт";"10";"Кошелёк";"Резервы";""		
2024-10-30;"49.21";"";"azn";"";"";"";"";"Albali kart => Кошелёк"		
2024-10-29;"-20.15";"-20.0";"azn";"Продукты";"20.15";"ASB kart";"Резервы";""		
2024-10-29;"-10.0";"-8.0";"azn";"Транспорт";"10";"Кошелёк";"Резервы";""		
2024-10-28;"100.0";"";"azn";"";"";"";"";"ASB kart => Кошелёк"		
2024-10-28;"-11.0";"-8.0";"azn";"Транспорт";"11";"Кошелёк";"Резервы";""		
2024-10-28;"-40.0";"-25.0";"azn";"Гигиена и красота";"40 салон";"Кошелек Самира";"Резервы";""		
2024-10-28;"-150.0";"-150.0";"azn";"Подарки";"150 Свадьба сына Вахида";"Кошелёк";"Резервы";""		
2024-10-28;"60.0";"";"azn";"";"";"";"";"Кошелек Самира => Кошелёк"		
2024-10-27;"32.0";"";"azn";"";"";"";"";"Кошелек Самира => Кошелёк"		
2024-10-27;"-8.0";"-20.0";"azn";"Ребенок / Траты";"3 2 3";"Кошелёк";"Резервы";""		
2024-10-26;"310.0";"";"azn";"";"";"";"";"Цифровая карта => Albali кредитная карта"		
2024-10-26;"6.0";"";"azn";"";"";"";"";"Кошелёк => Albali kart"		
2024-10-26;"15.0";"";"azn";"";"";"";"";"Кошелек Самира => ASB kart"		
2024-10-26;"-27.740000000000002";"-20.0";"azn";"Продукты";"6.4 4.34 15 2";"ASB kart";"Резервы";""		
2024-10-26;"239.0";"";"azn";"";"";"";"";"Albali кредитная карта => YapiKrediBank kredit"		
2024-10-26;"9.0";"";"azn";"";"";"";"";"ASB kart => Albali kart"		
2024-10-26;"3.0";"";"azn";"";"";"";"";"Кошелёк => ASB kart"		
2024-10-26;"11.0";"";"azn";"";"";"";"";"Albali кредитная карта => Albali kart"		
2024-10-26;"-60.0";"-60.0";"azn";"Проценты и бонусы";"60 за автокредит";"Albali кредитная карта";"Резервы";""		
2024-10-25;"-4.0";"-4.0";"azn";"Развлечения и хобби";"4 futbol";"Кошелёк";"Резервы";""		
2024-10-25;"-1.0";"-1.5";"azn";"Транспорт";"1";"Кошелек Самира";"Резервы";""		
2024-10-25;"30.0";"";"azn";"";"";"";"";"Кошелек Самира => ASB kart"		
2024-10-25;"-27.5";"-25.0";"azn";"Автомобиль / Бензин";"27.5";"ASB kart";"Резервы";""		
2024-10-25;"200.0";"";"azn";"";"";"";"";"ABB kart Samira => Кошелек Самира"		
2024-10-25;"92.0";"";"azn";"";"";"";"";"Кошелёк => Кошелек Самира"		
2024-10-25;"-1.0";"-1.0";"azn";"Автомобиль";"1 Парковка";"Кошелёк";"Резервы";""		
2024-10-24;"3.0";"";"azn";"";"";"";"";"Кошелек Самира => Кошелёк"		
2024-10-24;"5.0";"";"azn";"";"";"";"";"Кошелёк => ASB kart"		
2024-10-24;"1.4";"";"azn";"";"";"";"";"Кошелек Самира => ASB kart"		
2024-10-24;"-20.4";"-20.0";"azn";"Продукты";"1 2 12.8 4.6";"ASB kart";"Резервы";""		
2024-10-24;"2.0";"";"azn";"";"";"";"";"Кошелек Самира => ASB kart"		
2024-10-24;"-7.5";"-8.0";"azn";"Транспорт";"7.5";"Кошелек Самира";"Резервы";""		
2024-10-23;"2.0";"";"azn";"";"";"";"";"Кошелек Самира => Кошелёк"		
2024-10-23;"0.6";"";"azn";"";"";"";"";"Кошелёк => ABB kart Samira"		
2024-10-22;"2.0";"";"azn";"";"";"";"";"Кошелек Самира => ASB kart"		
2024-10-22;"1.0";"";"azn";"";"";"";"";"Кошелек Самира => Кошелёк"		
2024-10-22;"1.0";"";"azn";"";"";"";"";"Кошелек Самира => ASB kart"		
2024-10-22;"-5.5";"-8.0";"azn";"Транспорт";"5.5";"Кошелек Самира";"Резервы";""		
2024-10-22;"-25.64";"-20.0";"azn";"Продукты";"6.8 18.84";"ASB kart";"Резервы";""		
2024-10-21;"-113.0";"-100.0";"azn";"Одежда и обувь";"45 38 6 3 1 20";"Кошелек Самира";"Резервы";""		
2024-10-21;"-6.0";"-6.0";"azn";"Платный софт";"6 Yandex Music";"ASB kart";"Резервы";""		
2024-10-21;"20.0";"";"azn";"";"";"";"";"Кошелёк => Кошелек Самира"		
2024-10-20;"258.0";"";"azn";"";"";"";"";"ХаниМани => Резервы"		
2024-10-20;"-6.0";"-20.0";"azn";"Ребенок / Траты";"6";"Кошелёк";"Резервы";""		
2024-10-20;"0.35";"";"azn";"";"";"";"";"Кошелек Самира => ABB kart Samira"		
2024-10-19;"3.4";"";"azn";"";"";"";"";"Кошелек Самира => Кошелёк"		
2024-10-19;"-69.2";"-75.0";"azn";"Подарки";"6.2 50 Дочке Севиндж 13";"ASB kart";"Резервы";""		
2024-10-19;"-27.14";"-25.0";"azn";"Кафе	 ресторан";"14.14 13 торт и вино";"ASB kart";"Резервы";""	
2024-10-19;"-19.91";"-20.0";"azn";"Продукты";"2.91 4 6 7";"ASB kart";"Резервы";""		
2024-10-19;"-77.61";"-70.0";"azn";"Подарки";"20 3.4 5 49.21 в деревню";"Кошелёк";"Резервы";""		
2024-10-18;"7.0";"";"azn";"";"";"";"";"Кошелек Самира => ASB kart"		
2024-10-18;"10.0";"";"azn";"";"";"";"";"Кошелёк => Кошелек Самира"		
2024-10-18;"-25.0";"-25.0";"azn";"Автомобиль / Бензин";"25";"ASB kart";"Резервы";""		
2024-10-18;"-1.0";"-20.0";"azn";"Дом";"0.65 0.35";"ABB kart Samira";"Резервы";""		
2024-10-18;"-4.0";"-4.0";"azn";"Развлечения и хобби";"4 futbol";"Кошелёк";"Резервы";""		
2024-10-18;"-1.0";"-1.5";"azn";"Транспорт";"1";"Кошелек Самира";"Резервы";""		
2024-10-17;"-1.0";"-8.0";"azn";"Транспорт";"1";"Кошелек Самира";"Резервы";""		
2024-10-17;"-22.98";"-20.0";"azn";"Продукты";"3 4.31 4.67 11";"ASB kart";"Резервы";""		
2024-10-17;"6.0";"";"azn";"";"";"";"";"Кошелек Самира => ASB kart"		
2024-10-17;"6.2";"";"azn";"";"";"";"";"Кошелек Самира => ASB kart"		
2024-10-17;"7.5";"";"azn";"";"";"";"";"Кошелёк => ASB kart"		
2024-10-16;"11.0";"";"azn";"";"";"";"";"Кошелёк => ASB kart"		
2024-10-16;"35.0";"";"azn";"";"";"";"";"Кошелек Самира => ASB kart"		
2024-10-16;"-27.2";"-50.0";"azn";"Медицина / Лекарства";"27.2 Лечение Самира";"ASB kart";"Резервы";""		
2024-10-15;"6.0";"";"azn";"";"";"";"";"Кошелек Самира => Кошелёк"		
2024-10-15;"-200.0";"-250.0";"azn";"Подарки";"200 Свадьба дочери Намика";"Кошелёк";"Резервы";""		
2024-10-15;"-104.17999999999999";"-100.0";"azn";"Гигиена и красота";"3.2 1.4 5.6 7 6 35 салон 8.5 4.88 2.6 30";"ASB kart";"Резервы";""		
2024-10-15;"40.0";"";"azn";"";"";"";"";"Кошелёк => Кошелек Самира"		
2024-10-15;"-1.0";"-8.0";"azn";"Транспорт";"1";"Кошелек Самира";"Резервы";""		
2024-10-15;"-24.740000000000002";"-20.0";"azn";"Продукты";"3 2.5 9.8 9.44";"ASB kart";"Резервы";""		
2024-10-14;"-18.0";"-8.0";"azn";"Транспорт";"13 5";"Кошелек Самира";"Резервы";""		
2024-10-14;"-45.5";"-50.0";"azn";"Одежда и обувь";"45.5 на свадьбу отменили купили Самире одежду";"ASB kart";"Резервы";""		
2024-10-14;"250.0";"";"azn";"";"";"";"";"ASB kart => Кошелёк"		
2024-10-14;"-22.84";"-25.0";"azn";"Ком. услуги / Электроэнергия";"22.84";"ASB kart";"Резервы";""		
2024-10-14;"-13.0";"-13.0";"azn";"Интернет и связь";"13 ilqar internet";"ASB kart";"Резервы";""		
2024-10-14;"-104.6";"-100.0";"azn";"Медицина / Лекарства";"104 Minoksidil 0.6 на почте";"ABB kart Samira";"Резервы";""		
2024-10-13;"6.0";"";"azn";"";"";"";"";"Кошелёк => Кошелек Самира"		
2024-10-13;"3.0";"";"azn";"";"";"";"";"Кошелёк => Кошелек Самира"		
2024-10-13;"-19.5";"-20.0";"azn";"Ребенок / Траты";"3 4.5 3 3 6";"Кошелек Самира";"Резервы";""		
2024-10-12;"-30.400000000000002";"-20.0";"azn";"Продукты";"2.8 7 3 17.60";"ASB kart";"Резервы";""		
2024-10-12;"6.0";"";"azn";"";"";"";"";"ABB kart Samira => ASB kart"		
2024-10-12;"3.0";"";"azn";"";"";"";"";"ABB kart Samira => ASB kart"		
2024-10-12;"2.5";"";"azn";"";"";"";"";"Кошелек Самира => ASB kart"		
2024-10-12;"9.8";"";"azn";"";"";"";"";"Кошелёк => ASB kart"		
2024-10-11;"-1.0";"-1.5";"azn";"Транспорт";"1";"Кошелек Самира";"Резервы";""		
2024-10-11;"-25.0";"-25.0";"azn";"Автомобиль / Бензин";"25";"ASB kart";"Резервы";""		
2024-10-11;"-9.0";"-10.0";"azn";"Ком. услуги / Вода";"9";"ASB kart";"Резервы";""		
2024-10-11;"-0.6";"-1.0";"azn";"Автомобиль";"0.6 Парковка";"Кошелёк";"Резервы";""		
2024-10-11;"7.0";"";"azn";"";"";"";"";"Кошелек Самира => ASB kart"		
2024-10-11;"-8.0";"-4.0";"azn";"Развлечения и хобби";"8 futbol";"Кошелёк";"Резервы";""		
2024-10-10;"30.0";"";"azn";"";"";"";"";"Кошелёк => Кошелек Самира"		
2024-10-10;"-25.0";"-20.0";"azn";"Продукты";"25";"Кошелёк";"Резервы";""		
2024-10-10;"-5.5";"-8.0";"azn";"Транспорт";"5.5";"Кошелек Самира";"Резервы";""		
2024-10-09;"364.0";"364.0";"azn";"Пенсия Самира";"364";"ABB kart Samira";"Резервы";""		
2024-10-09;"2.0";"";"azn";"";"";"";"";"Кошелек Самира => ASB kart"		
2024-10-09;"1.0";"";"azn";"";"";"";"";"Кошелёк => Кошелек Самира"		
2024-10-09;"30.0";"";"azn";"";"";"";"";"Кошелёк => ASB kart"		
2024-10-09;"22.0";"";"azn";"";"";"";"";"Кошелёк => Кошелек Самира"		
2024-10-08;"-5.5";"-8.0";"azn";"Транспорт";"5.5";"Кошелек Самира";"Резервы";""		
2024-10-08;"-16.0";"-16.0";"azn";"Ком. услуги / Квартира";"16";"Кошелек Самира";"Резервы";""		
2024-10-08;"-64.5";"-60.0";"azn";"Ребенок / Одежда";"30 27 7.5";"ASB kart";"Резервы";""		
2024-10-08;"-5.6";"-5.6";"azn";"Платный софт";"5.6 ticktick";"ASB kart";"Резервы";""		
2024-10-08;"-25.0";"-20.0";"azn";"Продукты";"25";"Кошелёк";"Резервы";""		
2024-10-07;"20.0";"";"azn";"";"";"";"";"ASB kart => Albali кредитная карта"		
2024-10-07;"10.0";"";"azn";"";"";"";"";"Кошелек Самира => ASB kart"		
2024-10-07;"-5.0";"-8.0";"azn";"Транспорт";"5";"Кошелек Самира";"Резервы";""		
2024-10-07;"20.0";"";"azn";"";"";"";"";"Кошелёк => Кошелек Самира"		
2024-10-07;"-295.0";"-320.0";"azn";"Ребенок / Терапия";"295 Психологу";"Кошелек Самира";"Резервы";""		
2024-10-06;"-13.5";"-20.0";"azn";"Ребенок / Траты";"4	5 3 3 3 парикмахер";"Кошелёк";"Резервы";""	
2024-10-06;"-20.0";"";"azn";"Подарки";"20 Яс Лятифы";"Кошелёк";"Резервы";""		
2024-10-06;"-4.2";"-20.0";"azn";"Медицина / Лекарства";"2.5 от гриппа	 1.7";"ASB kart";"Резервы";""	
2024-10-05;"-28.1";"-60.0";"azn";"Медицина / Лекарства";"28.1 Финлипсал Эпинекс и Бисогамма";"ASB kart";"Резервы";""		
2024-10-05;"-22.0";"-22.0";"azn";"Платный софт";"22 Notion";"Albali кредитная карта";"Резервы";""		
2024-10-05;"395.0";"";"azn";"";"";"";"";"ASB kart => Кошелёк"		
2024-10-05;"-31.8";"-20.0";"azn";"Продукты";"8.5 6 4.1 6 2 5.2";"ASB kart";"Резервы";""		
2024-10-04;"6.0";"";"azn";"";"";"";"";"Кошелёк => ASB kart"		
2024-10-04;"10.0";"";"azn";"";"";"";"";"Кошелёк => Кошелек Самира"		
2024-10-04;"4.1";"";"azn";"";"";"";"";"Кошелек Самира => ASB kart"		
2024-10-04;"1.7";"";"azn";"";"";"";"";"Кошелек Самира => ASB kart"		
2024-10-04;"320.0";"320.0";"azn";"";"";"";"";"Кошелёк => Кошелек Самира"		
2024-10-03;"15.0";"";"azn";"";"";"";"";"Кошелёк => ASB kart"		
2024-10-03;"395.0";"400.0";"azn";"";"";"";"";"ASB kart => Кошелёк"		
2024-10-03;"1.0";"";"azn";"";"";"";"";"Кошелек Самира => ASB kart"		
2024-10-03;"3.0";"";"azn";"";"";"";"";"Кошелек Самира => Кошелёк"		
2024-10-03;"30.0";"";"azn";"";"";"";"";"Кошелёк => ASB kart"		
2024-10-03;"-28.7";"-40.0";"azn";"Ребенок";"28.7 Памперсы";"ASB kart";"Резервы";""		
2024-10-03;"-25.0";"-25.0";"azn";"Автомобиль / Бензин";"25";"ASB kart";"Резервы";""		
2024-10-03;"-32.0";"-20.0";"azn";"Продукты";"1 31";"ASB kart";"Резервы";""		
2024-10-03;"10.0";"";"azn";"";"";"";"";"Кошелёк => Кошелек Самира"		
2024-10-03;"-5.0";"-8.0";"azn";"Транспорт";"5";"Кошелек Самира";"Резервы";""		
2024-10-02;"187.0";"150.0";"azn";"Зарплата Ильгар";"187";"Albali кредитная карта";"ХаниМани";""		
2024-10-02;"4.5";"";"azn";"";"";"";"";"Albali kart => Кошелёк"		
2024-10-02;"2.5";"";"azn";"";"";"";"";"Albali kart => ASB kart"		
2024-10-02;"265.0";"265.0";"azn";"Зарплата Ильгар";"265";"Страхование жизни";"Страхование жизни";""		
2024-10-02;"1767.0";"1700.0";"azn";"Зарплата Ильгар";"1767";"ASB kart";"Резервы";""		
2024-10-02;"310.0";"310.0";"azn";"Зарплата Ильгар";"310";"Цифровая карта";"ХаниМани";""		
2024-10-02;"-9.48";"-25.0";"azn";"Проценты и бонусы";"4 1.43 1.55 2.5";"ASB kart";"Резервы";""		
2024-10-01;"5.0";"";"azn";"";"";"";"";"Кошелек Самира => ASB kart"		
2024-10-01;"23.0";"";"azn";"";"";"";"";"Albali кредитная карта => ASB kart"		
2024-10-01;"-27.45";"-20.0";"azn";"Продукты";"1.9 1.55 1 23";"ASB kart";"Резервы";""		
2024-10-01;"-8.0";"-8.0";"azn";"Транспорт";"8";"Кошелек Самира";"Резервы";""		
2024-10-01;"7.0";"";"azn";"";"";"";"";"Кошелёк => Кошелек Самира"		
2024-09-30;"5.0";"";"azn";"";"";"";"";"Кошелек Самира => Albali kart"		
2024-09-30;"-5.0";"-8.0";"azn";"Транспорт";"5";"Кошелек Самира";"Резервы";""		
2024-09-30;"-25.0";"-25.0";"azn";"Интернет и связь";"25 ailenet";"Albali кредитная карта";"Резервы";""		
2024-09-30;"-4.0";"-8.0";"azn";"Интернет и связь";"2 2 Ильгар Самира";"Albali кредитная карта";"Резервы";""		
2024-09-29;"-10.5";"-20.0";"azn";"Ребенок / Траты";"4.5 3 3";"Кошелек Самира";"Резервы";""		
2024-09-29;"10.0";"";"azn";"";"";"";"";"Кошелёк => Кошелек Самира"		
2024-09-29;"-15.0";"-12.0";"azn";"Транспорт";"5 10";"Кошелёк";"Резервы";""		
2024-09-29;"4.9";"";"azn";"";"";"";"";"Albali kart => ASB kart"		
2024-09-28;"3.5";"";"azn";"";"";"";"";"Albali kart => ASB kart"		
2024-09-28;"-8.5";"-20.0";"azn";"Продукты";"8.5";"Albali kart";"Резервы";""		
2024-09-28;"-70.0";"-50.0";"azn";"Подарки";"70 Ramin kicik toy";"Кошелёк";"Резервы";""		
2024-09-28;"8.0";"";"azn";"";"";"";"";"Кошелек Самира => Кошелёк"		
2024-09-28;"118.0";"";"azn";"";"";"";"";"ХаниМани => Резервы"		
2024-09-27;"80.0";"";"azn";"";"";"";"";"ASB kart => Кошелёк"		
2024-09-27;"-1.5";"-1.5";"azn";"Транспорт";"1.5";"Кошелек Самира";"Резервы";""		
2024-09-27;"0.0";"-25.0";"azn";"Автомобиль / Бензин";"0";"ASB kart";"Резервы";""		
2024-09-27;"-4.0";"-4.0";"azn";"Развлечения и хобби";"4 futbol";"Кошелёк";"Резервы";""		
2024-09-27;"1.0";"";"azn";"";"";"";"";"Кошелек Самира => Albali kart"		
2024-09-27;"-0.2";"-1.0";"azn";"Автомобиль";"0.2 Парковка";"Кошелёк";"Резервы";""		
2024-09-26;"-5.0";"-8.0";"azn";"Транспорт";"5";"Кошелек Самира";"Резервы";""		
2024-09-26;"240.0";"250.0";"azn";"";"";"";"";"Albali kart => YapiKrediBank kredit"		
2024-09-26;"-61.88";"-60.0";"azn";"Проценты и бонусы";"58.88 3 за автокредит";"Albali kart";"Резервы";""		
2024-09-26;"3.0";"";"azn";"";"";"";"";"Кошелёк => Кошелек Самира"		
2024-09-26;"-8.0";"-20.0";"azn";"Продукты";"7 1";"Albali kart";"Резервы";""		
2024-09-26;"310.0";"";"azn";"";"";"";"";"Цифровая карта => Albali kart"		
2024-09-25;"-3.0";"-3.0";"azn";"Платный софт";"3 Яндекс мульти";"ASB kart";"Резервы";""		
2024-09-24;"-15.5";"-20.0";"azn";"Продукты";"4.5 2 9";"Albali kart";"Резервы";""		
2024-09-24;"20.0";"";"azn";"";"";"";"";"Кошелёк => Кошелек Самира"		
2024-09-24;"-5.5";"-8.0";"azn";"Транспорт";"5.5";"Кошелек Самира";"Резервы";""		
2024-09-23;"22.0";"";"azn";"";"";"";"";"Кошелёк => Кошелек Самира"		
2024-09-23;"-25.0";"-25.0";"azn";"Автомобиль / Бензин";"25";"Albali kart";"Резервы";""		
2024-09-23;"50.0";"";"azn";"";"";"";"";"Albali кредитная карта => Albali kart"		
2024-09-23;"45.0";"";"azn";"";"";"";"";"ABB kart Samira => Кошелёк"		
2024-09-23;"2.0";"";"azn";"";"";"";"";"Albali кредитная карта => Albali kart"		
2024-09-23;"4.5";"";"azn";"";"";"";"";"Кошелёк => Albali kart"		
2024-09-23;"-6.5";"-8.0";"azn";"Транспорт";"6.5";"Кошелек Самира";"Резервы";""		
2024-09-22;"6.0";"";"azn";"";"";"";"";"Кошелек Самира => ASB kart"		
2024-09-22;"3.0";"";"azn";"";"";"";"";"Albali kart => ASB kart"		
2024-09-22;"-8.0";"-20.0";"azn";"Ребенок / Траты";"3 5";"Кошелёк";"Резервы";""		
2024-09-22;"-9.0";"-30.0";"azn";"Подарки";"4 5";"ASB kart";"Резервы";""		
2024-09-21;"17.6";"";"azn";"";"";"";"";"Albali kart => ASB kart"		
2024-09-21;"14.3";"";"azn";"";"";"";"";"Albali kart => ASB kart"		
2024-09-21;"50.0";"";"azn";"";"";"";"";"Albali кредитная карта => Albali kart"		
2024-09-21;"-6.0";"-6.0";"azn";"Платный софт";"6 Yandex Music";"ASB kart";"Резервы";""		
2024-09-21;"-24.6";"-25.0";"azn";"Продукты";"2 2 17.6 3";"ASB kart";"Резервы";""		
2024-09-21;"-1.0";"-1.0";"azn";"Автомобиль / Мойка";"1";"ASB kart";"Резервы";""		
2024-09-20;"-0.5";"-1.0";"azn";"Автомобиль";"0.5 Парковка";"Кошелёк";"Резервы";""		
2024-09-20;"5.0";"";"azn";"";"";"";"";"Кошелек Самира => ASB kart"		
2024-09-20;"-65.0";"-40.0";"azn";"Медицина";"65 анализы Самиры";"ABB kart Samira";"Резервы";""		
2024-09-20;"2.0";"";"azn";"";"";"";"";"Кошелек Самира => ASB kart"		
2024-09-20;"-5.0";"-4.0";"azn";"Развлечения и хобби";"5 futbol";"Кошелёк";"Резервы";""		
2024-09-20;"-1.5";"-1.5";"azn";"Транспорт";"1.5";"Кошелек Самира";"Резервы";""		
2024-09-20;"-5.0";"-5.0";"azn";"Одежда и обувь";"5";"Кошелек Самира";"Резервы";""		
2024-09-20;"-79.2";"-75.0";"azn";"Медицина / Лекарства";"79.2 После обследования гинеколога";"ABB kart Samira";"Резервы";""		
2024-09-19;"8.8";"";"azn";"";"";"";"";"ABB kart Samira => ASB kart"		
2024-09-19;"1.5";"";"azn";"";"";"";"";"Кошелёк => Кошелек Самира"		
2024-09-19;"-27.9";"-25.0";"azn";"Продукты";"10.3 6.6 0.8 8.8 1.4";"ASB kart";"Резервы";""		
2024-09-19;"1.4";"";"azn";"";"";"";"";"ASB kart => Кошелек Самира"		
2024-09-19;"-7.0";"-8.0";"azn";"Транспорт";"7";"Кошелек Самира";"Резервы";""		
2024-09-18;"-3.5";"-20.0";"azn";"Дом";"3.5";"ASB kart";"Резервы";""		
2024-09-18;"-50.0";"-60.0";"azn";"Медицина / Лечение";"50 Обследование у гинеколога";"ABB kart Samira";"Резервы";""		
2024-09-18;"17.0";"";"azn";"";"";"";"";"ABB kart Samira => Albali кредитная карта"		
2024-09-18;"20.0";"";"azn";"";"";"";"";"Albali кредитная карта => ASB kart"		
2024-09-18;"162.74";"";"azn";"Проценты и бонусы";"162.74 edv geri al";"Albali kart";"Резервы";""		
2024-09-18;"180.0";"";"azn";"";"";"";"";"Albali kart => Albali кредитная карта"		
2024-09-18;"-11.0";"-12.0";"azn";"Транспорт";"11 В Баку к Гюльнар";"Кошелек Самира";"Резервы";""		
2024-09-17;"-25.0";"-25.0";"azn";"Продукты";"6 19";"ASB kart";"Резервы";""		
2024-09-17;"50.0";"";"azn";"";"";"";"";"Кошелёк => Кошелек Самира"		
2024-09-17;"-6.0";"-8.0";"azn";"Транспорт";"6";"Кошелек Самира";"Резервы";""		
2024-09-16;"-1.0";"-8.0";"azn";"Транспорт";"1";"Кошелек Самира";"Резервы";""		
2024-09-16;"56.0";"";"azn";"";"";"";"";"Кошелек Самира => ASB kart"		
2024-09-16;"15.0";"";"azn";"";"";"";"";"ASB kart => Кошелек Самира"		
2024-09-16;"6.66";"";"azn";"";"";"";"";"ABB kart Samira => ASB kart"		
2024-09-16;"10.3";"";"azn";"";"";"";"";"Кошелёк => ASB kart"		
2024-09-15;"-87.2";"-100.0";"azn";"Гигиена и красота";"8.4 8.1 50 салон 12.3 3.5 4.9";"ASB kart";"Резервы";""		
2024-09-15;"-12.0";"-9.0";"azn";"Интернет и связь";"12 ilqar internet";"ASB kart";"Резервы";""		
2024-09-15;"-27.5";"-20.0";"azn";"Ребенок / Траты";"1.5 5.5 3 6 5.5 5 1";"Кошелек Самира";"Резервы";""		
2024-09-15;"95.0";"";"azn";"";"";"";"";"ABB kart Samira => Кошелёк"		
2024-09-15;"-18.0";"-40.0";"azn";"Ребенок";"18 Памперсы";"ASB kart";"Резервы";""		
2024-09-14;"-38.0";"-60.0";"azn";"Ребенок / Одежда";"6 32";"Кошелек Самира";"Резервы";""		
2024-09-14;"-24.0";"-25.0";"azn";"Продукты";"7.6 15.5 0.9";"ASB kart";"Резервы";""		
2024-09-14;"32.0";"";"azn";"";"";"";"";"Albali кредитная карта => Кошелек Самира"		
2024-09-13;"-5.0";"-4.0";"azn";"Развлечения и хобби";"4 futbol 1 stoyanka";"Кошелёк";"Резервы";""		
2024-09-13;"7.6";"";"azn";"";"";"";"";"Кошелек Самира => ASB kart"		
2024-09-13;"-25.0";"-25.0";"azn";"Автомобиль / Бензин";"25";"ASB kart";"Резервы";""		
2024-09-13;"-1.5";"-1.5";"azn";"Транспорт";"0.5 1";"Кошелек Самира";"Резервы";""		
2024-09-12;"-9.94";"-25.0";"azn";"Продукты";"8.34 1.6";"ASB kart";"Резервы";""		
2024-09-12;"-7.5";"-8.0";"azn";"Транспорт";"7.5";"Кошелек Самира";"Резервы";""		
2024-09-11;"1.6";"";"azn";"";"";"";"";"Кошелек Самира => ASB kart"		
2024-09-11;"-30.0";"-40.0";"azn";"Дом";"30 мойка ковров";"Кошелек Самира";"Резервы";""		
2024-09-10;"2.6";"";"azn";"";"";"";"";"Кошелек Самира => ASB kart"		
2024-09-10;"-6.0";"-8.0";"azn";"Транспорт";"6";"Кошелек Самира";"Резервы";""		
2024-09-10;"-10.2";"-25.0";"azn";"Продукты";"2 2.6 5.6";"ASB kart";"Резервы";""		
2024-09-09;"2.0";"";"azn";"";"";"";"";"Кошелек Самира => ASB kart"		
2024-09-09;"-20.0";"-18.0";"azn";"Транспорт";"12 8";"Albali кредитная карта";"Резервы";""		
2024-09-09;"364.0";"364.0";"azn";"Пенсия Самира";"364";"ABB kart Samira";"Резервы";""		
2024-09-08;"-15.0";"-20.0";"azn";"Ребенок / Траты";"3 3 6 3";"Кошелек Самира";"Резервы";""		
2024-09-08;"-5.6";"-5.6";"azn";"Платный софт";"5.6 ticktick";"ASB kart";"Резервы";""		
2024-09-08;"3.0";"";"azn";"";"";"";"";"Кошелёк => Кошелек Самира"		
2024-09-07;"-13.52";"";"azn";"Продукты";"1.7 11.82";"ASB kart";"Резервы";""		
2024-09-07;"-6.699999999999999";"-7.0";"azn";"Продукты";"5.6 1.1";"Кошелек Самира";"Резервы";""		
2024-09-07;"-16.0";"-16.0";"azn";"Ком. услуги / Квартира";"16";"Кошелёк";"Резервы";""		
2024-09-07;"25.0";"";"azn";"";"";"";"";"ASB kart => Кошелёк"		
2024-09-06;"-0.5";"-18.0";"azn";"Транспорт";"0.5";"Кошелек Самира";"Резервы";""		
2024-09-06;"-51.9";"-60.0";"azn";"Медицина / Лекарства";"51.9 Финлипсал Эпинекс и Бисогамма";"ASB kart";"Резервы";""		
2024-09-06;"-4.3";"";"azn";"Продукты";"4.3";"ASB kart";"Резервы";""		
2024-09-06;"16.0";"";"azn";"";"";"";"";"Albali кредитная карта => Albali kart"		
2024-09-06;"-2.0";"";"azn";"Автомобиль";"2 стоянка";"Кошелёк";"ХаниМани";""		
2024-09-06;"-20.0";"-25.0";"azn";"Автомобиль / Бензин";"20";"ASB kart";"Резервы";""		
2024-09-06;"-4.0";"-4.0";"azn";"Развлечения и хобби";"4 futbol";"Кошелёк";"Резервы";""		
2024-09-05;"-1.1";"";"azn";"Продукты";"1.1";"ASB kart";"ХаниМани";""		
2024-09-05;"-19.0";"-18.0";"azn";"Транспорт";"19";"Кошелек Самира";"Резервы";""		
2024-09-05;"-265.0";"-280.0";"azn";"Ребенок / Терапия";"120 Natevan 145 Gulnar";"Кошелек Самира";"Резервы";""		
2024-09-05;"-9.0";"-10.0";"azn";"Ком. услуги / Вода";"9";"Albali kart";"Резервы";""		
2024-09-05;"-43.0";"-25.0";"azn";"Продукты";"43";"ASB kart";"Резервы";""		
2024-09-05;"-22.0";"-22.0";"azn";"Платный софт";"22 Notion";"Albali кредитная карта";"Резервы";""		
2024-09-04;"-38.52";"-25.0";"azn";"Ком. услуги / Электроэнергия";"38.52";"ASB kart";"Резервы";""		
2024-09-04;"460.0";"395.0";"azn";"";"";"";"";"ASB kart => Кошелёк"		
2024-09-04;"452.0";"";"azn";"";"";"";"";"Кошелёк => Кошелек Самира"		
2024-09-03;"-18.0";"-18.0";"azn";"Транспорт";"18";"Albali кредитная карта";"Резервы";""		
2024-09-03;"10091.0";"";"azn";"";"";"";"";"ХаниМани => Страхование жизни"		
2024-09-03;"-9.22";"-30.0";"azn";"Продукты";"1.57 7.65";"ASB kart";"Резервы";""		
2024-09-03;"-117.0";"-117.0";"azn";"Ребенок / Терапия";"117 Логопед";"Albali кредитная карта";"Резервы";""		
2024-09-03;"-130.0";"-130.0";"azn";"Продукты";"130 за мед";"ASB kart";"Резервы";""		
2024-09-03;"310.0";"310.0";"azn";"Зарплата Ильгар";"310";"Цифровая карта";"ХаниМани";""		
2024-09-03;"-24.13";"-25.0";"azn";"Проценты и бонусы";"22.58 1.55";"ASB kart";"Резервы";""		
2024-09-03;"851.0";"825.0";"azn";"Зарплата Ильгар";"851";"Albali кредитная карта";"ХаниМани";""		
2024-09-02;"30.0";"";"azn";"";"";"";"";"Albali кредитная карта => Albali kart"		
2024-09-02;"-33.0";"-33.0";"azn";"Продукты";"33";"Albali kart";"Резервы";""		
2024-09-02;"-6.0";"-6.0";"azn";"Транспорт";"6";"Albali kart";"Резервы";""		
2024-09-01;"265.0";"265.0";"azn";"Зарплата Ильгар";"265";"Страхование жизни";"ХаниМани";""		
2024-09-01;"-6.0";"-6.0";"azn";"Интернет и связь";"3 ilqar 3 samira";"Albali kart";"Резервы";""		
2024-09-01;"1037.0";"2250.0";"azn";"Зарплата Ильгар";"1037";"ASB kart";"Резервы";""		
2024-08-31;"-21.51";"";"azn";"Подарки";"21.51";"Albali kart";"Подарки";""		
2024-08-31;"50.0";"";"azn";"";"";"";"";"Albali кредитная карта => Albali kart"		
2024-08-31;"-38.0";"";"azn";"Автомобиль / Бензин";"38";"Albali kart";"Автомобиль";""		
2024-08-31;"30.0";"";"azn";"";"";"";"";"Albali кредитная карта => Albali kart"		
2024-08-31;"-5.0";"";"azn";"Подарки";"5";"Albali кредитная карта";"Подарки";""		
2024-08-30;"-16.0";"";"azn";"Транспорт";"10 6";"Albali кредитная карта";"Такси";""		
2024-08-30;"-3.0";"";"azn";"Ребенок";"3";"Кошелёк";"Ребенок";""		
2024-08-30;"-25.0";"";"azn";"Интернет и связь";"15 10 ailenet";"Albali кредитная карта";"Интернет и связь";""		
2024-08-29;"-10.0";"";"azn";"Транспорт";"10";"Albali кредитная карта";"Такси";""		
2024-08-29;"-10.0";"";"azn";"Транспорт";"10";"Кошелёк";"Такси";""		
2024-08-29;"-16.9";"";"azn";"Продукты";"4.9 12";"Albali kart";"Продукты";""		
2024-08-29;"-1.0";"";"azn";"Ребенок";"1";"Кошелёк";"Ребенок";""		
2024-08-28;"30.0";"";"azn";"";"";"";"";"Albali кредитная карта => Albali kart"		
2024-08-28;"-26.0";"";"azn";"Транспорт";"26";"Кошелёк";"Такси";""		
2024-08-28;"-20.0";"";"azn";"Автомобиль / Бензин";"20";"Albali kart";"Автомобиль";""		
2024-08-28;"-10.7";"";"azn";"Ребенок";"10.7";"Albali kart";"Ребенок";""		
2024-08-28;"-1.4";"";"azn";"Медицина / Лекарства";"1.4";"Albali kart";"Медицина";""		
2024-08-28;"-16.0";"";"azn";"Транспорт";"11 5";"Кошелёк";"Такси";""		
2024-08-28;"30.0";"";"azn";"";"";"";"";"Albali кредитная карта => Albali kart"		
2024-08-28;"-8.7";"";"azn";"Медицина / Лекарства";"8.7";"Albali kart";"Медицина";""		
2024-08-27;"-3.0";"";"azn";"Ребенок";"3";"Кошелёк";"Ребенок";""		
2024-08-27;"-12.6";"";"azn";"Продукты";"12.6";"Albali kart";"Продукты";""		
2024-08-26;"-65.0";"";"azn";"Проценты и бонусы";"61 4 авто кредит";"Albali кредитная карта";"Проценты";""		
2024-08-26;"-17.2";"";"azn";"Продукты";"17.2";"Albali кредитная карта";"Продукты";""		
2024-08-26;"-10.0";"";"azn";"Продукты";"10";"Albali кредитная карта";"Продукты";""		
2024-08-26;"-10.3";"";"azn";"Гигиена и красота";"10.3";"Albali кредитная карта";"Гигиена и красота";""		
2024-08-26;"-8.9";"";"azn";"Продукты";"8.9";"Albali kart";"Продукты";""		
2024-08-26;"-3.0";"";"azn";"Интернет и связь";"3 Самира";"Albali кредитная карта";"Интернет и связь";""		
2024-08-26;"237.7";"";"azn";"";"";"";"";"Albali кредитная карта => YapiKrediBank kredit"		
2024-08-26;"55.0";"";"azn";"";"";"";"";"ASB kart => Кошелёк"		
2024-08-24;"-32.0";"";"azn";"Продукты";"32";"Albali кредитная карта";"Продукты";""		
2024-08-24;"-3.0";"";"azn";"Ребенок";"3";"Кошелёк";"Ребенок";""		
2024-08-24;"-80.0";"";"azn";"Автомобиль / Ремонт";"80";"Albali кредитная карта";"Автомобиль";""		
2024-08-23;"-7.3";"";"azn";"Продукты";"7.3";"Albali kart";"Продукты";""		
2024-08-23;"60.0";"";"azn";"";"";"";"";"Albali кредитная карта => Albali kart"		
2024-08-23;"-6.0";"";"azn";"Продукты";"6";"Albali kart";"Продукты";""		
2024-08-23;"-30.0";"";"azn";"Платный софт";"30";"Albali kart";"Платный софт";""		
2024-08-23;"-4.0";"";"azn";"Ребенок";"4";"Кошелёк";"Ребенок";""		
2024-08-23;"-13.0";"";"azn";"Одежда и обувь";"13";"Кошелёк";"Одежда и обувь";""		
2024-08-22;"30.0";"";"azn";"";"";"";"";"Albali кредитная карта => Albali kart"		
2024-08-22;"-20.0";"";"azn";"Автомобиль / Бензин";"20";"Albali kart";"Автомобиль";""		
2024-08-22;"-29.0";"";"azn";"Продукты";"29";"Albali kart";"Продукты";""		
2024-08-21;"-1.2";"";"azn";"Кафе	 ресторан";"1.2";"ASB kart";"Кафе и ресторан";""	
2024-08-21;"-5.0";"";"azn";"Платный софт";"5 Яндекс";"ASB kart";"Платный софт";""		
2024-08-21;"-5.0";"";"azn";"Продукты";"5";"Кошелёк";"Продукты";""		
2024-08-19;"-37.0";"";"azn";"Кафе	 ресторан";"33 4";"Кошелёк";"Кафе и ресторан";""	
2024-08-19;"45.0";"";"azn";"";"";"";"";"ABB kart Samira => Кошелёк"		
2024-08-19;"30.0";"";"azn";"";"";"";"";"Albali кредитная карта => Albali kart"		
2024-08-19;"-21.5";"";"azn";"Подарки";"21.5";"Albali kart";"Подарки";""		
2024-08-19;"-10.0";"";"azn";"Подарки";"10";"Кошелёк";"Подарки";""		
2024-08-18;"-25.0";"";"azn";"Кафе	 ресторан";"25";"Кошелёк";"Кафе и ресторан";""	
2024-08-18;"-6.0";"";"azn";"Ребенок";"6";"Кошелёк";"Ребенок";""		
2024-08-18;"-12.0";"";"azn";"Подарки";"12";"Кошелёк";"Подарки";""		
2024-08-17;"-11.0";"";"azn";"Одежда и обувь";"11";"Кошелёк";"Одежда и обувь";""		
2024-08-17;"-6.0";"";"azn";"Медицина / Лекарства";"6";"ABB kart Samira";"Медицина";""		
2024-08-17;"95.0";"";"azn";"";"";"";"";"ABB kart Samira => Кошелёк"		
2024-08-17;"-21.0";"";"azn";"Подарки";"21";"Кошелёк";"Подарки";""		
2024-08-17;"-4.0";"";"azn";"Подарки";"4";"ABB kart Samira";"Подарки";""		
2024-08-17;"-40.0";"";"azn";"Автомобиль / Бензин";"40";"ASB kart";"Автомобиль";""		
2024-08-17;"-9.0";"";"azn";"Подарки";"9";"Кошелёк";"Подарки";""		
2024-08-17;"-26.0";"";"azn";"Продукты";"26";"ABB kart Samira";"Продукты";""		
2024-08-17;"-38.0";"";"azn";"Подарки";"38";"ABB kart Samira";"Подарки";""		
2024-08-16;"-1.0";"";"azn";"Продукты";"1";"ASB kart";"Продукты";""		
2024-08-16;"-4.0";"";"azn";"Продукты";"4";"ASB kart";"Продукты";""		
2024-08-16;"-4.0";"";"azn";"Развлечения и хобби";"4";"Кошелёк";"Развлечения и хобби";""		
2024-08-15;"-2.5";"";"azn";"Продукты";"2.5";"ASB kart";"Продукты";""		
2024-08-15;"-1.5";"";"azn";"Ребенок";"1.5";"Кошелёк";"Ребенок";""		
2024-08-15;"-10.0";"";"azn";"Продукты";"10";"Кошелёк";"Продукты";""		
2024-08-14;"-7.6";"";"azn";"Продукты";"7.6";"ABB kart Samira";"Продукты";""		
2024-08-14;"-12.0";"";"azn";"Интернет и связь";"12 Ильгар";"ASB kart";"Интернет и связь";""		
2024-08-14;"-5.0";"";"azn";"Ребенок";"5";"Кошелёк";"Ребенок";""		
2024-08-13;"66.0";"";"azn";"";"";"";"";"Медицина => Автомобиль"		
2024-08-13;"-20.0";"";"azn";"Автомобиль / Бензин";"20";"ASB kart";"Автомобиль";""		
2024-08-13;"-4.45";"";"azn";"Продукты";"4.45";"ASB kart";"Продукты";""		
2024-08-13;"-12.0";"";"azn";"Продукты";"12";"Кошелёк";"Продукты";""		
2024-08-13;"-6.6";"";"azn";"Продукты";"6.6";"ASB kart";"Продукты";""		
2024-08-13;"-18.4";"";"azn";"Медицина / Лекарства";"18.4";"ASB kart";"Медицина";""		
2024-08-13;"-7.0";"";"azn";"Ребенок";"7";"Кошелёк";"Ребенок";""		
2024-08-12;"95.0";"";"azn";"";"";"";"";"ABB kart Samira => Кошелёк"		
2024-08-12;"-3.0";"";"azn";"Автомобиль / Мойка";"3";"Кошелёк";"Автомобиль";""		
2024-08-12;"-45.0";"";"azn";"Автомобиль";"45 штраф";"ABB kart Samira";"Автомобиль";""		
2024-08-12;"-1.5";"";"azn";"Продукты";"1.5";"ASB kart";"Продукты";""		
2024-08-12;"-16.0";"";"azn";"Ком. услуги / Квартира";"16";"Кошелёк";"Ком. услуги";""		
2024-08-12;"-29.0";"";"azn";"Автомобиль";"29 sigorta";"Кошелёк";"Автомобиль";""		
2024-08-12;"-3.4";"";"azn";"Продукты";"3.4";"ASB kart";"Продукты";""		
2024-08-12;"-8.0";"";"azn";"Медицина / Лекарства";"8";"ASB kart";"Медицина";""		
2024-08-11;"-10.0";"";"azn";"Подарки";"10 Elxan";"Albali kart";"Подарки";""		
2024-08-11;"-26.86";"";"azn";"Продукты";"41.86-15";"ASB kart";"Продукты";""		
2024-08-11;"-50.0";"";"azn";"Продукты";"50";"Кошелёк";"Продукты";""		
2024-08-11;"-15.200000000000001";"";"azn";"Гигиена и красота";"7 2.6 2.5 2.2 0.9";"ASB kart";"Гигиена и красота";""		
2024-08-11;"-9.0";"";"azn";"Ребенок";"9";"Кошелёк";"Ребенок";""		
2024-08-11;"-2.0";"";"azn";"Продукты";"2";"Кошелёк";"Продукты";""		
2024-08-10;"-4.0";"";"azn";"Ребенок";"4";"Кошелёк";"Ребенок";""		
2024-08-10;"-38.0";"";"azn";"Продукты";"38";"ASB kart";"Продукты";""		
2024-08-10;"-11.0";"";"azn";"Продукты";"11";"Кошелёк";"Продукты";""		
2024-08-09;"364.0";"327.0";"azn";"Пенсия Самира";"364";"ABB kart Samira";"Резервы";""		
2024-08-09;"-9.0";"";"azn";"Продукты";"9";"ASB kart";"Продукты";""		
2024-08-09;"-2.0";"";"azn";"Продукты";"2";"Кошелёк";"Продукты";""		
2024-08-09;"-5.0";"";"azn";"Развлечения и хобби";"5";"Кошелёк";"Развлечения и хобби";""		
2024-08-09;"-5.0";"";"azn";"Ребенок";"5";"Кошелёк";"Ребенок";""		
2024-08-08;"-17.0";"";"azn";"Транспорт";"7 10";"Кошелёк";"Такси";""		
2024-08-08;"-9.0";"";"azn";"Ком. услуги / Вода";"9";"Albali kart";"Ком. услуги";""		
2024-08-08;"-5.6";"-5.6";"azn";"Платный софт";"5.6 ticktick";"ASB kart";"Платный софт";""		
2024-08-07;"-8.0";"";"azn";"Продукты";"4 4";"Кошелёк";"Продукты";""		
2024-08-07;"-10.0";"";"azn";"Продукты";"10";"ASB kart";"Продукты";""		
2024-08-07;"150.0";"";"azn";"";"";"";"";"ASB kart => Кошелёк"		
2024-08-07;"60.0";"";"azn";"";"";"";"";"Кошелёк => Долг маме"		
2024-08-07;"-9.0";"";"azn";"Транспорт";"9";"Кошелёк";"Такси";""		
2024-08-07;"-20.0";"";"azn";"Автомобиль / Бензин";"20";"ASB kart";"Автомобиль";""		
2024-08-06;"-4.0";"";"azn";"Продукты";"4";"Кошелёк";"Продукты";""		
2024-08-06;"-26.0";"";"azn";"Транспорт";"26";"Кошелёк";"Такси";""		
2024-08-06;"-1.1";"";"azn";"Продукты";"1.1";"ASB kart";"Продукты";""		
2024-08-06;"-1.5";"";"azn";"Ребенок";"1.5";"Кошелёк";"Ребенок";""		
2024-08-05;"-34.0";"";"azn";"Продукты";"34";"ASB kart";"Продукты";""		
2024-08-05;"-165.0";"";"azn";"Ребенок";"165 psixoloq";"Кошелёк";"Ребенок";""		
2024-08-05;"-451.0";"";"azn";"Медицина / Стоматология";"451 Самира зубы";"ASB kart";"Медицина";""		
2024-08-05;"-21.0";"";"azn";"Транспорт";"21";"Кошелёк";"Такси";""		
2024-08-04;"-1.5";"";"azn";"Ребенок";"1.5";"Кошелёк";"Ребенок";""		
2024-08-04;"-30.0";"";"azn";"Продукты";"30";"Кошелёк";"Продукты";""		
2024-08-04;"-11.0";"";"azn";"Гигиена и красота";"11";"Кошелёк";"Гигиена и красота";""		
2024-08-04;"-2.4";"";"azn";"Медицина / Лекарства";"2.4";"ASB kart";"Медицина";""		
2024-08-04;"-400.0";"";"azn";"Ребенок";"400 loqoped	 oyun terapiya";"ASB kart";"Ребенок";""	
2024-08-04;"-2.2";"";"azn";"Продукты";"2.2";"Кошелёк";"Продукты";""		
2024-08-04;"-3.0";"";"azn";"Проценты и бонусы";"3";"ASB kart";"Проценты";""		
2024-08-04;"-22.0";"";"azn";"Платный софт";"22 notion";"ASB kart";"Платный софт";""		
2024-08-04;"-34.36";"";"azn";"Ком. услуги / Электроэнергия";"34.36";"ASB kart";"Ком. услуги";""		
2024-08-04;"300.0";"";"azn";"";"";"";"";"ASB kart => Кошелёк"		
2024-08-02;"-3.0";"";"azn";"Медицина / Лекарства";"3";"Albali kart";"Медицина";""		
2024-08-02;"20.0";"";"azn";"";"";"";"";"Albali кредитная карта => Albali kart"		
2024-08-02;"473.0";"";"azn";"";"";"";"";"ASB kart => Albali кредитная карта"		
2024-08-02;"20.0";"";"azn";"";"";"";"";"ASB kart => Кошелёк"		
2024-08-02;"266.0";"";"azn";"Зарплата Ильгар";"266";"Страхование жизни";"ХаниМани";""		
2024-08-02;"-57.0";"";"azn";"Проценты и бонусы";"57";"ASB kart";"Проценты";""		
2024-08-02;"-16.0";"";"azn";"Автомобиль / Бензин";"16";"ASB kart";"Автомобиль";""		
2024-08-02;"2493.0";"";"azn";"";"";"";"";"Резервы => ХаниМани"		
2024-08-01;"-6.0";"";"azn";"Интернет и связь";"3 3 ilqar samira";"Albali кредитная карта";"Интернет и связь";""		
2024-08-01;"50.0";"";"azn";"";"";"";"";"Albali кредитная карта => Albali kart"		
2024-08-01;"-30.0";"";"azn";"Ребенок";"30 unikal";"Albali кредитная карта";"Ребенок";""		
2024-08-01;"-20.0";"";"azn";"Медицина / Лекарства";"20";"Albali kart";"Медицина";""		
2024-08-01;"-23.0";"";"azn";"Продукты";"23";"Albali kart";"Продукты";""		
2024-08-01;"40.0";"";"azn";"";"";"";"";"Резервы => Интернет и связь"		
2024-08-01;"200.0";"300.0";"azn";"";"";"";"";"Резервы => Такси"		
2024-08-01;"90.0";"";"azn";"";"";"";"";"Резервы => Проценты"		
2024-08-01;"650.0";"650.0";"azn";"";"";"";"";"Резервы => Медицина"		
2024-08-01;"60.0";"40.0";"azn";"";"";"";"";"Резервы => Ком. услуги"		
2024-08-01;"50.0";"50.0";"azn";"";"";"";"";"Резервы => Подарки"		
2024-08-01;"50.0";"50.0";"azn";"";"";"";"";"Резервы => Кафе и ресторан"		
2024-08-01;"10.0";"10.0";"azn";"";"";"";"";"Резервы => Одежда и обувь"		
2024-08-01;"15.0";"15.0";"azn";"";"";"";"";"Резервы => Развлечения и хобби"		
2024-08-01;"10.0";"10.0";"azn";"";"";"";"";"Резервы => Отдых"		
2024-08-01;"80.0";"80.0";"azn";"";"";"";"";"Резервы => Гигиена и красота"		
2024-08-01;"20.0";"20.0";"azn";"";"";"";"";"Резервы => Дом"		
2024-08-01;"40.0";"40.0";"azn";"";"";"";"";"Резервы => Платный софт"		
2024-08-01;"-35.0";"";"azn";"Транспорт";"35";"Кошелёк";"Такси";""		
2024-08-01;"2271.0";"1900.0";"azn";"Зарплата Ильгар";"2271";"ASB kart";"Резервы";""		
2024-08-01;"350.0";"";"azn";"";"";"";"";"Резервы => Продукты"		
2024-08-01;"120.0";"120.0";"azn";"";"";"";"";"Резервы => Автомобиль"		
2024-08-01;"750.0";"";"azn";"";"";"";"";"Резервы => Ребенок"		
2024-07-31;"60.0";"";"azn";"";"";"";"";"Долг маме => Кошелёк"		
2024-07-31;"-33.0";"";"azn";"Транспорт";"33";"Кошелёк";"ХаниМани";""		
2024-07-31;"-5.0";"";"azn";"Медицина / Лекарства";"5";"Кошелёк";"ХаниМани";""		
2024-07-31;"-4.0";"";"azn";"Ребенок";"4";"Кошелёк";"ХаниМани";""		
2024-07-30;"-2.3";"";"azn";"Медицина / Лекарства";"2.3";"Albali kart";"ХаниМани";""		
2024-07-30;"-15.0";"";"azn";"Интернет и связь";"15 ailenet";"Albali кредитная карта";"ХаниМани";""		
2024-07-30;"-16.0";"";"azn";"Транспорт";"10 6";"Кошелёк";"ХаниМани";""		
2024-07-30;"-3.7";"";"azn";"Продукты";"3.7";"Albali kart";"ХаниМани";""		
2024-07-30;"15.0";"";"azn";"";"";"";"";"ASB kart => Кошелёк"		
2024-07-29;"-3.7";"";"azn";"Медицина / Лекарства";"3.7";"Albali kart";"ХаниМани";""		
2024-07-29;"-4.2";"";"azn";"Продукты";"4.2";"Albali kart";"ХаниМани";""		
2024-07-29;"-19.0";"";"azn";"Транспорт";"11 8";"Кошелёк";"ХаниМани";""		
2024-07-28;"-0.5";"";"azn";"Медицина / Лекарства";"0.5";"Albali kart";"ХаниМани";""		
2024-07-28;"30.0";"";"azn";"";"";"";"";"Albali кредитная карта => Albali kart"		
2024-07-28;"-3.9";"";"azn";"Продукты";"3.9";"Albali kart";"ХаниМани";""		
2024-07-27;"-7.0";"";"azn";"Автомобиль / Мойка";"7";"ASB kart";"ХаниМани";""		
2024-07-27;"-20.0";"";"azn";"Платный софт";"20 flow launcher";"Albali кредитная карта";"ХаниМани";""		
2024-07-27;"-3.0";"";"azn";"Интернет и связь";"3 Samira";"ASB kart";"ХаниМани";""		
2024-07-27;"27.0";"";"azn";"";"";"";"";"ABB kart Samira => Кошелёк"		
2024-07-26;"235.0";"";"azn";"";"";"";"";"Albali кредитная карта => YapiKrediBank kredit"		
2024-07-26;"-25.0";"";"azn";"Автомобиль / Бензин";"25";"ABB kart Samira";"ХаниМани";""		
2024-07-26;"-10.0";"";"azn";"Транспорт";"10";"Кошелёк";"ХаниМани";""		
2024-07-26;"-67.0";"";"azn";"Проценты и бонусы";"67 кредит автомобиль";"Albali кредитная карта";"ХаниМани";""		
2024-07-25;"-12.0";"";"azn";"Продукты";"12";"ABB kart Samira";"ХаниМани";""		
2024-07-25;"-9.0";"";"azn";"Транспорт";"9";"Кошелёк";"ХаниМани";""		
2024-07-25;"-23.0";"";"azn";"Ребенок";"23 подгузники";"ABB kart Samira";"ХаниМани";""		
2024-07-24;"-10.0";"";"azn";"Медицина / Лекарства";"10";"Кошелёк";"ХаниМани";""		
2024-07-24;"-7.0";"";"azn";"Продукты";"7";"Кошелёк";"ХаниМани";""		
2024-07-24;"-2.0";"";"azn";"Ребенок";"2";"Кошелёк";"ХаниМани";""		
2024-07-24;"65.0";"";"azn";"";"";"";"";"ABB kart Samira => Кошелёк"		
2024-07-23;"-18.0";"";"azn";"Транспорт";"11 7";"Кошелёк";"ХаниМани";""		
2024-07-23;"-18.0";"";"azn";"Транспорт";"11 7";"Кошелёк";"ХаниМани";""		
2024-07-23;"-13.0";"";"azn";"Продукты";"13";"ABB kart Samira";"ХаниМани";""		
2024-07-22;"-50.0";"";"azn";"Дом";"50 за плату стиральной машины";"Кошелёк";"ХаниМани";""		
2024-07-22;"-20.0";"";"azn";"Продукты";"20";"Кошелёк";"ХаниМани";""		
2024-07-22;"-8.0";"";"azn";"Продукты";"8";"Кошелёк";"ХаниМани";""		
2024-07-22;"-10.0";"";"azn";"Транспорт";"10";"Кошелёк";"ХаниМани";""		
2024-07-21;"-6.0";"";"azn";"Продукты";"6";"ASB kart";"ХаниМани";""		
2024-07-21;"50.0";"";"azn";"";"";"";"";"ABB kart Samira => Кошелёк"		
2024-07-21;"-8.0";"";"azn";"Подарки";"8";"Кошелёк";"ХаниМани";""		
2024-07-21;"-5.0";"";"azn";"Платный софт";"5 yandex";"ASB kart";"ХаниМани";""		
2024-07-20;"-16.0";"";"azn";"Ком. услуги / Квартира";"16";"Кошелёк";"ХаниМани";""		
2024-07-20;"-15.0";"";"azn";"Медицина / Лекарства";"15";"ASB kart";"ХаниМани";""		
2024-07-20;"-12.0";"";"azn";"Продукты";"12";"ABB kart Samira";"ХаниМани";""		
2024-07-20;"75.0";"";"azn";"";"";"";"";"ABB kart Samira => Кошелёк"		
2024-07-20;"-15.5";"";"azn";"Гигиена и красота";"15.5";"ABB kart Samira";"ХаниМани";""		
2024-07-20;"-2.0";"";"azn";"Продукты";"2";"ASB kart";"ХаниМани";""		
2024-07-19;"-4.0";"";"azn";"Развлечения и хобби";"4";"Кошелёк";"ХаниМани";""		
2024-07-19;"-1.3";"";"azn";"Продукты";"1.3";"Кошелёк";"ХаниМани";""		
2024-07-19;"-4.0";"";"azn";"Продукты";"4";"Кошелёк";"ХаниМани";""		
2024-07-19;"-20.0";"";"azn";"Автомобиль / Бензин";"20";"ASB kart";"ХаниМани";""		
2024-07-19;"-48.0";"";"azn";"Гигиена и красота";"48 орифлейм";"ABB kart Samira";"ХаниМани";""		
2024-07-19;"-10.0";"";"azn";"Транспорт";"10";"Кошелёк";"ХаниМани";""		
2024-07-18;"-22.0";"";"azn";"Продукты";"22";"Кошелёк";"ХаниМани";""		
2024-07-18;"55.0";"";"azn";"";"";"";"";"ASB kart => Кошелёк"		
2024-07-17;"-2.0";"";"azn";"Ребенок";"2";"Кошелек Самира";"ХаниМани";""		
2024-07-17;"-9.0";"";"azn";"Транспорт";"9";"Кошелёк";"ХаниМани";""		
2024-07-17;"-1.0";"";"azn";"Продукты";"1";"Кошелёк";"ХаниМани";""		
2024-07-17;"-16.0";"";"azn";"Медицина / Лекарства";"16";"ASB kart";"ХаниМани";""		
2024-07-17;"-38.0";"";"azn";"Продукты";"38";"Кошелёк";"ХаниМани";""		
2024-07-17;"-2.0";"";"azn";"Продукты";"2";"ASB kart";"ХаниМани";""		
2024-07-16;"-5.0";"";"azn";"Продукты";"5";"Кошелёк";"ХаниМани";""		
2024-07-16;"-18.0";"";"azn";"Транспорт";"18";"Кошелёк";"ХаниМани";""		
2024-07-16;"-1.5";"";"azn";"Ребенок";"1.5";"Кошелёк";"ХаниМани";""		
2024-07-16;"-21.0";"";"azn";"Продукты";"21";"ASB kart";"ХаниМани";""		
2024-07-15;"85.0";"";"azn";"";"";"";"";"ASB kart => Кошелёк"		
2024-07-15;"-7.0";"";"azn";"Продукты";"7";"Кошелёк";"ХаниМани";""		
2024-07-15;"-11.0";"";"azn";"Транспорт";"11";"Кошелёк";"ХаниМани";""		
2024-07-15;"-2.0";"";"azn";"Продукты";"2";"ASB kart";"ХаниМани";""		
2024-07-14;"-1.0";"";"azn";"Автомобиль / Мойка";"1";"Кошелёк";"ХаниМани";""		
2024-07-14;"-20.0";"";"azn";"Автомобиль / Бензин";"20";"ASB kart";"ХаниМани";""		
2024-07-14;"-45.0";"";"azn";"Гигиена и красота";"40 духи 5 салон";"Кошелёк";"ХаниМани";""		
2024-07-14;"-2.0";"";"azn";"Продукты";"2";"ASB kart";"ХаниМани";""		
2024-07-13;"-24.0";"";"azn";"Продукты";"24";"ASB kart";"ХаниМани";""		
2024-07-12;"-3.0";"";"azn";"Ребенок";"3";"Кошелёк";"ХаниМани";""		
2024-07-12;"-2.0";"";"azn";"Продукты";"2";"Кошелёк";"ХаниМани";""		
2024-07-12;"-4.0";"";"azn";"Развлечения и хобби";"4";"Кошелёк";"ХаниМани";""		
2024-07-12;"-12.0";"";"azn";"Продукты";"12";"ASB kart";"ХаниМани";""		
2024-07-11;"-1.3";"";"azn";"Ребенок";"1.3";"Кошелёк";"ХаниМани";""		
2024-07-11;"-45.0";"";"azn";"Гигиена и красота";"45 салон";"Кошелёк";"ХаниМани";""		
2024-07-11;"-11.5";"";"azn";"Транспорт";"11 0.5";"Кошелёк";"ХаниМани";""		
2024-07-11;"-3.2";"";"azn";"Подарки";"3.2";"Кошелёк";"ХаниМани";""		
2024-07-11;"-300.0";"";"azn";"Медицина / Стоматология";"300 Самира на коронку и мост";"Кошелёк";"ХаниМани";""		
2024-07-11;"-2.0";"";"azn";"Продукты";"2";"Кошелёк";"ХаниМани";""		
2024-07-11;"-2.5";"";"azn";"Продукты";"2.5";"ASB kart";"ХаниМани";""		
2024-07-10;"-30.0";"";"azn";"Медицина / Лечение";"30 медсестре";"Кошелёк";"ХаниМани";""		
2024-07-10;"27.0";"";"azn";"";"";"";"";"ASB kart => Albali кредитная карта"		
2024-07-10;"45.0";"";"azn";"";"";"";"";"ASB kart => Кошелёк"		
2024-07-10;"-7.0";"";"azn";"Транспорт";"7";"Кошелёк";"ХаниМани";""		
2024-07-10;"364.0";"327.0";"azn";"Пенсия Самира";"364";"ABB kart Samira";"Резервы";""		
2024-07-10;"-15.0";"";"azn";"Транспорт";"9 6";"Кошелёк";"ХаниМани";""		
2024-07-10;"-9.0";"";"azn";"Продукты";"9";"ASB kart";"ХаниМани";""		
2024-07-09;"-1.0";"";"azn";"Ребенок";"1";"Кошелёк";"ХаниМани";""		
2024-07-09;"-1.1";"";"azn";"Продукты";"1.1";"Кошелёк";"ХаниМани";""		
2024-07-09;"-11.3";"";"azn";"Продукты";"11.3";"ASB kart";"ХаниМани";""		
2024-07-09;"-14.0";"";"azn";"Ком. услуги / Вода";"14";"ASB kart";"ХаниМани";""		
2024-07-09;"-13.0";"";"azn";"Транспорт";"12 1";"Кошелёк";"ХаниМани";""		
2024-07-09;"-7.0";"";"azn";"Транспорт";"7";"Кошелёк";"ХаниМани";""		
2024-07-08;"-5.0";"";"azn";"Продукты";"5";"Кошелёк";"ХаниМани";""		
2024-07-08;"-29.0";"";"azn";"Продукты";"29";"ASB kart";"ХаниМани";""		
2024-07-08;"-5.6";"-5.6";"azn";"Платный софт";"5.6 ticktick";"Albali кредитная карта";"Резервы";""		
2024-07-08;"-12.0";"";"azn";"Ребенок";"12 обувь";"Кошелёк";"ХаниМани";""		
2024-07-08;"-7.0";"";"azn";"Продукты";"7";"Кошелёк";"ХаниМани";""		
2024-07-08;"-2.0";"";"azn";"Ребенок";"2";"Кошелёк";"ХаниМани";""		
2024-07-06;"-15.23";"";"azn";"Продукты";"15.23";"ASB kart";"ХаниМани";""		
2024-07-06;"-8.0";"";"azn";"Гигиена и красота";"8";"ASB kart";"ХаниМани";""		
2024-07-06;"-34.1";"";"azn";"Медицина / Лекарства";"34.1";"ASB kart";"ХаниМани";""		
2024-07-06;"-10.55";"";"azn";"Медицина / Лекарства";"10.55";"ASB kart";"ХаниМани";""		
2024-07-05;"-5.0";"";"azn";"Развлечения и хобби";"5";"Кошелёк";"ХаниМани";""		
2024-07-05;"-10.0";"";"azn";"Транспорт";"10";"Кошелёк";"ХаниМани";""		
2024-07-05;"-350.0";"";"azn";"Ребенок";"350 aba terapiya";"Кошелёк";"ХаниМани";""		
2024-07-05;"-5.0";"";"azn";"Продукты";"5";"ASB kart";"ХаниМани";""		
2024-07-05;"-20.0";"";"azn";"Автомобиль / Бензин";"20";"ASB kart";"ХаниМани";""		
2024-07-05;"-195.0";"";"azn";"Ребенок";"195 loqoped";"Кошелёк";"ХаниМани";""		
2024-07-05;"-2.0";"";"azn";"Подарки";"2";"Albali кредитная карта";"ХаниМани";""		
2024-07-04;"-20.0";"";"azn";"Платный софт";"20 notion";"Albali кредитная карта";"ХаниМани";""		
2024-07-04;"-17.0";"";"azn";"Транспорт";"11 6";"Кошелек Самира";"ХаниМани";""		
2024-07-04;"-4.0";"";"azn";"Продукты";"4";"Кошелёк";"ХаниМани";""		
2024-07-04;"-4.3";"";"azn";"Гигиена и красота";"4.3";"ASB kart";"ХаниМани";""		
2024-07-04;"20.0";"";"azn";"";"";"";"";"Кошелёк => Кошелек Самира"		
2024-07-04;"-19.06";"";"azn";"Ком. услуги / Электроэнергия";"19.06";"ASB kart";"ХаниМани";""		
2024-07-04;"-3.0";"";"azn";"Ребенок";"3";"Кошелёк";"ХаниМани";""		
2024-07-04;"-14.0";"";"azn";"Продукты";"14";"ASB kart";"ХаниМани";""		
2024-07-03;"264.0";"";"azn";"Зарплата Ильгар";"264";"Страхование жизни";"ХаниМани";""		
2024-07-03;"-19.0";"";"azn";"Медицина / Лекарства";"19";"ASB kart";"ХаниМани";""		
2024-07-03;"-2.0";"";"azn";"Ребенок";"2";"Кошелек Самира";"ХаниМани";""		
2024-07-03;"-10.0";"";"azn";"Продукты";"10";"ASB kart";"ХаниМани";""		
2024-07-03;"-10.0";"";"azn";"Транспорт";"10";"Кошелек Самира";"ХаниМани";""		
2024-07-03;"1000.0";"";"azn";"";"";"";"";"ASB kart => Кошелёк"		
2024-07-02;"30.0";"";"azn";"";"";"";"";"Кошелёк => Кошелек Самира"		
2024-07-02;"302.0";"";"azn";"";"";"";"";"ASB kart => Albali кредитная карта"		
2024-07-02;"-17.0";"";"azn";"Транспорт";"17";"Кошелек Самира";"ХаниМани";""		
2024-07-02;"-14.0";"";"azn";"Медицина / Лекарства";"14";"Кошелёк";"ХаниМани";""		
2024-07-02;"-50.0";"";"azn";"Подарки";"50 свадьба дочери Тебриза";"Кошелёк";"ХаниМани";""		
2024-07-02;"-29.0";"";"azn";"Проценты и бонусы";"29 albali";"ASB kart";"ХаниМани";""		
2024-07-02;"95.0";"";"azn";"";"";"";"";"ASB kart => Кошелёк"		
2024-07-01;"1948.0";"1900.0";"azn";"Зарплата Ильгар";"1948";"ASB kart";"Резервы";""		
2024-06-30;"45.0";"";"azn";"";"";"";"";"ABB kart Samira => Кошелёк"		
2024-06-30;"-15.0";"";"azn";"Интернет и связь";"15 ailent";"ASB kart";"ХаниМани";""		
2024-06-30;"-5.0";"";"azn";"Дом";"5";"ASB kart";"ХаниМани";""		
2024-06-30;"-15.0";"";"azn";"Продукты";"15";"Кошелёк";"ХаниМани";""		
2024-06-30;"-21.0";"";"azn";"Продукты";"21";"ASB kart";"ХаниМани";""		
2024-06-30;"-6.0";"";"azn";"Интернет и связь";"3 Ильгар 3 Самира";"ASB kart";"ХаниМани";""		
2024-06-29;"-20.0";"";"azn";"Автомобиль / Бензин";"20";"ASB kart";"ХаниМани";""		
2024-06-29;"-50.0";"";"azn";"Медицина / Стоматология";"50 на зубы Самиры";"ASB kart";"ХаниМани";""		
2024-06-29;"-10.0";"";"azn";"Продукты";"10";"ASB kart";"ХаниМани";""		
2024-06-29;"-5.0";"";"azn";"Продукты";"5";"Кошелёк";"ХаниМани";""		
2024-06-29;"-6.0";"";"azn";"Медицина / Лекарства";"6";"ASB kart";"ХаниМани";""		
2024-06-28;"-20.0";"";"azn";"Платный софт";"20 lightnode";"Albali kart";"ХаниМани";""		
2024-06-28;"-4.0";"";"azn";"Развлечения и хобби";"4";"Кошелёк";"ХаниМани";""		
2024-06-28;"-5.0";"";"azn";"Транспорт";"5";"Кошелек Самира";"ХаниМани";""		
2024-06-28;"-3.0";"";"azn";"Ребенок";"3";"Кошелёк";"ХаниМани";""		
2024-06-27;"-3.0";"";"azn";"Продукты";"3";"Кошелёк";"ХаниМани";""		
2024-06-27;"-2.5";"";"azn";"Продукты";"2.5";"Кошелек Самира";"ХаниМани";""		
2024-06-27;"-2.0";"";"azn";"Продукты";"2";"Кошелёк";"ХаниМани";""		
2024-06-27;"-7.0";"";"azn";"Транспорт";"7";"Кошелек Самира";"ХаниМани";""		
2024-06-27;"-7.0";"";"azn";"Транспорт";"7";"Кошелек Самира";"ХаниМани";""		
2024-06-26;"235.0";"";"azn";"";"";"";"";"Albali кредитная карта => YapiKrediBank kredit"		
2024-06-26;"18.0";"";"azn";"";"";"";"";"Albali кредитная карта => Albali kart"		
2024-06-26;"-30.0";"";"azn";"Ребенок";"30 педиатр";"ASB kart";"ХаниМани";""		
2024-06-26;"-5.0";"";"azn";"Продукты";"5";"ASB kart";"ХаниМани";""		
2024-06-26;"-23.0";"";"azn";"Продукты";"23";"Кошелёк";"ХаниМани";""		
2024-06-26;"-23.0";"";"azn";"Продукты";"23";"Кошелёк";"ХаниМани";""		
2024-06-26;"-67.0";"";"azn";"Проценты и бонусы";"64 3кредит авто";"Albali кредитная карта";"ХаниМани";""		
2024-06-26;"2.0";"";"azn";"";"";"";"";"Albali kart => ABB kart Samira"		
2024-06-26;"-4.2";"";"azn";"Продукты";"4.2";"Кошелек Самира";"ХаниМани";""		
2024-06-25;"-15.0";"";"azn";"Продукты";"15";"ASB kart";"ХаниМани";""		
2024-06-25;"17.0";"";"azn";"";"";"";"";"Albali kart => Кошелёк"		
2024-06-25;"7000.0";"";"azn";"";"";"";"";"Резервы => ХаниМани"		
2024-06-24;"-20.0";"";"azn";"Подарки";"20 цветы маме";"Кошелек Самира";"ХаниМани";""		
2024-06-24;"-25.0";"";"azn";"Подарки";"25 торт маме";"Кошелёк";"ХаниМани";""		
2024-06-24;"50.0";"";"azn";"";"";"";"";"Кошелёк => Кошелек Самира"		
2024-06-24;"-11.0";"";"azn";"Транспорт";"10 1";"Кошелек Самира";"ХаниМани";""		
2024-06-24;"-5.0";"";"azn";"Продукты";"5";"Кошелек Самира";"ХаниМани";""		
2024-06-24;"75.0";"";"azn";"";"";"";"";"ASB kart => Кошелёк"		
2024-06-24;"-53.0";"";"azn";"Ребенок";"53 подгузники";"ASB kart";"ХаниМани";""		
2024-06-23;"75.0";"";"azn";"";"";"";"";"ASB kart => Кошелёк"		
2024-06-23;"-20.2";"";"azn";"Подарки";"20.2";"ASB kart";"ХаниМани";""		
2024-06-23;"-20.0";"";"azn";"Автомобиль / Бензин";"20";"ASB kart";"ХаниМани";""		
2024-06-23;"-11.0";"";"azn";"Продукты";"11";"ASB kart";"ХаниМани";""		
2024-06-22;"-3.0";"";"azn";"Ребенок";"3";"Кошелёк";"ХаниМани";""		
2024-06-22;"-63.0";"";"azn";"Продукты";"63";"ASB kart";"ХаниМани";""		
2024-06-22;"-5.0";"";"azn";"Продукты";"5";"Кошелёк";"ХаниМани";""		
2024-06-21;"20.0";"";"azn";"";"";"";"";"Кошелёк => Кошелек Самира"		
2024-06-21;"-20.0";"";"azn";"Продукты";"20";"Кошелёк";"ХаниМани";""		
2024-06-21;"-9.0";"";"azn";"Транспорт";"9";"Кошелек Самира";"ХаниМани";""		
2024-06-21;"-15.0";"";"azn";"Продукты";"15";"ABB kart Samira";"ХаниМани";""		
2024-06-21;"-13.0";"";"azn";"Продукты";"13";"Кошелёк";"ХаниМани";""		
2024-06-21;"-14.0";"";"azn";"Продукты";"14";"Кошелёк";"ХаниМани";""		
2024-06-20;"-9.0";"";"azn";"Продукты";"9";"ABB kart Samira";"ХаниМани";""		
2024-06-19;"-40.0";"";"azn";"Ребенок";"40 одежда";"Кошелёк";"ХаниМани";""		
2024-06-19;"-60.0";"";"azn";"Одежда и обувь";"60";"Кошелёк";"ХаниМани";""		
2024-06-19;"95.0";"";"azn";"";"";"";"";"ABB kart Samira => Кошелёк"		
2024-06-19;"95.0";"";"azn";"";"";"";"";"ABB kart Samira => Кошелёк"		
2024-06-19;"-16.0";"";"azn";"Продукты";"16";"ABB kart Samira";"ХаниМани";""		
2024-06-19;"-12.0";"";"azn";"Гигиена и красота";"12";"ABB kart Samira";"ХаниМани";""		
2024-06-18;"-25.0";"";"azn";"Подарки";"25";"Кошелёк";"ХаниМани";""		
2024-06-15;"-12.0";"";"azn";"Интернет и связь";"12 Ильгар";"ASB kart";"ХаниМани";""		
2024-06-15;"-46.0";"";"azn";"Подарки";"46";"ABB kart Samira";"ХаниМани";""		
2024-06-15;"-25.0";"";"azn";"Автомобиль / Бензин";"25";"ABB kart Samira";"ХаниМани";""		
2024-06-15;"-1.0";"";"azn";"Подарки";"1";"Кошелёк";"ХаниМани";""		
2024-06-15;"-16.0";"";"azn";"Медицина / Лекарства";"16";"ABB kart Samira";"ХаниМани";""		
2024-06-15;"-12.0";"";"azn";"Подарки";"12";"Кошелёк";"ХаниМани";""		
2024-06-14;"-15.0";"";"azn";"Продукты";"15";"Кошелёк";"ХаниМани";""		
2024-06-14;"-2.0";"";"azn";"Продукты";"2";"ASB kart";"ХаниМани";""		
2024-06-14;"-6.0";"";"azn";"Подарки";"6";"ASB kart";"ХаниМани";""		
2024-06-14;"-21.0";"";"azn";"Продукты";"21";"ASB kart";"ХаниМани";""		
2024-06-13;"-15.0";"";"azn";"Продукты";"15";"Кошелёк";"ХаниМани";""		
2024-06-13;"-10.7";"";"azn";"Продукты";"10.7";"ASB kart";"ХаниМани";""		
2024-06-12;"-29.0";"";"azn";"Подарки";"29 для деревни";"ASB kart";"ХаниМани";""		
2024-06-12;"-10.0";"";"azn";"Транспорт";"10";"Кошелек Самира";"ХаниМани";""		
2024-06-11;"20.0";"";"azn";"";"";"";"";"Кошелёк => Кошелек Самира"		
2024-06-11;"-14.5";"";"azn";"Продукты";"14.5";"ASB kart";"ХаниМани";""		
2024-06-11;"-16.0";"";"azn";"Ком. услуги / Квартира";"16";"Кошелек Самира";"ХаниМани";""		
2024-06-10;"-1.3";"";"azn";"Продукты";"1.3";"ASB kart";"ХаниМани";""		
2024-06-10;"-10.0";"";"azn";"Продукты";"10";"Кошелек Самира";"ХаниМани";""		
2024-06-09;"10.0";"";"azn";"";"";"";"";"Albali кредитная карта => Albali kart"		
2024-06-09;"-50.0";"";"azn";"Подарки";"50 Azadin qardasi oglu";"ASB kart";"ХаниМани";""		
2024-06-09;"-22.2";"";"azn";"Ребенок";"22.2 подгузники";"ASB kart";"ХаниМани";""		
2024-06-09;"-36.0";"";"azn";"Продукты";"36";"ASB kart";"ХаниМани";""		
2024-06-08;"-8.0";"";"azn";"Продукты";"8";"ASB kart";"ХаниМани";""		
2024-06-08;"95.0";"";"azn";"";"";"";"";"ASB kart => Кошелёк"		
2024-06-08;"-5.0";"";"azn";"Продукты";"5";"Кошелёк";"ХаниМани";""		
2024-06-08;"-31.0";"";"azn";"Одежда и обувь";"31";"Кошелёк";"ХаниМани";""		
2024-06-08;"-2.0";"";"azn";"Ребенок";"2";"Кошелёк";"ХаниМани";""		
2024-06-08;"-5.6";"-5.6";"azn";"Платный софт";"5.6 ticktick";"Albali кредитная карта";"Резервы";""		
2024-06-08;"-28.1";"";"azn";"Продукты";"28.1";"ASB kart";"ХаниМани";""		
2024-06-08;"-30.0";"";"azn";"Автомобиль / Бензин";"30";"ASB kart";"ХаниМани";""		
2024-06-08;"-100.0";"";"azn";"Медицина / Лекарства";"100";"ASB kart";"ХаниМани";""		
2024-06-07;"-10.0";"";"azn";"Транспорт";"10";"Кошелек Самира";"ХаниМани";""		
2024-06-07;"-50.0";"";"azn";"Гигиена и красота";"50 салон";"Кошелек Самира";"ХаниМани";""		
2024-06-07;"-1.0";"";"azn";"Автомобиль";"1";"Кошелёк";"ХаниМани";""		
2024-06-07;"363.8";"";"azn";"Пенсия Самира";"363.8";"ABB kart Samira";"ХаниМани";""		
2024-06-07;"-80.0";"";"azn";"Подарки";"80 Свадьба дочки Юсифа";"Кошелёк";"ХаниМани";""		
2024-06-06;"85.0";"";"azn";"";"";"";"";"ASB kart => Кошелёк"		
2024-06-06;"-4.0";"";"azn";"Гигиена и красота";"4";"ASB kart";"ХаниМани";""		
2024-06-06;"-45.0";"";"azn";"Медицина / Лечение";"45 за уколы";"Кошелёк";"ХаниМани";""		
2024-06-06;"-3.0";"";"azn";"Ребенок";"3";"Кошелёк";"ХаниМани";""		
2024-06-06;"195.0";"";"azn";"";"";"";"";"ASB kart => Кошелёк"		
2024-06-06;"60.0";"";"azn";"";"";"";"";"Кошелёк => Кошелек Самира"		
2024-06-06;"-15.0";"";"azn";"Медицина / Лекарства";"15";"ASB kart";"ХаниМани";""		
2024-06-06;"-14.0";"";"azn";"Продукты";"14";"ASB kart";"ХаниМани";""		
2024-06-06;"-22.12";"";"azn";"Ком. услуги / Электроэнергия";"22.12";"ASB kart";"ХаниМани";""		
2024-06-05;"473.0";"";"azn";"";"";"";"";"ASB kart => Albali кредитная карта"		
2024-06-05;"-11.0";"";"azn";"Проценты и бонусы";"11";"ASB kart";"ХаниМани";""		
2024-06-05;"-3.0";"";"azn";"Интернет и связь";"3 Ильгар";"ASB kart";"ХаниМани";""		
2024-06-05;"-10.0";"";"azn";"Транспорт";"10";"Копилка";"ХаниМани";""		
2024-06-05;"30.0";"";"azn";"";"";"";"";"ASB kart => Albali кредитная карта"		
2024-06-05;"1948.5";"";"azn";"Зарплата Ильгар";"1948.5";"ASB kart";"ХаниМани";""		
2024-06-05;"264.0";"";"azn";"Зарплата Ильгар";"264";"Страхование жизни";"ХаниМани";""		
2024-06-04;"-20.0";"";"azn";"Платный софт";"20 notion";"Albali кредитная карта";"ХаниМани";""		
2024-06-04;"-1.0";"";"azn";"Автомобиль / Мойка";"1";"Кошелек Самира";"ХаниМани";""		
2024-06-04;"-10.0";"";"azn";"Транспорт";"10";"Копилка";"ХаниМани";""		
2024-06-03;"20.0";"";"azn";"";"";"";"";"Albali кредитная карта => Albali kart"		
2024-06-03;"-12.2";"";"azn";"Продукты";"12.2";"Albali kart";"ХаниМани";""		
2024-06-03;"26.0";"";"azn";"";"";"";"";"Кошелёк => Кошелек Самира"		
2024-06-03;"-8.0";"";"azn";"Транспорт";"8";"Кошелек Самира";"ХаниМани";""		
2024-06-02;"20.0";"";"azn";"";"";"";"";"Albali кредитная карта => Albali kart"		
2024-06-02;"-8.0";"";"azn";"Гигиена и красота";"8";"Albali kart";"ХаниМани";""		
2024-06-02;"30.0";"";"azn";"";"";"";"";"Albali кредитная карта => Albali kart"		
2024-06-02;"-10.0";"";"azn";"Продукты";"10";"Кошелек Самира";"ХаниМани";""		
2024-06-02;"-35.0";"";"azn";"Продукты";"35";"Albali kart";"ХаниМани";""		
2024-06-02;"-11.3";"";"azn";"Медицина / Лекарства";"11.3";"Albali kart";"ХаниМани";""		
2024-06-01;"-6.0";"";"azn";"Интернет и связь";"3 3 samira ilqar";"Albali кредитная карта";"ХаниМани";""		
2024-05-31;"-20.0";"";"azn";"Автомобиль / Бензин";"20";"Albali kart";"ХаниМани";""		
2024-05-30;"-15.0";"";"azn";"Интернет и связь";"15 ailenet";"Albali кредитная карта";"ХаниМани";""		
2024-05-30;"-6.0";"";"azn";"Продукты";"6";"Albali kart";"ХаниМани";""		
2024-05-30;"-4.5";"";"azn";"Продукты";"4.5";"Кошелёк";"ХаниМани";""		
2024-05-30;"12.0";"";"azn";"";"";"";"";"Кошелек Самира => Копилка"		
2024-05-29;"-9.0";"";"azn";"Продукты";"9";"Albali kart";"ХаниМани";""		
2024-05-29;"-10.0";"";"azn";"Продукты";"10";"Кошелёк";"ХаниМани";""		
2024-05-29;"-9.0";"";"azn";"Продукты";"9";"Albali kart";"ХаниМани";""		
2024-05-28;"-4.6";"";"azn";"Продукты";"4.6";"ABB kart Samira";"ХаниМани";""		
2024-05-27;"30.0";"";"azn";"";"";"";"";"Albali кредитная карта => Albali kart"		
2024-05-27;"-10.0";"";"azn";"Медицина / Лекарства";"10";"Кошелек Самира";"ХаниМани";""		
2024-05-27;"-32.0";"";"azn";"Продукты";"32";"ABB kart Samira";"ХаниМани";""		
2024-05-27;"-10.0";"";"azn";"Подарки";"10";"Кошелек Самира";"ХаниМани";""		
2024-05-27;"-20.0";"";"azn";"Продукты";"20";"Кошелёк";"ХаниМани";""		
2024-05-26;"-5.0";"";"azn";"Продукты";"5";"ABB kart Samira";"ХаниМани";""		
2024-05-26;"-7.0";"";"azn";"Продукты";"7";"Кошелёк";"ХаниМани";""		
2024-05-26;"228.4";"";"azn";"";"";"";"";"Albali кредитная карта => YapiKrediBank kredit"		
2024-05-26;"-73.5";"";"azn";"Проценты и бонусы";"70.5 3 автокредит";"Albali кредитная карта";"ХаниМани";""		
2024-05-26;"-10.0";"";"azn";"Продукты";"10";"Кошелек Самира";"ХаниМани";""		
2024-05-26;"20.0";"";"azn";"";"";"";"";"Кошелёк => Кошелек Самира"		
2024-05-26;"-12.0";"";"azn";"Продукты";"12";"ABB kart Samira";"ХаниМани";""		
2024-05-25;"-9.0";"";"azn";"Продукты";"9";"ABB kart Samira";"ХаниМани";""		
2024-05-25;"-20.0";"";"azn";"Автомобиль / Бензин";"20";"Кошелёк";"ХаниМани";""		
2024-05-25;"-10.0";"";"azn";"Ребенок";"10";"Кошелёк";"ХаниМани";""		
2024-05-24;"-4.0";"";"azn";"Развлечения и хобби";"4";"Кошелёк";"ХаниМани";""		
2024-05-24;"50.0";"";"azn";"";"";"";"";"Кошелёк => Кошелек Самира"		
2024-05-24;"-24.0";"";"azn";"Продукты";"24";"ASB kart";"ХаниМани";""		
2024-05-24;"-3.0";"";"azn";"Ребенок";"3";"Кошелек Самира";"ХаниМани";""		
2024-05-24;"-4.3";"";"azn";"Гигиена и красота";"4.3";"Кошелек Самира";"ХаниМани";""		
2024-05-23;"-15.0";"";"azn";"Транспорт";"15";"Кошелек Самира";"ХаниМани";""		
2024-05-22;"-542.0";"";"azn";"Ребенок";"542 aba logoped";"Кошелёк";"ХаниМани";""		
2024-05-22;"-1.3";"";"azn";"Продукты";"1.3";"ABB kart Samira";"ХаниМани";""		
2024-05-22;"20.0";"";"azn";"";"";"";"";"Кошелёк => Кошелек Самира"		
2024-05-22;"-3.0";"";"azn";"Продукты";"3";"Кошелек Самира";"ХаниМани";""		
2024-05-22;"-8.0";"";"azn";"Транспорт";"8";"Кошелек Самира";"ХаниМани";""		
2024-05-22;"-5.6";"";"azn";"Гигиена и красота";"5.6";"Кошелек Самира";"ХаниМани";""		
2024-05-22;"-29.0";"";"azn";"Ребенок";"29 подгузники";"ABB kart Samira";"ХаниМани";""		
2024-05-21;"570.0";"";"azn";"";"";"";"";"ASB kart => Кошелёк"		
2024-05-21;"-20.0";"";"azn";"Продукты";"20";"Кошелёк";"ХаниМани";""		
2024-05-21;"-5.0";"";"azn";"Платный софт";"5 яндекс";"ASB kart";"ХаниМани";""		
2024-05-21;"-3.0";"";"azn";"Ребенок";"3";"Кошелёк";"ХаниМани";""		
2024-05-20;"-20.0";"";"azn";"Автомобиль / Бензин";"20";"Кошелёк";"ХаниМани";""		
2024-05-20;"-3.0";"";"azn";"Ребенок";"3";"Кошелек Самира";"ХаниМани";""		
2024-05-20;"-10.0";"";"azn";"Транспорт";"10";"Кошелёк";"ХаниМани";""		
2024-05-19;"-8.9";"";"azn";"Продукты";"8.9";"ABB kart Samira";"ХаниМани";""		
2024-05-19;"-2.55";"";"azn";"Медицина / Лекарства";"2.55";"ABB kart Samira";"ХаниМани";""		
2024-05-18;"-9.0";"";"azn";"Продукты";"9";"Кошелёк";"ХаниМани";""		
2024-05-18;"-20.0";"";"azn";"Транспорт";"10 10";"Кошелёк";"ХаниМани";""		
2024-05-18;"-95.0";"";"azn";"Медицина";"95 УЗИ";"Кошелёк";"ХаниМани";""		
2024-05-17;"100.0";"";"azn";"";"";"";"";"Долг маме => Кошелёк"		
2024-05-17;"-10.0";"";"azn";"Продукты";"10";"Кошелёк";"ХаниМани";""		
2024-05-16;"-32.0";"";"azn";"Продукты";"32";"Кошелёк";"ХаниМани";""		
2024-05-15;"-10.0";"";"azn";"Продукты";"10";"Кошелёк";"ХаниМани";""		
2024-05-15;"1.0";"";"azn";"";"";"";"";"ABB kart Samira => Albali kart"		
2024-05-15;"-4.0";"";"azn";"Продукты";"4";"Кошелёк";"ХаниМани";""		
2024-05-15;"-8.0";"";"azn";"Транспорт";"8";"Копилка";"ХаниМани";""		
2024-05-15;"-12.0";"";"azn";"Интернет и связь";"12 Ильгар";"ABB kart Samira";"ХаниМани";""		
2024-05-15;"200.0";"";"azn";"";"";"";"";"ABB kart Samira => Кошелёк"		
2024-05-14;"-2.0";"";"azn";"Продукты";"2";"ASB kart";"ХаниМани";""		
2024-05-14;"-33.0";"";"azn";"Продукты";"33";"ASB kart";"ХаниМани";""		
2024-05-13;"-20.0";"";"azn";"Автомобиль / Бензин";"20";"ASB kart";"ХаниМани";""		
2024-05-13;"-8.0";"";"azn";"Транспорт";"8";"Копилка";"ХаниМани";""		
2024-05-12;"-15.4";"";"azn";"Продукты";"15.4";"ASB kart";"ХаниМани";""		
2024-05-11;"-10.0";"-10.0";"azn";"Ком. услуги / Вода";"10";"ABB kart Samira";"Резервы";""		
2024-05-11;"200.0";"";"azn";"";"";"";"";"Долг маме => Кошелёк"		
2024-05-11;"-7.0";"";"azn";"Транспорт";"7";"Кошелёк";"ХаниМани";""		
2024-05-11;"-213.0";"";"azn";"Медицина / Лечение";"213 анализы Ильгар";"Кошелёк";"ХаниМани";""		
2024-05-11;"-3.0";"";"azn";"Кафе	 ресторан";"3";"Кошелёк";"ХаниМани";""	
2024-05-11;"-4.5";"";"azn";"Продукты";"4.5";"ASB kart";"ХаниМани";""		
2024-05-10;"327.0";"327.0";"azn";"Пенсия Самира";"327";"ABB kart Samira";"Резервы";""		
2024-05-10;"-8.0";"";"azn";"Транспорт";"8";"Кошелек Самира";"ХаниМани";""		
2024-05-10;"20.0";"";"azn";"";"";"";"";"Кошелёк => Кошелек Самира"		
2024-05-10;"-5.0";"";"azn";"Развлечения и хобби";"5";"Кошелёк";"ХаниМани";""		
2024-05-10;"-2.2";"";"azn";"Продукты";"2.2";"Кошелёк";"ХаниМани";""		
2024-05-09;"-10.0";"";"azn";"Ребенок";"10";"Кошелек Самира";"ХаниМани";""		
2024-05-09;"-3.0";"";"azn";"Ребенок";"3";"Кошелёк";"ХаниМани";""		
2024-05-09;"-32.0";"";"azn";"Продукты";"32";"ASB kart";"ХаниМани";""		
2024-05-09;"-43.0";"";"azn";"Продукты";"43";"Кошелёк";"ХаниМани";""		
2024-05-09;"-26.7";"";"azn";"Ком. услуги / Электроэнергия";"26.7";"Albali кредитная карта";"ХаниМани";""		
2024-05-08;"-5.6";"-5.6";"azn";"Платный софт";"5.6 ticktick";"ASB kart";"Резервы";""		
2024-05-08;"-8.0";"";"azn";"Транспорт";"8";"Копилка";"ХаниМани";""		
2024-05-08;"-12.0";"";"azn";"Продукты";"12";"Кошелёк";"ХаниМани";""		
2024-05-08;"-107.0";"";"azn";"Медицина / Лекарства";"107";"ASB kart";"ХаниМани";""		
2024-05-06;"-35.0";"";"azn";"Платный софт";"35 notion";"ASB kart";"ХаниМани";""		
2024-05-06;"-1.5";"";"azn";"Продукты";"1.5";"ASB kart";"ХаниМани";""		
2024-05-06;"-200.0";"";"azn";"Ребенок";"200 детский сад";"ASB kart";"ХаниМани";""		
2024-05-06;"-3.0";"";"azn";"Продукты";"3";"Кошелёк";"ХаниМани";""		
2024-05-06;"-20.0";"";"azn";"Автомобиль / Бензин";"20";"ASB kart";"ХаниМани";""		
2024-05-05;"315.0";"";"azn";"";"";"";"";"ASB kart => Кошелёк"		
2024-05-05;"-31.6";"";"azn";"Ребенок";"31.6 подгузники";"ASB kart";"ХаниМани";""		
2024-05-05;"20.0";"";"azn";"";"";"";"";"Кошелёк => Копилка"		
2024-05-05;"-2.5";"";"azn";"Дом";"2.5";"Кошелёк";"ХаниМани";""		
2024-05-04;"-33.0";"";"azn";"Продукты";"33";"ASB kart";"ХаниМани";""		
2024-05-04;"-19.0";"";"azn";"Медицина / Лекарства";"19";"ASB kart";"ХаниМани";""		
2024-05-04;"-20.0";"";"azn";"Гигиена и красота";"20";"ASB kart";"ХаниМани";""		
2024-05-03;"-3.0";"";"azn";"Ребенок";"3";"Кошелёк";"ХаниМани";""		
2024-05-03;"-8.0";"";"azn";"Транспорт";"8";"Копилка";"ХаниМани";""		
2024-05-03;"-1.5";"";"azn";"Ребенок";"1.5";"Кошелек Самира";"ХаниМани";""		
2024-05-03;"-4.0";"";"azn";"Развлечения и хобби";"4";"Кошелёк";"ХаниМани";""		
2024-05-02;"342.0";"";"azn";"";"";"";"";"ASB kart => Albali кредитная карта"		
2024-05-02;"-12.0";"";"azn";"Проценты и бонусы";"12 в юнибанк";"ASB kart";"ХаниМани";""		
2024-05-02;"-25.0";"";"azn";"Продукты";"25";"ASB kart";"ХаниМани";""		
2024-05-02;"-10.33";"";"azn";"Гигиена и красота";"10.33";"ASB kart";"ХаниМани";""		
2024-05-01;"-7.0";"";"azn";"Транспорт";"7";"Кошелёк";"ХаниМани";""		
2024-05-01;"-6.0";"";"azn";"Интернет и связь";"3 3 ilqar samira";"Albali кредитная карта";"ХаниМани";""		
2024-05-01;"1911.0";"1900.0";"azn";"Зарплата Ильгар";"1911";"ASB kart";"Резервы";""		
2024-05-01;"264.0";"";"azn";"Зарплата Ильгар";"264";"Страхование жизни";"ХаниМани";""		
2024-04-30;"3.0";"";"azn";"";"";"";"";"Кошелёк => Кошелек Самира"		
2024-04-30;"20.0";"";"azn";"";"";"";"";"Кошелёк => Копилка"		
2024-04-30;"-15.0";"";"azn";"Интернет и связь";"15 ailenet";"Albali кредитная карта";"ХаниМани";""		
2024-04-29;"-70.0";"";"azn";"Ребенок";"70 педиатр и анализы";"ASB kart";"ХаниМани";""		
2024-04-29;"3.0";"";"azn";"";"";"";"";"Кошелёк => Кошелек Самира"		
2024-04-29;"-3.0";"";"azn";"Автомобиль / Мойка";"3";"Кошелёк";"ХаниМани";""		
2024-04-29;"-1.5";"";"azn";"Транспорт";"1.5";"Кошелек Самира";"ХаниМани";""		
2024-04-29;"-2.0";"";"azn";"Продукты";"2";"Кошелёк";"ХаниМани";""		
2024-04-29;"-23.0";"";"azn";"Платный софт";"23 youtube";"Albali кредитная карта";"ХаниМани";""		
2024-04-28;"-22.0";"";"azn";"Продукты";"22";"ASB kart";"ХаниМани";""		
2024-04-28;"-25.0";"";"azn";"Медицина / Лечение";"25 уколы";"ASB kart";"ХаниМани";""		
2024-04-28;"-20.0";"";"azn";"Автомобиль / Бензин";"20";"Кошелёк";"ХаниМани";""		
2024-04-27;"-2.0";"";"azn";"Ребенок";"2";"Кошелёк";"ХаниМани";""		
2024-04-27;"-16.1";"";"azn";"Продукты";"6.1 10";"ASB kart";"ХаниМани";""		
2024-04-27;"-4.0";"";"azn";"Кафе	 ресторан";"4";"Кошелёк";"ХаниМани";""	
2024-04-26;"-262.0";"";"azn";"Проценты и бонусы";"262 автокредит";"Albali кредитная карта";"ХаниМани";""		
2024-04-26;"-48.0";"";"azn";"Медицина / Лекарства";"48";"ASB kart";"ХаниМани";""		
2024-04-26;"5.0";"";"azn";"";"";"";"";"Кошелёк => Кошелек Самира"		
2024-04-26;"38.0";"";"azn";"";"";"";"";"Albali кредитная карта => YapiKrediBank kredit"		
2024-04-26;"-5.0";"";"azn";"Развлечения и хобби";"5";"Кошелёк";"ХаниМани";""		
2024-04-26;"-8.0";"";"azn";"Транспорт";"8";"Кошелек Самира";"ХаниМани";""		
2024-04-25;"-4.0";"";"azn";"Продукты";"4";"ASB kart";"ХаниМани";""		
2024-04-24;"85.0";"";"azn";"";"";"";"";"ASB kart => Кошелёк"		
2024-04-24;"-30.0";"";"azn";"Автомобиль / Бензин";"30";"ASB kart";"ХаниМани";""		
2024-04-24;"-8.0";"";"azn";"Транспорт";"8";"Кошелек Самира";"ХаниМани";""		
2024-04-24;"-3.0";"";"azn";"Гигиена и красота";"3";"Кошелёк";"ХаниМани";""		
2024-04-24;"-40.0";"";"azn";"Ком. услуги / Отопление";"40";"Кошелек Самира";"ХаниМани";""		
2024-04-24;"-16.0";"";"azn";"Ком. услуги / Квартира";"16";"Кошелёк";"ХаниМани";""		
2024-04-23;"-5.0";"";"azn";"Ребенок";"5";"Кошелек Самира";"ХаниМани";""		
2024-04-23;"-1.0";"";"azn";"Ребенок";"1";"Кошелёк";"ХаниМани";""		
2024-04-22;"-8.0";"";"azn";"Транспорт";"8";"Кошелек Самира";"ХаниМани";""		
2024-04-22;"-214.0";"";"azn";"Ребенок";"214 terapiya i logoped";"ASB kart";"ХаниМани";""		
2024-04-22;"-332.0";"";"azn";"Ребенок";"332 terapiya i logoped";"ABB kart Samira";"ХаниМани";""		
2024-04-22;"-17.0";"";"azn";"Продукты";"17";"ASB kart";"ХаниМани";""		
2024-04-21;"-3.0";"";"azn";"Ребенок";"3";"Кошелёк";"ХаниМани";""		
2024-04-21;"75.0";"";"azn";"";"";"";"";"Кошелёк => Кошелек Самира"		
2024-04-20;"26.0";"";"azn";"";"";"";"";"Кошелёк => Кошелек Самира"		
2024-04-20;"-20.0";"";"azn";"Подарки";"20";"Кошелек Самира";"ХаниМани";""		
2024-04-20;"-59.0";"";"azn";"Продукты";"59";"ABB kart Samira";"ХаниМани";""		
2024-04-20;"-24.0";"";"azn";"Транспорт";"14 10";"Кошелек Самира";"ХаниМани";""		
2024-04-19;"95.0";"";"azn";"";"";"";"";"ASB kart => Кошелёк"		
2024-04-19;"-30.0";"";"azn";"Ребенок";"30 подгузники";"ASB kart";"ХаниМани";""		
2024-04-19;"-5.0";"";"azn";"Развлечения и хобби";"5";"Кошелёк";"ХаниМани";""		
2024-04-19;"-2.0";"";"azn";"Продукты";"2";"ASB kart";"ХаниМани";""		
2024-04-19;"-100.0";"";"azn";"Медицина / Лекарства";"100";"ASB kart";"ХаниМани";""		
2024-04-18;"-1.0";"";"azn";"Продукты";"1";"ASB kart";"ХаниМани";""		
2024-04-17;"-2.0";"";"azn";"Ребенок";"2";"Кошелек Самира";"ХаниМани";""		
2024-04-17;"-3.0";"";"azn";"Интернет и связь";"3 Ильгар";"Albali кредитная карта";"ХаниМани";""		
2024-04-17;"6.0";"";"azn";"";"";"";"";"Albali kart => Albali кредитная карта"		
2024-04-17;"-3.0";"";"azn";"Интернет и связь";"3 Ильгар";"Albali кредитная карта";"ХаниМани";""		
2024-04-17;"-8.0";"";"azn";"Транспорт";"8";"Кошелек Самира";"ХаниМани";""		
2024-04-16;"-130.0";"";"azn";"Ребенок";"130 psixiatr";"Кошелёк";"ХаниМани";""		
2024-04-16;"-11.0";"";"azn";"Транспорт";"11";"Кошелёк";"ХаниМани";""		
2024-04-16;"-25.0";"";"azn";"Продукты";"25";"ASB kart";"ХаниМани";""		
2024-04-15;"-12.0";"";"azn";"Интернет и связь";"12 Ильгар";"ASB kart";"ХаниМани";""		
2024-04-15;"-4.0";"";"azn";"Гигиена и красота";"4";"Кошелек Самира";"ХаниМани";""		
2024-04-15;"30.0";"";"azn";"";"";"";"";"Кошелёк => Кошелек Самира"		
2024-04-15;"-14.0";"";"azn";"Ребенок";"4 10";"Кошелек Самира";"ХаниМани";""		
2024-04-15;"-33.0";"";"azn";"Продукты";"33";"ASB kart";"ХаниМани";""		
2024-04-14;"-9.0";"";"azn";"Продукты";"9";"ASB kart";"ХаниМани";""		
2024-04-10;"-12.0";"";"azn";"Платный софт";"12 memento database";"ASB kart";"ХаниМани";""		
2024-04-10;"-7.0";"";"azn";"Подарки";"7";"Кошелёк";"ХаниМани";""		
2024-04-10;"-3.0";"";"azn";"Подарки";"3";"Кошелёк";"ХаниМани";""		
2024-04-10;"-12.0";"-12.0";"azn";"Платный софт";"12 Memento databse";"ASB kart";"Резервы";""		
2024-04-10;"364.0";"327.0";"azn";"Пенсия Самира";"364";"ABB kart Samira";"Резервы";""		
2024-04-10;"100.0";"";"azn";"";"";"";"";"ASB kart => Кошелёк"		
2024-04-10;"-30.0";"";"azn";"Автомобиль / Бензин";"30";"ASB kart";"ХаниМани";""		
2024-04-10;"-1.0";"";"azn";"Автомобиль / Мойка";"1";"Кошелёк";"ХаниМани";""		
2024-04-09;"-12.0";"";"azn";"Ребенок";"12";"Кошелёк";"ХаниМани";""		
2024-04-09;"-3.0";"";"azn";"Кафе	 ресторан";"3";"ASB kart";"ХаниМани";""	
2024-04-09;"-8.0";"";"azn";"Транспорт";"7 1";"ASB kart";"ХаниМани";""		
2024-04-09;"-55.0";"";"azn";"Подарки";"55";"ASB kart";"ХаниМани";""		
2024-04-09;"-12.0";"";"azn";"Ребенок";"12";"Кошелёк";"ХаниМани";""		
2024-04-09;"-10.0";"";"azn";"Медицина / Лечение";"10";"ASB kart";"ХаниМани";""		
2024-04-08;"-5.6";"-5.6";"azn";"Платный софт";"5.6 ticktick";"Albali кредитная карта";"Резервы";""		
2024-04-08;"-300.0";"";"azn";"Медицина / Стоматология";"300 имплант Самира";"Кошелёк";"ХаниМани";""		
2024-04-08;"-7.0";"";"azn";"Транспорт";"7";"Кошелёк";"ХаниМани";""		
2024-04-08;"205.0";"";"azn";"";"";"";"";"ASB kart => Кошелёк"		
2024-04-08;"-20.0";"";"azn";"Автомобиль / Бензин";"20";"ASB kart";"ХаниМани";""		
2024-04-08;"-4.0";"";"azn";"Продукты";"4";"ASB kart";"ХаниМани";""		
2024-04-08;"-45.0";"";"azn";"Гигиена и красота";"45 салон";"ABB kart Samira";"ХаниМани";""		
2024-04-07;"-15.0";"";"azn";"Продукты";"15";"ASB kart";"ХаниМани";""		
2024-04-07;"-7.0";"";"azn";"Гигиена и красота";"7";"ASB kart";"ХаниМани";""		
2024-04-07;"-10.0";"";"azn";"Ком. услуги / Вода";"10";"ASB kart";"ХаниМани";""		
2024-04-07;"13.0";"";"azn";"";"";"";"";"Кошелёк => Кошелек Самира"		
2024-04-07;"-12.0";"";"azn";"Транспорт";"12";"Кошелек Самира";"ХаниМани";""		
2024-04-07;"264.0";"";"azn";"Зарплата Ильгар";"264";"Страхование жизни";"ХаниМани";""		
2024-04-06;"10.0";"";"azn";"";"";"";"";"ASB kart => Кошелёк"		
2024-04-05;"-33.0";"";"azn";"Развлечения и хобби";"33 кафе";"ASB kart";"ХаниМани";""		
2024-04-05;"-200.0";"";"azn";"Ребенок";"200 детский сад";"Кошелёк";"ХаниМани";""		
2024-04-04;"5.0";"";"azn";"";"";"";"";"Кошелёк => Кошелек Самира"		
2024-04-04;"50.0";"";"azn";"";"";"";"";"ASB kart => Albali kart"		
2024-04-04;"300.0";"";"azn";"";"";"";"";"ASB kart => Кошелёк"		
2024-04-04;"-32.0";"";"azn";"Платный софт";"32 notion";"Albali kart";"ХаниМани";""		
2024-04-04;"-54.0";"";"azn";"Ком. услуги / Электроэнергия";"54";"ASB kart";"ХаниМани";""		
2024-04-04;"-80.0";"";"azn";"Продукты";"80";"ASB kart";"ХаниМани";""		
2024-04-04;"-13.0";"";"azn";"Подарки";"13";"ASB kart";"ХаниМани";""		
2024-04-03;"-30.0";"";"azn";"Продукты";"30";"ASB kart";"ХаниМани";""		
2024-04-03;"-34.0";"";"azn";"Подарки";"34";"ASB kart";"ХаниМани";""		
2024-04-01;"1948.0";"1900.0";"azn";"Зарплата Ильгар";"1948";"ASB kart";"Резервы";""		
2024-04-01;"-8.0";"";"azn";"Продукты";"3 5";"Кошелёк";"ХаниМани";""		
2024-04-01;"-11.0";"";"azn";"Ребенок";"3 8";"Кошелёк";"ХаниМани";""		
2024-03-31;"-6.0";"";"azn";"Интернет и связь";"3 3";"Albali кредитная карта";"ХаниМани";""		
2024-03-31;"-15.0";"";"azn";"Интернет и связь";"15 ailenet";"ABB kart Samira";"ХаниМани";""		
2024-03-31;"-3.0";"";"azn";"Ребенок";"3";"Кошелёк";"ХаниМани";""		
2024-03-30;"-20.0";"";"azn";"Продукты";"20";"Кошелёк";"ХаниМани";""		
2024-03-29;"-5.0";"";"azn";"Ребенок";"5";"Кошелёк";"ХаниМани";""		
2024-03-29;"-5.0";"";"azn";"Продукты";"5";"Кошелёк";"ХаниМани";""		
2024-03-28;"-5.0";"";"azn";"Ребенок";"5";"Кошелёк";"ХаниМани";""		
2024-03-27;"-10.0";"";"azn";"Ребенок";"10";"Кошелёк";"ХаниМани";""		
2024-03-26;"-302.0";"";"azn";"Проценты и бонусы";"302 проценты кредита";"ASB kart";"ХаниМани";""		
2024-03-26;"-20.0";"";"azn";"Автомобиль / Бензин";"20";"Кошелёк";"ХаниМани";""		
2024-03-26;"-21.0";"";"azn";"Продукты";"21";"ABB kart Samira";"ХаниМани";""		
2024-03-25;"-10.0";"";"azn";"Гигиена и красота";"10";"ASB kart";"ХаниМани";""		
2024-03-24;"-20.0";"";"azn";"Автомобиль / Бензин";"20";"Кошелёк";"ХаниМани";""		
2024-03-23;"-6.0";"";"azn";"Ребенок";"6";"Кошелёк";"ХаниМани";""		
2024-03-23;"-8.0";"";"azn";"Продукты";"8";"Кошелёк";"ХаниМани";""		
2024-03-22;"-10.0";"";"azn";"Гигиена и красота";"10";"Кошелёк";"ХаниМани";""		
2024-03-22;"-7.0";"";"azn";"Продукты";"7";"ASB kart";"ХаниМани";""		
2024-03-21;"-32.0";"";"azn";"Ребенок";"32 подгузники";"Кошелёк";"ХаниМани";""		
2024-03-21;"-5.0";"";"azn";"Платный софт";"5 yandex";"ASB kart";"ХаниМани";""		
2024-03-20;"-3.0";"";"azn";"Продукты";"3";"Кошелёк";"ХаниМани";""		
2024-03-20;"-10.0";"";"azn";"Подарки";"10";"Кошелёк";"ХаниМани";""		
2024-03-19;"195.0";"";"azn";"";"";"";"";"ASB kart => Кошелёк"		
2024-03-19;"-41.0";"";"azn";"Медицина / Лекарства";"41";"ASB kart";"ХаниМани";""		
2024-03-19;"-3.5";"";"azn";"Продукты";"3.5";"ASB kart";"ХаниМани";""		
2024-03-18;"-44.0";"";"azn";"Продукты";"44";"ASB kart";"ХаниМани";""		
2024-03-17;"-108.0";"";"azn";"Медицина / Лекарства";"108 миноксидил";"ASB kart";"ХаниМани";""		
2024-03-17;"-12.0";"";"azn";"Продукты";"12";"ASB kart";"ХаниМани";""		
2024-03-16;"-300.0";"";"azn";"Медицина / Стоматология";"300 имплант";"Albali kart";"ХаниМани";""		
2024-03-16;"-14.0";"";"azn";"Медицина / Лекарства";"14";"ASB kart";"ХаниМани";""		
2024-03-16;"100.0";"";"azn";"";"";"";"";"ASB kart => Albali kart"		
2024-03-16;"-156.0";"";"azn";"Медицина / Лекарства";"156";"ABB kart Samira";"ХаниМани";""		
2024-03-16;"-50.0";"";"azn";"Ребенок";"50 одежда";"Кошелек Самира";"ХаниМани";""		
2024-03-16;"-85.0";"";"azn";"Медицина / Стоматология";"85 зуб вытащили";"ASB kart";"ХаниМани";""		
2024-03-16;"-30.0";"";"azn";"Продукты";"30";"Кошелёк";"ХаниМани";""		
2024-03-15;"-50.0";"";"azn";"Медицина / Лечение";"50 гинеколог";"ABB kart Samira";"ХаниМани";""		
2024-03-15;"-8.0";"";"azn";"Транспорт";"8";"Albali кредитная карта";"ХаниМани";""		
2024-03-15;"-85.0";"";"azn";"Медицина / Лечение";"85 невропатолог";"Кошелек Самира";"ХаниМани";""		
2024-03-15;"-52.0";"";"azn";"Подарки";"52 подарки врачам";"ABB kart Samira";"ХаниМани";""		
2024-03-15;"-17.0";"";"azn";"Транспорт";"17";"Кошелек Самира";"ХаниМани";""		
2024-03-15;"-12.0";"";"azn";"Интернет и связь";"12 ilqar";"Albali kart";"ХаниМани";""		
2024-03-14;"-6.0";"";"azn";"Продукты";"6";"ASB kart";"ХаниМани";""		
2024-03-14;"116.0";"";"azn";"";"";"";"";"Кошелёк => Кошелек Самира"		
2024-03-14;"195.0";"";"azn";"";"";"";"";"ASB kart => Кошелёк"		
2024-03-13;"-1.0";"";"azn";"Медицина / Лекарства";"1";"Кошелёк";"ХаниМани";""		
2024-03-13;"-6.0";"";"azn";"Ребенок";"6 фото в садике";"Albali kart";"ХаниМани";""		
2024-03-12;"-35.0";"";"azn";"Продукты";"35";"ASB kart";"ХаниМани";""		
2024-03-11;"-43.0";"";"azn";"Продукты";"43";"Кошелёк";"ХаниМани";""		
2024-03-11;"-1.3";"";"azn";"Продукты";"1.3";"ASB kart";"ХаниМани";""		
2024-03-11;"-16.0";"";"azn";"Ком. услуги / Квартира";"16";"Кошелёк";"ХаниМани";""		
2024-03-11;"-40.0";"";"azn";"Ком. услуги / Отопление";"40";"Кошелёк";"ХаниМани";""		
2024-03-11;"-70.0";"";"azn";"Ребенок";"50 20 детский сад";"Albali kart";"ХаниМани";""		
2024-03-10;"-13.0";"";"azn";"Продукты";"13";"ASB kart";"ХаниМани";""		
2024-03-10;"-19.0";"";"azn";"Ком. услуги / Вода";"19";"Albali кредитная карта";"ХаниМани";""		
2024-03-10;"30.0";"";"azn";"";"";"";"";"Кошелёк => Кошелек Самира"		
2024-03-10;"-20.0";"";"azn";"Гигиена и красота";"20";"ASB kart";"ХаниМани";""		
2024-03-09;"-8.0";"";"azn";"Дом";"8 ремонт печки";"Кошелёк";"ХаниМани";""		
2024-03-09;"-20.0";"";"azn";"Автомобиль / Бензин";"20";"ASB kart";"ХаниМани";""		
2024-03-09;"-12.0";"";"azn";"Платный софт";"12 memento";"ASB kart";"ХаниМани";""		
2024-03-09;"-40.0";"";"azn";"Дом";"40 тв ремонт";"Кошелёк";"ХаниМани";""		
2024-03-09;"-38.0";"";"azn";"Продукты";"38";"ASB kart";"ХаниМани";""		
2024-03-09;"-10.0";"";"azn";"Дом";"10 ремонт тэн стиралки";"Кошелёк";"ХаниМани";""		
2024-03-09;"-64.0";"";"azn";"Медицина / Лекарства";"64";"ASB kart";"ХаниМани";""		
2024-03-09;"-5.3";"";"azn";"Продукты";"5.3";"ASB kart";"ХаниМани";""		
2024-03-08;"-5.6";"-5.6";"azn";"Платный софт";"5.6 ticktick";"Albali кредитная карта";"Резервы";""		
2024-03-08;"-6.0";"";"azn";"Продукты";"6";"ASB kart";"ХаниМани";""		
2024-03-08;"-4.0";"";"azn";"Развлечения и хобби";"4";"Кошелёк";"ХаниМани";""		
2024-03-08;"-20.0";"";"azn";"Подарки";"20";"Albali кредитная карта";"ХаниМани";""		
2024-03-08;"-40.0";"";"azn";"Подарки";"40 цветы";"Albali kart";"ХаниМани";""		
2024-03-08;"-330.0";"";"azn";"Подарки";"330 маме и Самире";"ASB kart";"ХаниМани";""		
2024-03-08;"295.0";"";"azn";"";"";"";"";"ASB kart => Кошелёк"		
2024-03-08;"-20.0";"";"azn";"Транспорт";"20";"Кошелек Самира";"ХаниМани";""		
2024-03-08;"12.0";"";"azn";"";"";"";"";"Кошелёк => Кошелек Самира"		
2024-03-08;"363.0";"";"azn";"Пенсия Самира";"363";"ABB kart Samira";"ХаниМани";""		
2024-03-07;"-85.0";"";"azn";"Подарки";"85 в детский сад";"Albali kart";"ХаниМани";""		
2024-03-07;"-20.0";"";"azn";"Продукты";"20";"ASB kart";"ХаниМани";""		
2024-03-06;"-6.2";"";"azn";"Продукты";"6.2";"Кошелек Самира";"ХаниМани";""		
2024-03-05;"6.0";"";"azn";"";"";"";"";"ABB kart Samira => Кошелек Самира"		
2024-03-05;"-170.0";"";"azn";"Ребенок";"170 детский сад";"Albali кредитная карта";"ХаниМани";""		
2024-03-05;"264.0";"";"azn";"Зарплата Ильгар";"264";"Страхование жизни";"ХаниМани";""		
2024-03-04;"-5.0";"";"azn";"Автомобиль / Мойка";"5";"Кошелёк";"ХаниМани";""		
2024-03-04;"-68.0";"";"azn";"Ком. услуги / Электроэнергия";"68";"Albali kart";"ХаниМани";""		
2024-03-04;"253.0";"";"azn";"";"";"";"";"Albali kart => Albali кредитная карта"		
2024-03-04;"15.0";"";"azn";"";"";"";"";"ASB kart => Кошелёк"		
2024-03-02;"-40.0";"";"azn";"Медицина / Стоматология";"40";"Albali kart";"ХаниМани";""		
2024-03-02;"-5.0";"";"azn";"Продукты";"5";"Albali kart";"ХаниМани";""		
2024-03-01;"-13.0";"";"azn";"Проценты и бонусы";"13";"ABB kart Samira";"ХаниМани";""		
2024-03-01;"-5.0";"";"azn";"Развлечения и хобби";"5";"Кошелёк";"ХаниМани";""		
2024-03-01;"-35.0";"";"azn";"Ребенок";"35 подгузники";"Albali kart";"ХаниМани";""		
2024-03-01;"1976.0";"1900.0";"azn";"Зарплата Ильгар";"1976";"ASB kart";"Резервы";""		
2024-02-29;"-15.0";"";"azn";"Интернет и связь";"15 ailenet";"Albali kart";"ХаниМани";""		
2024-02-28;"-4.0";"";"azn";"Проценты и бонусы";"4 перевод на карту";"ASB kart";"ХаниМани";""		
2024-02-28;"-3.0";"";"azn";"Интернет и связь";"3 Ильгар";"Albali кредитная карта";"ХаниМани";""		
2024-02-28;"900.0";"";"azn";"";"";"";"";"ASB kart => Albali kart"		
2024-02-28;"-10.0";"";"azn";"Продукты";"10";"Кошелёк";"ХаниМани";""		
2024-02-27;"-6.0";"";"azn";"Гигиена и красота";"6";"ASB kart";"ХаниМани";""		
2024-02-27;"-3.0";"";"azn";"Продукты";"3";"ASB kart";"ХаниМани";""		
2024-02-27;"-4.0";"";"azn";"Ребенок";"4";"Кошелек Самира";"ХаниМани";""		
2024-02-27;"-1.0";"";"azn";"Ребенок";"1";"Кошелёк";"ХаниМани";""		
2024-02-26;"-9.0";"";"azn";"Продукты";"9";"Albali kart";"ХаниМани";""		
2024-02-26;"-4.0";"";"azn";"Продукты";"4";"ABB kart Samira";"ХаниМани";""		
2024-02-26;"-14.0";"";"azn";"Продукты";"14";"ASB kart";"ХаниМани";""		
2024-02-26;"-301.0";"";"azn";"Проценты и бонусы";"301 за авто";"ASB kart";"ХаниМани";""		
2024-02-25;"-22.0";"";"azn";"Продукты";"22";"ASB kart";"ХаниМани";""		
2024-02-25;"-4.0";"";"azn";"Развлечения и хобби";"4";"Кошелёк";"ХаниМани";""		
2024-02-25;"-10.0";"";"azn";"Платный софт";"10 minimalistic phone";"Albali кредитная карта";"ХаниМани";""		
2024-02-24;"-20.0";"";"azn";"Продукты";"20";"ASB kart";"ХаниМани";""		
2024-02-24;"-30.0";"";"azn";"Дом";"30 плита";"ASB kart";"ХаниМани";""		
2024-02-24;"-20.0";"";"azn";"Автомобиль / Бензин";"20";"ASB kart";"ХаниМани";""		
2024-02-23;"-10.0";"";"azn";"Продукты";"10";"Кошелёк";"ХаниМани";""		
2024-02-23;"-68.0";"";"azn";"Продукты";"68";"ASB kart";"ХаниМани";""		
2024-02-23;"-5.0";"";"azn";"Развлечения и хобби";"5";"Кошелёк";"ХаниМани";""		
2024-02-22;"-15.0";"";"azn";"Медицина / Лекарства";"15";"ASB kart";"ХаниМани";""		
2024-02-22;"-5.0";"";"azn";"Платный софт";"5 yandex";"ASB kart";"ХаниМани";""		
2024-02-22;"-5.0";"";"azn";"Продукты";"5";"ASB kart";"ХаниМани";""		
2024-02-21;"-95.0";"";"azn";"Автомобиль / Запчасти";"95";"Кошелёк";"ХаниМани";""		
2024-02-21;"-39.0";"";"azn";"Медицина / Лекарства";"39";"ASB kart";"ХаниМани";""		
2024-02-21;"100.0";"";"azn";"";"";"";"";"Кошелек Самира => Кошелёк"		
2024-02-21;"-2.0";"";"azn";"Продукты";"2";"ASB kart";"ХаниМани";""		
2024-02-20;"-3.0";"";"azn";"Ребенок";"3";"Кошелек Самира";"ХаниМани";""		
2024-02-20;"-2.0";"";"azn";"Дом";"2";"Кошелек Самира";"ХаниМани";""		
2024-02-19;"11000.0";"";"azn";"";"";"";"";"Резервы => ХаниМани"		
2024-02-19;"-200.0";"";"azn";"Медицина / Стоматология";"200 Самира две коронки";"ABB kart Samira";"ХаниМани";""		
2024-02-19;"-21.0";"";"azn";"Продукты";"21";"ASB kart";"ХаниМани";""		
2024-02-19;"-7.0";"";"azn";"Автомобиль / Мойка";"7";"Кошелёк";"ХаниМани";""		
2024-02-19;"-20.0";"";"azn";"Автомобиль / Бензин";"20";"ASB kart";"ХаниМани";""		
2024-02-19;"-20.0";"";"azn";"Медицина / Лекарства";"20";"ASB kart";"ХаниМани";""		
2024-02-18;"-25.0";"";"azn";"Продукты";"25";"ASB kart";"ХаниМани";""		
2024-02-18;"30.0";"";"azn";"";"";"";"";"ASB kart => Albali кредитная карта"		
2024-02-18;"-28.0";"";"azn";"Платный софт";"28 ханимани";"Albali кредитная карта";"ХаниМани";""		
2024-02-17;"10.0";"";"azn";"";"";"";"";"ASB kart => Albali kart"		
2024-02-17;"-23.0";"";"azn";"Платный софт";"23 udemy aba terapiya";"Albali кредитная карта";"ХаниМани";""		
2024-02-17;"25.0";"";"azn";"";"";"";"";"ASB kart => Albali кредитная карта"		
2024-02-17;"-20.0";"";"azn";"Подарки";"20 Амиль";"Albali kart";"ХаниМани";""		
2024-02-16;"-5.0";"";"azn";"Развлечения и хобби";"5";"Кошелёк";"ХаниМани";""		
2024-02-16;"-210.0";"";"azn";"Медицина / Стоматология";"210 Самира";"ASB kart";"ХаниМани";""		
2024-02-16;"-3.0";"";"azn";"Продукты";"3";"ABB kart Samira";"ХаниМани";""		
2024-02-16;"-30.0";"";"azn";"Гигиена и красота";"30 салон";"Кошелек Самира";"ХаниМани";""		
2024-02-15;"150.0";"";"azn";"";"";"";"";"Кошелёк => Кошелек Самира"		
2024-02-15;"-17.5";"";"azn";"Гигиена и красота";"17.5";"ASB kart";"ХаниМани";""		
2024-02-15;"-30.2";"";"azn";"Ребенок";"30.2 подгузники";"ASB kart";"ХаниМани";""		
2024-02-15;"-8.0";"";"azn";"Транспорт";"8";"Кошелек Самира";"ХаниМани";""		
2024-02-14;"-8.0";"";"azn";"Транспорт";"8";"Кошелек Самира";"ХаниМани";""		
2024-02-14;"-47.0";"";"azn";"Подарки";"47";"Кошелек Самира";"ХаниМани";""		
2024-02-14;"-5.7";"";"azn";"Подарки";"5.7";"ABB kart Samira";"ХаниМани";""		
2024-02-14;"-45.0";"";"azn";"Медицина / Стоматология";"45 Самира";"ABB kart Samira";"ХаниМани";""		
2024-02-14;"195.0";"";"azn";"";"";"";"";"ASB kart => Кошелёк"		
2024-02-14;"-31.0";"";"azn";"Гигиена и красота";"31 салон";"ABB kart Samira";"ХаниМани";""		
2024-02-14;"23.0";"";"azn";"";"";"";"";"Копилка => Кошелек Самира"		
2024-02-13;"75.0";"";"azn";"";"";"";"";"Кошелёк => Кошелек Самира"		
2024-02-13;"-8.0";"";"azn";"Транспорт";"8";"Кошелек Самира";"ХаниМани";""		
2024-02-13;"-5.5";"";"azn";"Медицина / Лекарства";"5.5";"ABB kart Samira";"ХаниМани";""		
2024-02-13;"-28.0";"";"azn";"Одежда и обувь";"28";"Кошелек Самира";"ХаниМани";""		
2024-02-13;"-30.0";"";"azn";"Медицина / Стоматология";"30 Samira";"ABB kart Samira";"ХаниМани";""		
2024-02-12;"-7.7";"";"azn";"Медицина / Лекарства";"7.7";"ABB kart Samira";"ХаниМани";""		
2024-02-12;"-21.0";"";"azn";"Продукты";"21";"ASB kart";"ХаниМани";""		
2024-02-12;"-40.0";"";"azn";"Ком. услуги / Отопление";"40";"Кошелёк";"ХаниМани";""		
2024-02-12;"-16.0";"";"azn";"Ком. услуги / Квартира";"16";"Кошелёк";"ХаниМани";""		
2024-02-11;"-3.0";"";"azn";"Ребенок";"3";"Кошелёк";"ХаниМани";""		
2024-02-11;"-14.0";"";"azn";"Продукты";"14";"ASB kart";"ХаниМани";""		
2024-02-11;"-10.0";"";"azn";"Ребенок";"10";"ASB kart";"ХаниМани";""		
2024-02-11;"-36.0";"";"azn";"Ребенок";"36 одежда";"Кошелёк";"ХаниМани";""		
2024-02-11;"-12.0";"";"azn";"Одежда и обувь";"12";"Кошелёк";"ХаниМани";""		
2024-02-10;"195.0";"";"azn";"";"";"";"";"ASB kart => Кошелёк"		
2024-02-10;"-3.0";"";"azn";"Продукты";"3";"ASB kart";"ХаниМани";""		
2024-02-10;"-50.0";"";"azn";"Подарки";"50 Эльхан день рождения";"Кошелёк";"ХаниМани";""		
2024-02-10;"401.0";"327.0";"azn";"Пенсия Самира";"401";"ABB kart Samira";"Резервы";""		
2024-02-10;"-12.0";"-12.0";"azn";"Платный софт";"12 Memento databse";"ASB kart";"Резервы";""		
2024-02-10;"20.0";"";"azn";"";"";"";"";"Albali kart => Albali кредитная карта"		
2024-02-09;"-30.0";"";"azn";"Автомобиль / Бензин";"30";"ASB kart";"ХаниМани";""		
2024-02-09;"-4.0";"";"azn";"Продукты";"4";"Кошелек Самира";"ХаниМани";""		
2024-02-09;"-40.0";"";"azn";"Медицина / Стоматология";"40 Самира";"ABB kart Samira";"ХаниМани";""		
2024-02-08;"-5.6";"-5.6";"azn";"Платный софт";"5.6 ticktick";"Albali кредитная карта";"Резервы";""		
2024-02-07;"-35.0";"";"azn";"Кафе	 ресторан";"35";"Кошелёк";"ХаниМани";""	
2024-02-06;"30.0";"";"azn";"";"";"";"";"ASB kart => Albali kart"		
2024-02-06;"-4.0";"";"azn";"Автомобиль / Мойка";"4";"Кошелёк";"ХаниМани";""		
2024-02-06;"-30.0";"";"azn";"Продукты";"30";"ASB kart";"ХаниМани";""		
2024-02-05;"-47.0";"";"azn";"Медицина / Стоматология";"47 Самира пломба";"ABB kart Samira";"ХаниМани";""		
2024-02-05;"-20.0";"";"azn";"Платный софт";"20 notion";"Albali kart";"ХаниМани";""		
2024-02-05;"-5.5";"";"azn";"Медицина / Лекарства";"5.5";"ASB kart";"ХаниМани";""		
2024-02-05;"-3.0";"";"azn";"Продукты";"3";"ASB kart";"ХаниМани";""		
2024-02-05;"-6.0";"";"azn";"Транспорт";"6";"Копилка";"ХаниМани";""		
2024-02-04;"-220.0";"";"azn";"Ребенок";"220 курс развития речи Рената";"Albali kart";"ХаниМани";""		
2024-02-04;"-40.0";"";"azn";"Продукты";"40";"Кошелёк";"ХаниМани";""		
2024-02-04;"-31.0";"";"azn";"Продукты";"31";"ABB kart Samira";"ХаниМани";""		
2024-02-04;"210.0";"";"azn";"";"";"";"";"ASB kart => Albali kart"		
2024-02-04;"25.0";"";"azn";"";"";"";"";"ASB kart => Albali kart"		
2024-02-04;"-91.82";"";"azn";"Ком. услуги / Электроэнергия";"91.82";"ASB kart";"ХаниМани";""		
2024-02-03;"-30.0";"";"azn";"Медицина / Лекарства";"30";"ABB kart Samira";"ХаниМани";""		
2024-02-03;"-56.0";"";"azn";"Медицина / Стоматология";"56 Самира";"ASB kart";"ХаниМани";""		
2024-02-02;"-2.0";"";"azn";"Ребенок";"2";"Кошелек Самира";"ХаниМани";""		
2024-02-02;"-20.0";"";"azn";"Автомобиль / Бензин";"20";"ASB kart";"ХаниМани";""		
2024-02-02;"-20.0";"";"azn";"Подарки";"20 Яс Эльхана";"Кошелёк";"ХаниМани";""		
2024-02-02;"-5.0";"";"azn";"Развлечения и хобби";"5";"Кошелёк";"ХаниМани";""		
2024-02-01;"-3.0";"";"azn";"Интернет и связь";"3 Ilqar";"Albali kart";"ХаниМани";""		
2024-02-01;"1801.0";"1900.0";"azn";"Зарплата Ильгар";"1801";"ASB kart";"Резервы";""		
2024-02-01;"-3.0";"";"azn";"Интернет и связь";"3 samira";"Albali kart";"ХаниМани";""		
2024-02-01;"263.0";"";"azn";"Зарплата Ильгар";"263";"Страхование жизни";"ХаниМани";""		
2024-01-31;"220.0";"";"azn";"";"";"";"";"ASB kart => YapiKrediBank kredit"		
2024-01-31;"2.0";"";"azn";"";"";"";"";"Albali kart => Albali кредитная карта"		
2024-01-31;"-3.0";"";"azn";"Гигиена и красота";"3";"ASB kart";"ХаниМани";""		
2024-01-31;"-33.0";"";"azn";"Ребенок";"33 подгузники";"ASB kart";"ХаниМани";""		
2024-01-31;"-78.0";"";"azn";"Проценты и бонусы";"78 кредит за авто";"ASB kart";"ХаниМани";""		
2024-01-31;"-1.0";"";"azn";"Подарки";"1";"Кошелёк";"ХаниМани";""		
2024-01-30;"-5.0";"";"azn";"Ребенок";"5";"ABB kart Samira";"ХаниМани";""		
2024-01-30;"-5.0";"";"azn";"Продукты";"5";"ABB kart Samira";"ХаниМани";""		
2024-01-30;"-15.0";"";"azn";"Интернет и связь";"15 ailenet";"ASB kart";"ХаниМани";""		
2024-01-30;"-4.0";"";"azn";"Гигиена и красота";"4";"ABB kart Samira";"ХаниМани";""		
2024-01-29;"-11.0";"";"azn";"Продукты";"11";"ASB kart";"ХаниМани";""		
2024-01-28;"-8.0";"";"azn";"Гигиена и красота";"8";"ASB kart";"ХаниМани";""		
2024-01-28;"-20.0";"";"azn";"Дом";"20";"Кошелёк";"ХаниМани";""		
2024-01-28;"-36.0";"";"azn";"Продукты";"36";"ASB kart";"ХаниМани";""		
2024-01-27;"95.0";"";"azn";"";"";"";"";"ASB kart => Кошелёк"		
2024-01-27;"-3.6";"";"azn";"Продукты";"3.6";"ASB kart";"ХаниМани";""		
2024-01-26;"-2.0";"";"azn";"Гигиена и красота";"2";"ASB kart";"ХаниМани";""		
2024-01-26;"-5.0";"";"azn";"Развлечения и хобби";"5";"ASB kart";"ХаниМани";""		
2024-01-26;"-1.0";"";"azn";"Продукты";"1";"ASB kart";"ХаниМани";""		
2024-01-25;"-2.0";"";"azn";"Продукты";"2";"ASB kart";"ХаниМани";""		
2024-01-24;"-15.0";"";"azn";"Продукты";"15";"ABB kart Samira";"ХаниМани";""		
2024-01-24;"-9.1";"";"azn";"Продукты";"9.1";"ASB kart";"ХаниМани";""		
2024-01-24;"-5.0";"";"azn";"Платный софт";"5";"Albali kart";"ХаниМани";""		
2024-01-23;"-5.2";"";"azn";"Продукты";"5.2";"ASB kart";"ХаниМани";""		
2024-01-22;"-51.0";"";"azn";"Подарки";"51 Эльхану";"ASB kart";"ХаниМани";""		
2024-01-22;"-28.0";"";"azn";"Продукты";"28";"ASB kart";"ХаниМани";""		
2024-01-21;"-20.0";"";"azn";"Продукты";"20";"Кошелёк";"ХаниМани";""		
2024-01-21;"-15.0";"";"azn";"Автомобиль / Бензин";"15";"ASB kart";"ХаниМани";""		
2024-01-21;"-5.0";"";"azn";"Платный софт";"5 yandex";"ASB kart";"ХаниМани";""		
2024-01-21;"-2.0";"";"azn";"Продукты";"2";"ASB kart";"ХаниМани";""		
2024-01-20;"-45.0";"";"azn";"Ребенок";"45";"Копилка";"ХаниМани";""		
2024-01-20;"-22.0";"";"azn";"Продукты";"22";"ABB kart Samira";"ХаниМани";""		
2024-01-20;"-5.0";"";"azn";"Дом";"5";"Копилка";"ХаниМани";""		
2024-01-19;"-13.7";"";"azn";"Продукты";"13.7";"ABB kart Samira";"ХаниМани";""		
2024-01-19;"-5.0";"";"azn";"Развлечения и хобби";"5";"Кошелёк";"ХаниМани";""		
2024-01-19;"-2.7";"";"azn";"Продукты";"2.7";"ASB kart";"ХаниМани";""		
2024-01-19;"-9.0";"";"azn";"Одежда и обувь";"9";"ASB kart";"ХаниМани";""		
2024-01-19;"-15.3";"";"azn";"Медицина / Лекарства";"15.3";"ASB kart";"ХаниМани";""		
2024-01-18;"180.0";"";"azn";"";"";"";"";"ASB kart => Albali кредитная карта"		
2024-01-18;"-47.0";"";"azn";"Гигиена и красота";"47";"ABB kart Samira";"ХаниМани";""		
2024-01-17;"-10.0";"";"azn";"Продукты";"10";"ASB kart";"ХаниМани";""		
2024-01-16;"-9.8";"";"azn";"Продукты";"9.8";"ASB kart";"ХаниМани";""		
2024-01-15;"-22.3";"";"azn";"Продукты";"22.3";"ASB kart";"ХаниМани";""		
2024-01-15;"-12.0";"";"azn";"Интернет и связь";"12 Ильгар";"ASB kart";"ХаниМани";""		
2024-01-14;"-10.0";"";"azn";"Продукты";"10";"ASB kart";"ХаниМани";""		
2024-01-14;"-28.0";"";"azn";"Ребенок";"28 подгузники";"ASB kart";"ХаниМани";""		
2024-01-13;"95.0";"";"azn";"";"";"";"";"ABB kart Samira => Кошелёк"		
2024-01-12;"60.0";"";"azn";"";"";"";"";"Кошелёк => Копилка"		
2024-01-12;"-30.0";"";"azn";"Автомобиль / Бензин";"30";"ASB kart";"ХаниМани";""		
2024-01-12;"-36.0";"";"azn";"Подарки";"36";"Копилка";"ХаниМани";""		
2024-01-12;"-12.6";"";"azn";"Продукты";"12.6";"ASB kart";"ХаниМани";""		
2024-01-12;"-14.0";"";"azn";"Ком. услуги / Вода";"14";"ASB kart";"ХаниМани";""		
2024-01-12;"-4.0";"";"azn";"Развлечения и хобби";"4";"Кошелёк";"ХаниМани";""		
2024-01-11;"-2.4";"";"azn";"Продукты";"2.4";"ASB kart";"ХаниМани";""		
2024-01-11;"95.0";"";"azn";"";"";"";"";"ASB kart => Кошелёк"		
2024-01-11;"-35.0";"";"azn";"Кафе	 ресторан";"35";"Кошелёк";"ХаниМани";""	
2024-01-10;"-12.0";"-12.0";"azn";"Платный софт";"12 Memento databse";"ASB kart";"Резервы";""		
2024-01-10;"1014.0";"";"azn";"";"";"";"";"ASB kart => Albali кредитная карта"		
2024-01-10;"-12.0";"";"azn";"Гигиена и красота";"12";"ASB kart";"ХаниМани";""		
2024-01-10;"327.0";"327.0";"azn";"Пенсия Самира";"327";"ABB kart Samira";"Резервы";""		
2024-01-10;"3280.0";"";"azn";"Зарплата Ильгар";"3280 тринадцатая зарплата";"ASB kart";"ХаниМани";""		
2024-01-10;"-365.0";"";"azn";"Проценты и бонусы";"365";"ASB kart";"ХаниМани";""		
2024-01-09;"-15.0";"";"azn";"Ком. услуги / Квартира";"15";"Копилка";"ХаниМани";""		
2024-01-09;"-2.0";"";"azn";"Ребенок";"2";"Копилка";"ХаниМани";""		
2024-01-09;"-1.4";"";"azn";"Продукты";"1.4";"Копилка";"ХаниМани";""		
2024-01-09;"-2.3";"";"azn";"Продукты";"2.3";"ASB kart";"ХаниМани";""		
2024-01-09;"-40.0";"";"azn";"Ком. услуги / Отопление";"40";"Копилка";"ХаниМани";""		
2024-01-08;"-5.6";"-5.6";"azn";"Платный софт";"5.6 ticktick";"Albali кредитная карта";"Резервы";""		
2024-01-08;"-6.0";"";"azn";"Продукты";"6";"ASB kart";"ХаниМани";""		
2024-01-08;"-10.0";"";"azn";"Гигиена и красота";"10";"ASB kart";"ХаниМани";""		
2024-01-06;"-1.0";"";"azn";"Продукты";"1";"ASB kart";"ХаниМани";""		
2024-01-06;"-60.62";"";"azn";"Ком. услуги / Электроэнергия";"60.62";"ASB kart";"ХаниМани";""		
2024-01-06;"-14.0";"";"azn";"Подарки";"14";"ASB kart";"ХаниМани";""		
2024-01-06;"-35.0";"";"azn";"Подарки";"35 Tahir emi";"Кошелёк";"ХаниМани";""		
2024-01-05;"-5.0";"";"azn";"Развлечения и хобби";"5";"Кошелёк";"ХаниМани";""		
2024-01-05;"-11.0";"";"azn";"Продукты";"11";"ASB kart";"ХаниМани";""		
2024-01-05;"-22.0";"";"azn";"Подарки";"22 торт";"ASB kart";"ХаниМани";""		
2024-01-04;"-28.0";"";"azn";"Продукты";"28";"ASB kart";"ХаниМани";""		
2024-01-04;"-3.0";"";"azn";"Гигиена и красота";"3";"ASB kart";"ХаниМани";""		
2024-01-04;"-21.0";"";"azn";"Платный софт";"21 notion";"Albali kart";"ХаниМани";""		
2024-01-04;"-3.0";"";"azn";"Автомобиль / Мойка";"3";"Кошелёк";"ХаниМани";""		
2024-01-03;"-18.0";"";"azn";"Продукты";"18";"ASB kart";"ХаниМани";""		
2024-01-03;"977.0";"";"azn";"";"";"";"";"ASB kart => Albali кредитная карта"		
2024-01-03;"265.0";"";"azn";"Зарплата Ильгар";"265";"Страхование жизни";"ХаниМани";""		
2024-01-03;"-23.0";"";"azn";"Проценты и бонусы";"23";"ASB kart";"ХаниМани";""		
2024-01-03;"50.0";"";"azn";"Подарки";"50 от мамы";"Копилка";"ХаниМани";""		
2024-01-02;"-31.0";"";"azn";"Продукты";"31";"ASB kart";"ХаниМани";""		
2024-01-01;"-17.0";"";"azn";"Платный софт";"17 Agnessa mini";"Albali кредитная карта";"ХаниМани";""		
2023-12-31;"-6.0";"";"azn";"Интернет и связь";"3 Ильгар 3 Самира";"ASB kart";"ХаниМани";""		
2023-12-31;"-20.5";"";"azn";"Продукты";"20.5";"ASB kart";"ХаниМани";""		
2023-12-30;"-15.0";"";"azn";"Интернет и связь";"15 ailenet";"ASB kart";"ХаниМани";""		
2023-12-30;"-5.32";"";"azn";"Гигиена и красота";"5.32";"ASB kart";"ХаниМани";""		
2023-12-30;"-40.0";"";"azn";"Продукты";"40";"ASB kart";"ХаниМани";""		
2023-12-29;"-20.0";"";"azn";"Автомобиль / Бензин";"20";"ASB kart";"ХаниМани";""		
2023-12-29;"1614.0";"";"azn";"Зарплата Ильгар";"1614";"ASB kart";"ХаниМани";""		
2023-12-29;"-24.9";"";"azn";"Ребенок";"24.9 подгузники";"ASB kart";"ХаниМани";""		
2023-12-29;"-9.6";"";"azn";"Гигиена и красота";"9.6";"ASB kart";"ХаниМани";""		
2023-12-29;"-5.0";"";"azn";"Развлечения и хобби";"5 футбол";"Кошелёк";"ХаниМани";""		
2023-12-29;"-17.8";"";"azn";"Продукты";"17.8";"ASB kart";"ХаниМани";""		
2023-12-29;"-11.7";"";"azn";"Медицина / Лекарства";"11.7";"ASB kart";"ХаниМани";""		
2023-12-28;"-10.0";"";"azn";"Продукты";"10";"Кошелёк";"ХаниМани";""		
2023-12-27;"10.0";"";"azn";"";"";"";"";"ASB kart => ABB kart Samira"		
2023-12-27;"-42.0";"";"azn";"Продукты";"42";"ABB kart Samira";"ХаниМани";""		
2023-12-27;"-8.0";"";"azn";"Продукты";"8";"Кошелёк";"ХаниМани";""		
2023-12-27;"-15.0";"";"azn";"Подарки";"15 день рождения Зейнеб";"Кошелёк";"ХаниМани";""		
2023-12-27;"-4.0";"";"azn";"Ребенок";"4";"Кошелёк";"ХаниМани";""		
2023-12-26;"222.0";"";"azn";"";"";"";"";"Albali кредитная карта => YapiKrediBank kredit"		
2023-12-26;"70.0";"";"azn";"";"";"";"";"ASB kart => Кошелёк"		
2023-12-26;"-10.3";"";"azn";"Продукты";"10.3";"Кошелёк";"ХаниМани";""		
2023-12-26;"-15.0";"";"azn";"Ребенок";"15 Поликлиника";"Кошелёк";"ХаниМани";""		
2023-12-26;"-80.0";"";"azn";"Проценты и бонусы";"80 world kart";"Albali кредитная карта";"ХаниМани";""		
2023-12-26;"-10.0";"";"azn";"Подарки";"10 Яс Аббас";"ABB kart Samira";"ХаниМани";""		
2023-12-26;"-45.0";"";"azn";"Гигиена и красота";"45 салон";"ABB kart Samira";"ХаниМани";""		
2023-12-26;"-49.3";"";"azn";"Продукты";"49.3";"ABB kart Samira";"ХаниМани";""		
2023-12-26;"-13.1";"";"azn";"Гигиена и красота";"13.1";"ABB kart Samira";"ХаниМани";""		
2023-12-25;"-78.0";"";"azn";"Продукты";"78";"ABB kart Samira";"ХаниМани";""		
2023-12-24;"-8.9";"";"azn";"Продукты";"8.9";"ABB kart Samira";"ХаниМани";""		
2023-12-23;"-40.0";"";"azn";"Медицина / Лекарства";"40 d vitamin";"ABB kart Samira";"ХаниМани";""		
2023-12-23;"-20.7";"";"azn";"Продукты";"20.7";"ABB kart Samira";"ХаниМани";""		
2023-12-23;"-3.5";"";"azn";"Дом";"3.5";"Копилка";"ХаниМани";""		
2023-12-22;"-5.0";"";"azn";"Платный софт";"5 yandex";"ASB kart";"ХаниМани";""		
2023-12-22;"-2.4";"";"azn";"Продукты";"2.4";"ABB kart Samira";"ХаниМани";""		
2023-12-21;"-7.0";"";"azn";"Автомобиль / Ремонт";"7 регулировка фар";"Кошелёк";"ХаниМани";""		
2023-12-21;"-20.0";"";"azn";"Подарки";"20 yas Amir futbol";"Кошелёк";"ХаниМани";""		
2023-12-21;"-17.0";"";"azn";"Продукты";"17";"ABB kart Samira";"ХаниМани";""		
2023-12-20;"95.0";"";"azn";"";"";"";"";"ASB kart => Кошелёк"		
2023-12-20;"30.0";"";"azn";"";"";"";"";"Кошелёк => Копилка"		
2023-12-20;"-50.0";"";"azn";"Ребенок";"50";"Копилка";"ХаниМани";""		
2023-12-20;"-30.0";"";"azn";"Дом";"30";"Копилка";"ХаниМани";""		
2023-12-20;"-20.0";"";"azn";"Автомобиль / Бензин";"20";"ABB kart Samira";"ХаниМани";""		
2023-12-20;"-10.0";"";"azn";"Ребенок";"10";"Кошелёк";"ХаниМани";""		
2023-12-19;"-7.6";"";"azn";"Продукты";"7.6";"ABB kart Samira";"ХаниМани";""		
2023-12-19;"-14.0";"";"azn";"Дом";"14";"Копилка";"ХаниМани";""		
2023-12-19;"-5.0";"";"azn";"Продукты";"5";"Кошелёк";"ХаниМани";""		
2023-12-19;"-20.0";"";"azn";"Ребенок";"20";"Копилка";"ХаниМани";""		
2023-12-19;"-1.0";"";"azn";"Ребенок";"1";"Кошелёк";"ХаниМани";""		
2023-12-19;"-2.0";"";"azn";"Одежда и обувь";"2";"Кошелёк";"ХаниМани";""		
2023-12-18;"-90.0";"";"azn";"Ребенок";"90 психиатру";"ABB kart Samira";"ХаниМани";""		
2023-12-18;"-13.0";"";"azn";"Продукты";"13";"ABB kart Samira";"ХаниМани";""		
2023-12-18;"-20.0";"";"azn";"Проценты и бонусы";"20";"ASB kart";"ХаниМани";""		
2023-12-18;"80.0";"";"azn";"";"";"";"";"ASB kart => YapiKrediBank kredit"		
2023-12-17;"40.0";"";"azn";"";"";"";"";"Кошелёк => Копилка"		
2023-12-17;"-34.0";"";"azn";"Продукты";"34";"ABB kart Samira";"ХаниМани";""		
2023-12-16;"-21.0";"";"azn";"Подарки";"21";"Albali кредитная карта";"ХаниМани";""		
2023-12-16;"-5.0";"";"azn";"Продукты";"5";"Albali kart";"ХаниМани";""		
2023-12-15;"-32.0";"";"azn";"Подарки";"32";"ABB kart Samira";"ХаниМани";""		
2023-12-15;"-12.0";"";"azn";"Интернет и связь";"12 ilqar";"Albali кредитная карта";"ХаниМани";""		
2023-12-15;"-31.0";"";"azn";"Ребенок";"31";"ABB kart Samira";"ХаниМани";""		
2023-12-15;"-14.0";"";"azn";"Транспорт";"14";"Кошелёк";"ХаниМани";""		
2023-12-15;"-12.0";"";"azn";"Продукты";"12";"Albali kart";"ХаниМани";""		
2023-12-14;"100.0";"";"azn";"";"";"";"";"ASB kart => Кошелёк"		
2023-12-14;"-17.0";"";"azn";"Транспорт";"17";"Копилка";"ХаниМани";""		
2023-12-14;"-4.0";"";"azn";"Продукты";"4";"Albali kart";"ХаниМани";""		
2023-12-13;"-18.0";"";"azn";"Транспорт";"18";"Копилка";"ХаниМани";""		
2023-12-13;"-12.0";"";"azn";"Продукты";"12";"Albali kart";"ХаниМани";""		
2023-12-13;"-8.0";"";"azn";"Подарки";"8";"ASB kart";"ХаниМани";""		
2023-12-12;"-1.0";"";"azn";"Медицина / Лекарства";"1";"Albali kart";"ХаниМани";""		
2023-12-12;"-7.0";"";"azn";"Продукты";"7";"Albali kart";"ХаниМани";""		
2023-12-12;"-19.0";"";"azn";"Транспорт";"19";"Копилка";"ХаниМани";""		
2023-12-12;"-24.0";"";"azn";"Продукты";"12 12";"ABB kart Samira";"ХаниМани";""		
2023-12-11;"15.0";"";"azn";"";"";"";"";"Кошелёк => Кошелек Самира"		
2023-12-11;"-6.0";"";"azn";"Транспорт";"6";"ABB kart Samira";"ХаниМани";""		
2023-12-11;"-12.0";"";"azn";"Транспорт";"12";"Кошелек Самира";"ХаниМани";""		
2023-12-11;"-3.0";"";"azn";"Продукты";"3";"Albali kart";"ХаниМани";""		
2023-12-10;"-1.0";"";"azn";"Ребенок";"1";"Кошелёк";"ХаниМани";""		
2023-12-10;"-19.0";"";"azn";"Гигиена и красота";"19";"ABB kart Samira";"ХаниМани";""		
2023-12-10;"-30.0";"";"azn";"Продукты";"30";"ABB kart Samira";"ХаниМани";""		
2023-12-09;"-43.0";"";"azn";"Продукты";"43";"Кошелёк";"ХаниМани";""		
2023-12-09;"-20.0";"";"azn";"Ком. услуги / Отопление";"20";"Кошелёк";"ХаниМани";""		
2023-12-09;"-16.0";"";"azn";"Ком. услуги / Квартира";"16";"Кошелёк";"ХаниМани";""		
2023-12-09;"-13.0";"";"azn";"Платный софт";"13 memento";"Albali кредитная карта";"ХаниМани";""		
2023-12-08;"-13.0";"";"azn";"Транспорт";"13";"Кошелек Самира";"ХаниМани";""		
2023-12-08;"-11.0";"";"azn";"Продукты";"11";"Albali kart";"ХаниМани";""		
2023-12-08;"-20.0";"";"azn";"Автомобиль / Бензин";"20";"Albali kart";"ХаниМани";""		
2023-12-08;"-12.0";"";"azn";"Ребенок";"12";"Albali kart";"ХаниМани";""		
2023-12-08;"10.0";"";"azn";"";"";"";"";"Кошелёк => Кошелек Самира"		
2023-12-08;"100.0";"";"azn";"";"";"";"";"ASB kart => Albali kart"		
2023-12-08;"95.0";"";"azn";"";"";"";"";"ASB kart => Кошелёк"		
2023-12-07;"15.0";"";"azn";"";"";"";"";"Кошелёк => Кошелек Самира"		
2023-12-07;"-13.0";"";"azn";"Транспорт";"13";"Кошелек Самира";"ХаниМани";""		
2023-12-07;"-7.0";"";"azn";"Продукты";"7";"Кошелёк";"ХаниМани";""		
2023-12-07;"327.0";"";"azn";"Пенсия Самира";"327";"ABB kart Samira";"ХаниМани";""		
2023-12-07;"-18.0";"";"azn";"Продукты";"18";"Albali kart";"ХаниМани";""		
2023-12-06;"10.0";"";"azn";"";"";"";"";"Кошелёк => Кошелек Самира"		
2023-12-06;"-13.0";"";"azn";"Транспорт";"13";"Кошелек Самира";"ХаниМани";""		
2023-12-06;"-1.0";"";"azn";"Продукты";"1";"Albali kart";"ХаниМани";""		
2023-12-05;"39.0";"";"azn";"Проценты и бонусы";"";"";"";"ASB kart => Albali кредитная карта"		
2023-12-05;"-13.0";"";"azn";"Транспорт";"13";"Кошелек Самира";"ХаниМани";""		
2023-12-05;"-385.0";"";"azn";"Ребенок";"385 aba terapiya";"ASB kart";"ХаниМани";""		
2023-12-05;"960.0";"";"azn";"";"";"";"";"ASB kart => Albali кредитная карта"		
2023-12-05;"-3.0";"";"azn";"Продукты";"3";"Кошелёк";"ХаниМани";""		
2023-12-04;"10.0";"";"azn";"";"";"";"";"Кошелёк => Кошелек Самира"		
2023-12-04;"-21.0";"";"azn";"Платный софт";"21 notion";"Albali kart";"ХаниМани";""		
2023-12-04;"-6.0";"";"azn";"Транспорт";"6";"Albali кредитная карта";"ХаниМани";""		
2023-12-04;"-12.0";"";"azn";"Ком. услуги / Вода";"12";"ASB kart";"ХаниМани";""		
2023-12-04;"-40.0";"";"azn";"Ком. услуги / Электроэнергия";"40";"ASB kart";"ХаниМани";""		
2023-12-04;"-5.0";"";"azn";"Продукты";"5";"Albali kart";"ХаниМани";""		
2023-12-04;"50.0";"";"azn";"";"";"";"";"Albali кредитная карта => Albali kart"		
2023-12-04;"-8.0";"";"azn";"Транспорт";"8";"Кошелек Самира";"ХаниМани";""		
2023-12-03;"-24.0";"";"azn";"Продукты";"24";"Albali kart";"ХаниМани";""		
2023-12-03;"-6.0";"";"azn";"Продукты";"6";"Кошелёк";"ХаниМани";""		
2023-12-01;"50.0";"";"azn";"";"";"";"";"Albali кредитная карта => Albali kart"		
2023-12-01;"2087.0";"";"azn";"Зарплата Ильгар";"2087";"ASB kart";"ХаниМани";""		
2023-12-01;"265.0";"";"azn";"Зарплата Ильгар";"265";"Страхование жизни";"ХаниМани";""		
2023-12-01;"-5.0";"";"azn";"Интернет и связь";"5 Samira";"Albali kart";"ХаниМани";""		
2023-12-01;"-64.0";"";"azn";"Гигиена и красота";"64 духи";"Albali кредитная карта";"ХаниМани";""		
2023-11-30;"20.0";"";"azn";"";"";"";"";"Кошелёк => Кошелек Самира"		
2023-11-30;"-15.0";"";"azn";"Интернет и связь";"15 ailenet";"Albali kart";"ХаниМани";""		
2023-11-30;"-30.0";"";"azn";"Ребенок";"30 подгузники";"Albali kart";"ХаниМани";""		
2023-11-30;"-12.0";"";"azn";"Транспорт";"12";"Кошелек Самира";"ХаниМани";""		
2023-11-30;"-12.0";"";"azn";"Продукты";"12";"Albali kart";"ХаниМани";""		
2023-11-29;"-3.0";"";"azn";"Интернет и связь";"3 ilqar";"Albali kart";"ХаниМани";""		
2023-11-29;"-5.0";"";"azn";"Транспорт";"5";"Кошелек Самира";"ХаниМани";""		
2023-11-28;"-12.0";"";"azn";"Продукты";"12";"Albali kart";"ХаниМани";""		
2023-11-28;"-16.0";"";"azn";"Транспорт";"16";"Кошелек Самира";"ХаниМани";""		
2023-11-28;"5.0";"";"azn";"";"";"";"";"Albali кредитная карта => Кошелек Самира"		
2023-11-28;"-25.0";"";"azn";"Развлечения и хобби";"25";"Albali кредитная карта";"ХаниМани";""		
2023-11-27;"100.0";"";"azn";"";"";"";"";"Albali кредитная карта => Albali kart"		
2023-11-27;"-2.0";"";"azn";"Продукты";"2";"Albali kart";"ХаниМани";""		
2023-11-27;"-20.0";"";"azn";"Автомобиль / Бензин";"20";"Кошелёк";"ХаниМани";""		
2023-11-27;"15.0";"";"azn";"";"";"";"";"Кошелёк => Копилка"		
2023-11-27;"30.0";"";"azn";"";"";"";"";"Кошелёк => Кошелек Самира"		
2023-11-26;"215.0";"";"azn";"";"";"";"";"Albali кредитная карта => YapiKrediBank kredit"		
2023-11-26;"-50.0";"";"azn";"Подарки";"50 Sakir toy";"Копилка";"ХаниМани";""		
2023-11-26;"-5.0";"";"azn";"Продукты";"5";"Albali kart";"ХаниМани";""		
2023-11-26;"-85.0";"";"azn";"Проценты и бонусы";"85 avto";"Albali кредитная карта";"ХаниМани";""		
2023-11-25;"216.0";"";"azn";"";"";"";"";"ABB kart Samira => Кошелёк"		
2023-11-25;"100.0";"";"azn";"";"";"";"";"Albali кредитная карта => Albali kart"		
2023-11-25;"-38.0";"";"azn";"Ребенок";"38";"Кошелёк";"ХаниМани";""		
2023-11-25;"-5.0";"";"azn";"Продукты";"5";"Кошелёк";"ХаниМани";""		
2023-11-25;"-50.0";"";"azn";"Медицина / Лекарства";"50";"Albali kart";"ХаниМани";""		
2023-11-25;"-23.0";"";"azn";"Гигиена и красота";"23";"Albali kart";"ХаниМани";""		
2023-11-25;"-57.0";"";"azn";"Продукты";"57";"Albali кредитная карта";"ХаниМани";""		
2023-11-25;"-10.0";"";"azn";"Подарки";"10";"Albali kart";"ХаниМани";""		
2023-11-24;"-10.0";"";"azn";"Платный софт";"10 cloud pc";"Albali kart";"ХаниМани";""		
2023-11-24;"-4.0";"";"azn";"Развлечения и хобби";"4";"Кошелёк";"ХаниМани";""		
2023-11-24;"-3.0";"";"azn";"Продукты";"3";"Кошелёк";"ХаниМани";""		
2023-11-24;"10.0";"";"azn";"";"";"";"";"Кошелёк => Кошелек Самира"		
2023-11-24;"-19.0";"";"azn";"Транспорт";"19";"Кошелек Самира";"ХаниМани";""		
2023-11-23;"-6.0";"";"azn";"Продукты";"6";"Albali kart";"ХаниМани";""		
2023-11-23;"-17.0";"";"azn";"Транспорт";"11 6";"Кошелек Самира";"ХаниМани";""		
2023-11-23;"20.0";"";"azn";"";"";"";"";"Кошелёк => Кошелек Самира"		
2023-11-22;"-11.0";"";"azn";"Транспорт";"11";"Albali кредитная карта";"ХаниМани";""		
2023-11-22;"-12.0";"";"azn";"Транспорт";"12";"Кошелек Самира";"ХаниМани";""		
2023-11-22;"-18.0";"";"azn";"Продукты";"18";"Albali кредитная карта";"ХаниМани";""		
2023-11-22;"-8.0";"";"azn";"Гигиена и красота";"8";"Albali кредитная карта";"ХаниМани";""		
2023-11-22;"-15.0";"";"azn";"Продукты";"15";"Кошелёк";"ХаниМани";""		
2023-11-22;"4.0";"";"azn";"";"";"";"";"Кошелёк => Кошелек Самира"		
2023-11-22;"-12.0";"";"azn";"Ребенок";"12";"Albali кредитная карта";"ХаниМани";""		
2023-11-22;"-30.0";"";"azn";"Ребенок";"30 врач";"Albali кредитная карта";"ХаниМани";""		
2023-11-21;"-14.0";"";"azn";"Транспорт";"14";"Кошелек Самира";"ХаниМани";""		
2023-11-21;"-1.0";"";"azn";"Транспорт";"1";"Albali kart";"ХаниМани";""		
2023-11-20;"-6.0";"";"azn";"Транспорт";"6";"Кошелек Самира";"ХаниМани";""		
2023-11-20;"-24.0";"";"azn";"Транспорт";"9 4 11";"Кошелёк";"ХаниМани";""		
2023-11-20;"-9.0";"";"azn";"Продукты";"9";"Albali кредитная карта";"ХаниМани";""		
2023-11-20;"-2.0";"";"azn";"Продукты";"2";"Albali kart";"ХаниМани";""		
2023-11-19;"20.0";"";"azn";"";"";"";"";"Кошелёк => Кошелек Самира"		
2023-11-19;"-11.0";"";"azn";"Продукты";"11";"Albali kart";"ХаниМани";""		
2023-11-18;"275.0";"";"azn";"";"";"";"";"ASB kart => Albali кредитная карта"		
2023-11-18;"-45.0";"";"azn";"Ребенок";"45 eylence merkezi";"Albali кредитная карта";"ХаниМани";""		
2023-11-18;"-1.3";"";"azn";"Подарки";"1.3";"Albali kart";"ХаниМани";""		
2023-11-18;"-26.0";"";"azn";"Проценты и бонусы";"26";"ASB kart";"ХаниМани";""		
2023-11-18;"-20.0";"";"azn";"Продукты";"3 17";"Albali kart";"ХаниМани";""		
2023-11-17;"-26.0";"";"azn";"Платный софт";"26 Хани мани";"Albali кредитная карта";"ХаниМани";""		
2023-11-17;"-1.0";"";"azn";"Продукты";"1";"Albali kart";"ХаниМани";""		
2023-11-17;"-6.0";"";"azn";"Развлечения и хобби";"6";"Кошелёк";"ХаниМани";""		
2023-11-17;"-15.0";"";"azn";"Транспорт";"15";"Кошелек Самира";"ХаниМани";""		
2023-11-17;"-20.0";"";"azn";"Автомобиль / Бензин";"20";"Albali kart";"ХаниМани";""		
2023-11-16;"-6.0";"";"azn";"Продукты";"6";"Albali kart";"ХаниМани";""		
2023-11-16;"-65.0";"";"azn";"Подарки";"65 два торта";"Albali кредитная карта";"ХаниМани";""		
2023-11-15;"-4.0";"";"azn";"Продукты";"4";"Albali кредитная карта";"ХаниМани";""		
2023-11-15;"-5.0";"";"azn";"Продукты";"5";"Albali kart";"ХаниМани";""		
2023-11-15;"-13.0";"";"azn";"Интернет и связь";"13 Ильгар";"Albali кредитная карта";"ХаниМани";""		
2023-11-15;"20.0";"";"azn";"";"";"";"";"Кошелёк => Кошелек Самира"		
2023-11-15;"-36.2";"";"azn";"Подарки";"30 3.2 3";"Albali кредитная карта";"ХаниМани";""		
2023-11-15;"-6.0";"";"azn";"Медицина / Лекарства";"6";"Albali kart";"ХаниМани";""		
2023-11-15;"-12.0";"";"azn";"Транспорт";"12";"Кошелек Самира";"ХаниМани";""		
2023-11-15;"100.0";"";"azn";"";"";"";"";"Albali кредитная карта => Albali kart"		
2023-11-15;"200.0";"";"azn";"Подарки";"100 emi 50 resad 50 turkan день рождения Руфатика";"Копилка";"ХаниМани";""		
2023-11-14;"-9.0";"";"azn";"Продукты";"9";"Albali kart";"ХаниМани";""		
2023-11-14;"-10.0";"";"azn";"Продукты";"10";"Albali кредитная карта";"ХаниМани";""		
2023-11-14;"-13.0";"";"azn";"Транспорт";"13";"Кошелек Самира";"ХаниМани";""		
2023-11-13;"-5.0";"";"azn";"Продукты";"5";"Albali kart";"ХаниМани";""		
2023-11-13;"-14.0";"";"azn";"Транспорт";"14";"Кошелек Самира";"ХаниМани";""		
2023-11-13;"10.0";"";"azn";"";"";"";"";"Кошелёк => Кошелек Самира"		
2023-11-12;"195.0";"";"azn";"";"";"";"";"ASB kart => Кошелёк"		
2023-11-12;"-33.0";"";"azn";"Продукты";"33";"Кошелёк";"ХаниМани";""		
2023-11-12;"-240.0";"";"azn";"Дом";"240 чайник термос";"Albali кредитная карта";"ХаниМани";""		
2023-11-12;"-60.0";"";"azn";"Гигиена и красота";"60";"Albali кредитная карта";"ХаниМани";""		
2023-11-12;"-23.0";"";"azn";"Продукты";"23";"Albali kart";"ХаниМани";""		
2023-11-12;"-26.0";"";"azn";"Гигиена и красота";"26 салон";"ASB kart";"ХаниМани";""		
2023-11-11;"-35.0";"";"azn";"Продукты";"35";"Albali кредитная карта";"ХаниМани";""		
2023-11-11;"-1.0";"";"azn";"Ребенок";"1";"Кошелёк";"ХаниМани";""		
2023-11-11;"-47.0";"";"azn";"Продукты";"47";"Albali kart";"ХаниМани";""		
2023-11-11;"-36.0";"";"azn";"Ребенок";"36";"Albali кредитная карта";"ХаниМани";""		
2023-11-10;"-12.0";"-12.0";"azn";"Платный софт";"12 Memento databse";"Albali кредитная карта";"Резервы";""		
2023-11-10;"327.0";"327.0";"azn";"Пенсия Самира";"327";"ABB kart Samira";"Резервы";""		
2023-11-10;"-12.0";"";"azn";"Транспорт";"12";"ASB kart";"ХаниМани";""		
2023-11-10;"-32.0";"";"azn";"Ком. услуги / Квартира";"32";"Кошелёк";"ХаниМани";""		
2023-11-10;"100.0";"";"azn";"";"";"";"";"Albali кредитная карта => Albali kart"		
2023-11-10;"-6.0";"";"azn";"Продукты";"6";"Albali kart";"ХаниМани";""		
2023-11-09;"-15.0";"";"azn";"Подарки";"15";"Кошелек Самира";"ХаниМани";""		
2023-11-09;"-12.0";"";"azn";"Транспорт";"12";"Кошелек Самира";"ХаниМани";""		
2023-11-09;"-6.8";"";"azn";"Продукты";"6.8";"Albali кредитная карта";"ХаниМани";""		
2023-11-08;"-5.6";"-5.6";"azn";"Платный софт";"5.6 ticktick";"Albali кредитная карта";"Резервы";""		
2023-11-08;"-6.5";"";"azn";"Продукты";"6.5";"Albali кредитная карта";"ХаниМани";""		
2023-11-08;"50.0";"";"azn";"";"";"";"";"Кошелёк => Кошелек Самира"		
2023-11-08;"-42.0";"";"azn";"Автомобиль / Бензин";"42";"Albali kart";"ХаниМани";""		
2023-11-08;"-12.0";"";"azn";"Транспорт";"12";"Кошелек Самира";"ХаниМани";""		
2023-11-08;"-1.1";"";"azn";"Медицина / Лекарства";"1.1";"Albali кредитная карта";"ХаниМани";""		
2023-11-07;"-10.0";"";"azn";"Ком. услуги / Вода";"10";"Albali кредитная карта";"ХаниМани";""		
2023-11-07;"95.0";"";"azn";"";"";"";"";"ASB kart => Кошелёк"		
2023-11-07;"-10.0";"";"azn";"Транспорт";"10";"Albali kart";"ХаниМани";""		
2023-11-06;"-11.0";"";"azn";"Продукты";"11";"ABB kart Samira";"ХаниМани";""		
2023-11-06;"-14.0";"";"azn";"Транспорт";"14";"Кошелек Самира";"ХаниМани";""		
2023-11-06;"-2.0";"";"azn";"Продукты";"2";"Albali kart";"ХаниМани";""		
2023-11-05;"15.0";"";"azn";"";"";"";"";"Кошелёк => Кошелек Самира"		
2023-11-05;"-48.0";"";"azn";"Продукты";"48";"Albali kart";"ХаниМани";""		
2023-11-05;"-10.0";"";"azn";"Гигиена и красота";"10";"Albali kart";"ХаниМани";""		
2023-11-04;"-11.3";"";"azn";"Продукты";"11.3";"Albali kart";"ХаниМани";""		
2023-11-04;"200.0";"";"azn";"";"";"";"";"Albali кредитная карта => Albali kart"		
2023-11-04;"-32.15";"";"azn";"Ком. услуги / Электроэнергия";"32.15";"Albali кредитная карта";"ХаниМани";""		
2023-11-04;"-2.0";"";"azn";"Ребенок";"2";"Кошелёк";"ХаниМани";""		
2023-11-04;"-56.0";"";"azn";"Медицина / Лекарства";"56";"Albali kart";"ХаниМани";""		
2023-11-03;"10.0";"";"azn";"";"";"";"";"Кошелёк => Кошелек Самира"		
2023-11-03;"-1030.0";"";"azn";"Ребенок";"1030 aba terapiya";"ASB kart";"ХаниМани";""		
2023-11-03;"-9.66";"";"azn";"Продукты";"9.66";"Albali кредитная карта";"ХаниМани";""		
2023-11-03;"-14.0";"";"azn";"Транспорт";"14";"Кошелек Самира";"ХаниМани";""		
2023-11-03;"-4.0";"";"azn";"Развлечения и хобби";"4";"Кошелёк";"ХаниМани";""		
2023-11-03;"-7.2";"";"azn";"Продукты";"7.2";"Albali kart";"ХаниМани";""		
2023-11-02;"77.0";"";"azn";"";"";"";"";"ASB kart => Albali кредитная карта"		
2023-11-02;"20.0";"";"azn";"";"";"";"";"Кошелёк => Кошелек Самира"		
2023-11-02;"-3.4";"";"azn";"Продукты";"3.4";"Кошелёк";"ХаниМани";""		
2023-11-02;"-30.0";"";"azn";"Продукты";"30 bal";"Albali кредитная карта";"ХаниМани";""		
2023-11-02;"-23.0";"";"azn";"Проценты и бонусы";"23";"ASB kart";"ХаниМани";""		
2023-11-02;"-10.0";"";"azn";"Подарки";"10 Эльхану";"ASB kart";"ХаниМани";""		
2023-11-02;"-13.0";"";"azn";"Транспорт";"13";"Кошелек Самира";"ХаниМани";""		
2023-11-01;"-13.0";"";"azn";"Транспорт";"13";"Кошелек Самира";"ХаниМани";""		
2023-11-01;"20.0";"";"azn";"";"";"";"";"Кошелёк => Кошелек Самира"		
2023-11-01;"265.0";"";"azn";"";"";"";"";"ASB kart => Страхование жизни"		
2023-11-01;"-3.0";"";"azn";"Интернет и связь";"3 Ilqar";"Albali kart";"ХаниМани";""		
2023-11-01;"2062.0";"1900.0";"azn";"Зарплата Ильгар";"1797 265";"ASB kart";"Резервы";""		
2023-11-01;"-10.0";"";"azn";"Подарки";"10";"Кошелек Самира";"ХаниМани";""		
2023-10-31;"-2.0";"";"azn";"Ребенок";"2";"Кошелёк";"ХаниМани";""		
2023-10-31;"-12.6";"";"azn";"Подарки";"12.6";"Albali кредитная карта";"ХаниМани";""		
2023-10-31;"-11.0";"";"azn";"Транспорт";"11";"Кошелек Самира";"ХаниМани";""		
2023-10-30;"-16.0";"";"azn";"Транспорт";"16";"Кошелек Самира";"ХаниМани";""		
2023-10-30;"-15.0";"";"azn";"Интернет и связь";"15 ailenet";"Albali кредитная карта";"ХаниМани";""		
2023-10-30;"-2.5";"";"azn";"Ребенок";"2.5";"Кошелёк";"ХаниМани";""		
2023-10-30;"-1.0";"";"azn";"Продукты";"1";"Albali kart";"ХаниМани";""		
2023-10-29;"-10.0";"";"azn";"Продукты";"10";"Albali kart";"ХаниМани";""		
2023-10-29;"-62.0";"";"azn";"Продукты";"62";"Albali kart";"ХаниМани";""		
2023-10-29;"100.0";"";"azn";"";"";"";"";"Albali кредитная карта => Albali kart"		
2023-10-29;"50.0";"";"azn";"";"";"";"";"Albali кредитная карта => Albali kart"		
2023-10-29;"-10.0";"";"azn";"Автомобиль / Мойка";"10";"Кошелёк";"ХаниМани";""		
2023-10-29;"-25.0";"";"azn";"Ребенок";"25 подгузники";"Albali kart";"ХаниМани";""		
2023-10-29;"-47.6";"";"azn";"Медицина / Лекарства";"47.6";"Albali kart";"ХаниМани";""		
2023-10-28;"87.0";"";"azn";"";"";"";"";"ABB kart Samira => Кошелёк"		
2023-10-27;"-5.0";"";"azn";"Транспорт";"5";"Albali kart";"ХаниМани";""		
2023-10-27;"-6.0";"";"azn";"Транспорт";"6";"Кошелек Самира";"ХаниМани";""		
2023-10-27;"-20.0";"";"azn";"Автомобиль / Бензин";"20";"Albali kart";"ХаниМани";""		
2023-10-26;"300.0";"";"azn";"";"";"";"";"Albali кредитная карта => YapiKrediBank kredit"		
2023-10-26;"-17.0";"";"azn";"Продукты";"17";"Albali kart";"ХаниМани";""		
2023-10-26;"-10.3";"";"azn";"Ребенок";"10.3 подгузники";"Albali кредитная карта";"ХаниМани";""		
2023-10-26;"-5.0";"";"azn";"Продукты";"5";"Albali кредитная карта";"ХаниМани";""		
2023-10-25;"20.0";"";"azn";"";"";"";"";"Кошелёк => Кошелек Самира"		
2023-10-25;"-2.3";"";"azn";"Продукты";"2.3";"Albali kart";"ХаниМани";""		
2023-10-25;"40.0";"";"azn";"";"";"";"";"Кошелёк => Кошелек Самира"		
2023-10-25;"-10.0";"";"azn";"Платный софт";"10 onworks.net";"Albali kart";"ХаниМани";""		
2023-10-25;"-12.0";"";"azn";"Транспорт";"12";"Кошелек Самира";"ХаниМани";""		
2023-10-24;"100.0";"";"azn";"";"";"";"";"Albali кредитная карта => Albali kart"		
2023-10-24;"-12.0";"";"azn";"Транспорт";"12";"Кошелек Самира";"ХаниМани";""		
2023-10-24;"-2.0";"";"azn";"Ребенок";"2";"Кошелёк";"ХаниМани";""		
2023-10-24;"20.0";"";"azn";"";"";"";"";"Кошелёк => Кошелек Самира"		
2023-10-24;"-2.0";"";"azn";"Ребенок";"2";"Кошелек Самира";"ХаниМани";""		
2023-10-24;"-10.35";"";"azn";"Продукты";"10.35";"Albali kart";"ХаниМани";""		
2023-10-24;"-3.41";"";"azn";"Медицина / Лекарства";"3.41";"Albali кредитная карта";"ХаниМани";""		
2023-10-23;"85.0";"";"azn";"";"";"";"";"ASB kart => Кошелёк"		
2023-10-22;"-6.45";"";"azn";"Продукты";"6.45";"Albali kart";"ХаниМани";""		
2023-10-21;"-5.0";"";"azn";"Платный софт";"5";"ASB kart";"ХаниМани";""		
2023-10-20;"-9.0";"";"azn";"Продукты";"9";"Albali kart";"ХаниМани";""		
2023-10-20;"-5.0";"";"azn";"Развлечения и хобби";"5";"Кошелёк";"ХаниМани";""		
2023-10-20;"20.0";"";"azn";"";"";"";"";"Кошелёк => Кошелек Самира"		
2023-10-20;"-6.0";"";"azn";"Платный софт";"6 focus todo";"Albali кредитная карта";"ХаниМани";""		
2023-10-20;"-18.0";"";"azn";"Транспорт";"18";"Кошелек Самира";"ХаниМани";""		
2023-10-19;"10.0";"";"azn";"";"";"";"";"Кошелёк => Кошелек Самира"		
2023-10-19;"-40.0";"";"azn";"Кафе	 ресторан";"40";"Кошелёк";"ХаниМани";""	
2023-10-19;"-15.0";"";"azn";"Транспорт";"15";"Кошелек Самира";"ХаниМани";""		
2023-10-18;"20.0";"";"azn";"";"";"";"";"Кошелёк => Кошелек Самира"		
2023-10-18;"-20.0";"";"azn";"Продукты";"20";"Albali kart";"ХаниМани";""		
2023-10-18;"-16.0";"";"azn";"Транспорт";"16";"Кошелек Самира";"ХаниМани";""		
2023-10-18;"-2.0";"";"azn";"Ребенок";"2";"Кошелёк";"ХаниМани";""		
2023-10-17;"100.0";"";"azn";"";"";"";"";"ABB kart Samira => Кошелёк"		
2023-10-17;"-15.0";"";"azn";"Транспорт";"15";"Кошелек Самира";"ХаниМани";""		
2023-10-17;"-26.0";"";"azn";"Транспорт";"26";"Кошелёк";"ХаниМани";""		
2023-10-17;"11.0";"";"azn";"";"";"";"";"Кошелёк => Кошелек Самира"		
2023-10-16;"20.0";"";"azn";"";"";"";"";"Кошелёк => Кошелек Самира"		
2023-10-16;"-6.73";"";"azn";"Продукты";"6.73";"Albali kart";"ХаниМани";""		
2023-10-16;"-1.0";"";"azn";"Ребенок";"1";"Кошелек Самира";"ХаниМани";""		
2023-10-16;"-35.0";"";"azn";"Продукты";"35";"Albali кредитная карта";"ХаниМани";""		
2023-10-16;"-5.12";"";"azn";"Ребенок";"5.12";"Albali kart";"ХаниМани";""		
2023-10-16;"-19.0";"";"azn";"Транспорт";"19";"Кошелек Самира";"ХаниМани";""		
2023-10-16;"-24.0";"";"azn";"Медицина / Лекарства";"24";"Albali кредитная карта";"ХаниМани";""		
2023-10-16;"100.0";"";"azn";"";"";"";"";"Albali кредитная карта => Albali kart"		
2023-10-16;"-20.0";"";"azn";"Автомобиль / Бензин";"20";"Albali kart";"ХаниМани";""		
2023-10-16;"-2.0";"";"azn";"Ребенок";"2";"Кошелёк";"ХаниМани";""		
2023-10-15;"-2.0";"";"azn";"Ребенок";"2";"Кошелёк";"ХаниМани";""		
2023-10-15;"-51.0";"";"azn";"Ребенок";"51 одежда";"Albali кредитная карта";"ХаниМани";""		
2023-10-15;"-8.0";"";"azn";"Продукты";"8";"Albali kart";"ХаниМани";""		
2023-10-15;"-12.0";"";"azn";"Интернет и связь";"12 Ilqar";"Albali кредитная карта";"ХаниМани";""		
2023-10-14;"-2.4";"";"azn";"Продукты";"2.4";"Кошелек Самира";"ХаниМани";""		
2023-10-14;"-7.0";"";"azn";"Продукты";"7";"Albali kart";"ХаниМани";""		
2023-10-14;"-2.0";"";"azn";"Ребенок";"2";"Кошелек Самира";"ХаниМани";""		
2023-10-13;"20.0";"";"azn";"";"";"";"";"Кошелёк => Кошелек Самира"		
2023-10-13;"-4.0";"";"azn";"Развлечения и хобби";"4";"Кошелёк";"ХаниМани";""		
2023-10-13;"-8.0";"";"azn";"Транспорт";"8";"Albali кредитная карта";"ХаниМани";""		
2023-10-13;"-5.0";"";"azn";"Транспорт";"5";"Кошелек Самира";"ХаниМани";""		
2023-10-12;"-13.0";"-15.0";"azn";"Транспорт";"13";"Кошелек Самира";"Резервы";""		
2023-10-12;"-25.4";"";"azn";"Продукты";"25.40";"Albali kart";"ХаниМани";""		
2023-10-12;"-64.0";"";"azn";"Медицина / Лекарства";"64 Minoxidil";"Albali кредитная карта";"ХаниМани";""		
2023-10-11;"12.0";"";"azn";"";"";"";"";"Кошелёк => Кошелек Самира"		
2023-10-11;"-6.0";"-10.0";"azn";"Ком. услуги / Вода";"6";"Albali кредитная карта";"Резервы";""		
2023-10-11;"-6.0";"";"azn";"Транспорт";"6";"Кошелек Самира";"ХаниМани";""		
2023-10-11;"-6.0";"";"azn";"Транспорт";"6";"Albali кредитная карта";"ХаниМани";""		
2023-10-10;"-16.0";"";"azn";"Транспорт";"16";"Кошелек Самира";"ХаниМани";""		
2023-10-10;"10.0";"";"azn";"";"";"";"";"Кошелёк => Кошелек Самира"		
2023-10-10;"327.0";"327.0";"azn";"Пенсия Самира";"327";"ABB kart Samira";"Резервы";""		
2023-10-10;"-12.0";"-12.0";"azn";"Платный софт";"12 Memento databse";"ASB kart";"Резервы";""		
2023-10-09;"-12.0";"";"azn";"Транспорт";"12";"Кошелек Самира";"ХаниМани";""		
2023-10-08;"-5.6";"-5.6";"azn";"Платный софт";"5.6 ticktick";"Albali кредитная карта";"Резервы";""		
2023-10-08;"-15.0";"";"azn";"Продукты";"15";"Albali kart";"ХаниМани";""		
2023-10-07;"-36.7";"";"azn";"Медицина / Лекарства";"36.7";"Albali kart";"ХаниМани";""		
2023-10-07;"-5.0";"";"azn";"Дом";"5";"Кошелёк";"ХаниМани";""		
2023-10-07;"-103.0";"";"azn";"Ребенок";"103 одежда и игрушки";"Albali кредитная карта";"ХаниМани";""		
2023-10-07;"100.0";"";"azn";"";"";"";"";"ASB kart => Кошелёк"		
2023-10-07;"100.0";"";"azn";"";"";"";"";"Albali кредитная карта => Albali kart"		
2023-10-07;"-32.0";"";"azn";"Гигиена и красота";"32";"ASB kart";"ХаниМани";""		
2023-10-07;"-25.6";"";"azn";"Ребенок";"25.6 подгузники";"Albali kart";"ХаниМани";""		
2023-10-06;"20.0";"";"azn";"";"";"";"";"Кошелёк => Кошелек Самира"		
2023-10-06;"-13.0";"";"azn";"Транспорт";"13";"Кошелек Самира";"ХаниМани";""		
2023-10-06;"-1.0";"";"azn";"Ребенок";"1";"Кошелек Самира";"ХаниМани";""		
2023-10-06;"-3.0";"";"azn";"Ребенок";"3";"Кошелёк";"ХаниМани";""		
2023-10-05;"20.0";"";"azn";"";"";"";"";"Кошелёк => Кошелек Самира"		
2023-10-05;"-14.0";"";"azn";"Транспорт";"14";"Кошелек Самира";"ХаниМани";""		
2023-10-04;"85.0";"";"azn";"";"";"";"";"ABB kart Samira => Кошелёк"		
2023-10-04;"20.0";"";"azn";"";"";"";"";"Кошелёк => Кошелек Самира"		
2023-10-04;"-15.0";"";"azn";"Транспорт";"15";"Кошелек Самира";"ХаниМани";""		
2023-10-04;"-3.0";"";"azn";"Продукты";"3";"Albali kart";"ХаниМани";""		
2023-10-04;"100.0";"";"azn";"";"";"";"";"Albali кредитная карта => Albali kart"		
2023-10-03;"-1070.0";"";"azn";"Ребенок";"1070 aba terapiya";"ASB kart";"ХаниМани";""		
2023-10-03;"-14.0";"";"azn";"Транспорт";"14";"Кошелек Самира";"ХаниМани";""		
2023-10-03;"9.0";"";"azn";"";"";"";"";"Кошелёк => Кошелек Самира"		
2023-10-03;"-2.0";"";"azn";"Медицина / Лекарства";"2";"Albali kart";"ХаниМани";""		
2023-10-03;"-20.0";"-20.0";"azn";"Автомобиль / Бензин";"20";"Albali kart";"Резервы";""		
2023-10-03;"399.0";"";"azn";"";"";"";"";"ASB kart => Albali кредитная карта"		
2023-10-03;"-40.0";"-20.0";"azn";"Продукты";"40";"ASB kart";"Резервы";""		
2023-10-03;"-3.5";"";"azn";"Медицина / Лекарства";"3.5";"ASB kart";"ХаниМани";""		
2023-10-02;"-20.0";"";"azn";"Продукты";"20";"ABB kart Samira";"ХаниМани";""		
2023-10-02;"-23.65";"";"azn";"Ребенок";"23.65 подгузник";"ABB kart Samira";"ХаниМани";""		
2023-10-02;"-21.0";"";"azn";"Транспорт";"21";"Кошелек Самира";"ХаниМани";""		
2023-10-01;"-4.7";"";"azn";"Медицина / Лекарства";"4.7";"ABB kart Samira";"ХаниМани";""		
2023-10-01;"2013.0";"1900.0";"azn";"Зарплата Ильгар";"2013";"ASB kart";"Резервы";""		
2023-10-01;"264.0";"";"azn";"";"";"";"";"ASB kart => Страхование жизни"		
2023-10-01;"20.0";"";"azn";"";"";"";"";"Кошелёк => Кошелек Самира"		
2023-10-01;"-1.5";"";"azn";"Ребенок";"1.5";"Кошелёк";"ХаниМани";""		
2023-10-01;"-13.9";"-20.0";"azn";"Продукты";"13.9";"ABB kart Samira";"Резервы";""		
2023-09-30;"-6.0";"";"azn";"Интернет и связь";"3 3";"ABB kart Samira";"ХаниМани";""		
2023-09-30;"-15.0";"";"azn";"Интернет и связь";"15 ailenet";"ABB kart Samira";"ХаниМани";""		
2023-09-30;"-5.0";"";"azn";"Продукты";"5";"ABB kart Samira";"ХаниМани";""		
2023-09-29;"-12.0";"";"azn";"Продукты";"12";"ABB kart Samira";"ХаниМани";""		
2023-09-29;"-14.0";"";"azn";"Транспорт";"14";"ABB kart Samira";"ХаниМани";""		
2023-09-29;"45.0";"";"azn";"";"";"";"";"ABB kart Samira => Кошелёк"		
2023-09-29;"-2.0";"";"azn";"Ребенок";"2";"Кошелек Самира";"ХаниМани";""		
2023-09-29;"-5.0";"";"azn";"Развлечения и хобби";"5";"Кошелёк";"ХаниМани";""		
2023-09-29;"-6.0";"";"azn";"Транспорт";"6";"Кошелек Самира";"ХаниМани";""		
2023-09-28;"-13.0";"";"azn";"Транспорт";"13";"Кошелек Самира";"ХаниМани";""		
2023-09-28;"-9.6";"";"azn";"Кафе	 ресторан";"9.6";"Albali kart";"ХаниМани";""	
2023-09-28;"-19.0";"";"azn";"Продукты";"19";"Albali kart";"ХаниМани";""		
2023-09-27;"-13.0";"";"azn";"Транспорт";"13";"Кошелек Самира";"ХаниМани";""		
2023-09-27;"30.0";"";"azn";"";"";"";"";"Кошелёк => Кошелек Самира"		
2023-09-27;"-1.0";"";"azn";"Ребенок";"1";"Кошелек Самира";"ХаниМани";""		
2023-09-27;"-5.5";"-20.0";"azn";"Продукты";"5.5";"Albali kart";"Резервы";""		
2023-09-26;"34.24";"";"azn";"Проценты и бонусы";"34.24 edv";"Albali kart";"ХаниМани";""		
2023-09-26;"-14.0";"";"azn";"Продукты";"14";"Albali kart";"ХаниМани";""		
2023-09-26;"300.0";"";"azn";"";"";"";"";"Albali кредитная карта => YapiKrediBank kredit"		
2023-09-26;"-1.6";"";"azn";"Гигиена и красота";"1.6";"Кошелек Самира";"ХаниМани";""		
2023-09-26;"-13.0";"";"azn";"Транспорт";"13";"Кошелек Самира";"ХаниМани";""		
2023-09-25;"-2.5";"-20.0";"azn";"Продукты";"2.5";"Кошелек Самира";"Резервы";""		
2023-09-25;"11.0";"";"azn";"";"";"";"";"Кошелёк => Кошелек Самира"		
2023-09-25;"-3.0";"";"azn";"Интернет и связь";"3 Ильгар";"Albali kart";"ХаниМани";""		
2023-09-25;"20.0";"";"azn";"";"";"";"";"ASB kart => Кошелёк"		
2023-09-25;"-13.0";"";"azn";"Транспорт";"13";"Кошелек Самира";"ХаниМани";""		
2023-09-25;"50.0";"";"azn";"";"";"";"";"ASB kart => Кошелёк"		
2023-09-25;"-6.6";"";"azn";"Продукты";"6.6";"Кошелёк";"ХаниМани";""		
2023-09-24;"-23.31";"";"azn";"Дом";"23.31";"ABB kart Samira";"ХаниМани";""		
2023-09-23;"-4.3";"";"azn";"Продукты";"4.3";"Albali kart";"ХаниМани";""		
2023-09-23;"-10.0";"";"azn";"Автомобиль / Бензин";"10";"Albali kart";"ХаниМани";""		
2023-09-23;"-10.0";"";"azn";"Продукты";"10";"Кошелёк";"ХаниМани";""		
2023-09-22;"-16.0";"";"azn";"Транспорт";"16";"Кошелек Самира";"ХаниМани";""		
2023-09-22;"-30.0";"";"azn";"Автомобиль / Бензин";"30";"Albali kart";"ХаниМани";""		
2023-09-22;"-34.6";"";"azn";"Продукты";"34.6";"Albali kart";"ХаниМани";""		
2023-09-22;"-40.0";"";"azn";"Ребенок";"40 aba terapiya";"Кошелек Самира";"ХаниМани";""		
2023-09-21;"-17.0";"";"azn";"Транспорт";"17";"Кошелек Самира";"ХаниМани";""		
2023-09-21;"50.0";"";"azn";"";"";"";"";"Кошелёк => Кошелек Самира"		
2023-09-20;"-1.5";"";"azn";"Ребенок";"1.5";"Кошелёк";"ХаниМани";""		
2023-09-20;"1.0";"";"azn";"";"";"";"";"Albali kart => Albali кредитная карта"		
2023-09-20;"100.0";"";"azn";"";"";"";"";"Albali кредитная карта => Albali kart"		
2023-09-20;"-2.0";"";"azn";"Продукты";"2";"ASB kart";"ХаниМани";""		
2023-09-20;"5.0";"";"azn";"Проценты и бонусы";"5";"Albali kart";"ХаниМани";""		
2023-09-20;"-4.0";"";"azn";"Интернет и связь";"4 Самира";"Albali kart";"ХаниМани";""		
2023-09-19;"-4.6";"-20.0";"azn";"Продукты";"4.6";"Кошелек Самира";"Резервы";""		
2023-09-19;"20.0";"";"azn";"";"";"";"";"Кошелёк => Кошелек Самира"		
2023-09-19;"-12.0";"";"azn";"Транспорт";"12";"Кошелёк";"ХаниМани";""		
2023-09-19;"-7.4";"";"azn";"Ребенок";"1.5 5.9";"ASB kart";"ХаниМани";""		
2023-09-19;"-8.0";"";"azn";"Гигиена и красота";"8";"ASB kart";"ХаниМани";""		
2023-09-18;"-18.0";"";"azn";"Транспорт";"18";"Кошелек Самира";"ХаниМани";""		
2023-09-18;"80.0";"";"azn";"";"";"";"";"ASB kart => Кошелёк"		
2023-09-18;"-2.4";"";"azn";"Продукты";"2.4";"ASB kart";"ХаниМани";""		
2023-09-17;"-20.0";"-20.0";"azn";"Продукты";"20";"Кошелёк";"Резервы";""		
2023-09-17;"-4.0";"";"azn";"Ребенок";"2 2";"Кошелёк";"ХаниМани";""		
2023-09-17;"-2.27";"";"azn";"Продукты";"2.27";"ASB kart";"ХаниМани";""		
2023-09-17;"-12.5";"";"azn";"Продукты";"12.5";"ASB kart";"ХаниМани";""		
2023-09-16;"-3.0";"";"azn";"Ребенок";"3";"Кошелёк";"ХаниМани";""		
2023-09-16;"-10.0";"";"azn";"Ребенок";"10 подгузники";"ASB kart";"ХаниМани";""		
2023-09-16;"-20.3";"";"azn";"Продукты";"20.30";"ASB kart";"ХаниМани";""		
2023-09-16;"-1.3";"";"azn";"Продукты";"1.3";"ASB kart";"ХаниМани";""		
2023-09-16;"-7.0";"";"azn";"Автомобиль / Мойка";"7";"Кошелёк";"ХаниМани";""		
2023-09-15;"-5.53";"-20.0";"azn";"Продукты";"5.53";"ASB kart";"Резервы";""		
2023-09-15;"-30.0";"";"azn";"Ребенок";"30 подгузники";"ASB kart";"ХаниМани";""		
2023-09-15;"-27.0";"";"azn";"Дом";"27 ковры мойка";"Кошелёк";"ХаниМани";""		
2023-09-15;"-5.0";"";"azn";"Развлечения и хобби";"5 футбол";"Кошелёк";"ХаниМани";""		
2023-09-15;"-9.0";"";"azn";"Продукты";"9";"Кошелёк";"ХаниМани";""		
2023-09-15;"-1.3";"";"azn";"Продукты";"1.3";"Кошелек Самира";"ХаниМани";""		
2023-09-15;"-1.5";"";"azn";"Ребенок";"1.5";"Кошелек Самира";"ХаниМани";""		
2023-09-14;"-12.0";"";"azn";"Транспорт";"12";"Кошелек Самира";"ХаниМани";""		
2023-09-14;"-100.0";"";"azn";"Ребенок";"100 aba terapiya";"Кошелек Самира";"ХаниМани";""		
2023-09-14;"-45.0";"";"azn";"Кафе	 ресторан";"45 С Андреем в ресторане";"Кошелёк";"ХаниМани";""	
2023-09-14;"-3.1";"";"azn";"Продукты";"3.1";"Кошелек Самира";"ХаниМани";""		
2023-09-13;"-23.0";"";"azn";"Продукты";"23";"ASB kart";"ХаниМани";""		
2023-09-13;"-18.0";"";"azn";"Транспорт";"18";"Кошелек Самира";"ХаниМани";""		
2023-09-13;"-455.0";"";"azn";"Ребенок";"455 Aba terapiya";"Кошелек Самира";"ХаниМани";""		
2023-09-13;"-10.4";"";"azn";"Продукты";"10.4";"Кошелёк";"ХаниМани";""		
2023-09-12;"700.0";"";"azn";"";"";"";"";"ASB kart => Кошелек Самира"		
2023-09-12;"-2.0";"";"azn";"Продукты";"2";"ASB kart";"ХаниМани";""		
2023-09-11;"-8.0";"-10.0";"azn";"Ком. услуги / Вода";"8";"ASB kart";"Резервы";""		
2023-09-11;"-12.0";"";"azn";"Транспорт";"12";"Кошелёк";"ХаниМани";""		
2023-09-11;"-60.0";"";"azn";"Ребенок";"60 психолог";"ASB kart";"ХаниМани";""		
2023-09-10;"-24.0";"-70.0";"azn";"Медицина / Лекарства";"24";"ASB kart";"Резервы";""		
2023-09-10;"-20.0";"-15.0";"azn";"Гигиена и красота";"20";"Кошелёк";"Резервы";""		
2023-09-10;"328.0";"327.0";"azn";"Пенсия Самира";"328";"ABB kart Samira";"Резервы";""		
2023-09-10;"200.0";"";"azn";"";"";"";"";"ASB kart => Кошелёк"		
2023-09-10;"-17.65";"";"azn";"Подарки";"17.65";"ASB kart";"ХаниМани";""		
2023-09-10;"-20.0";"";"azn";"Автомобиль / Бензин";"20";"ASB kart";"ХаниМани";""		
2023-09-10;"-53.0";"";"azn";"Продукты";"53";"Кошелёк";"ХаниМани";""		
2023-09-09;"-5.0";"-20.0";"azn";"Продукты";"5";"Кошелёк";"Резервы";""		
2023-09-09;"-10.4";"";"azn";"Продукты";"10.4";"ASB kart";"ХаниМани";""		
2023-09-09;"-10.0";"";"azn";"Продукты";"10";"Кошелёк";"ХаниМани";""		
2023-09-08;"-5.6";"-5.6";"azn";"Платный софт";"5.6 ticktick";"ASB kart";"Резервы";""		
2023-09-08;"-90.0";"";"azn";"Ребенок";"90 к психиатру";"ASB kart";"ХаниМани";""		
2023-09-08;"-1.0";"";"azn";"Продукты";"1";"ASB kart";"ХаниМани";""		
2023-09-08;"-31.0";"";"azn";"Гигиена и красота";"31 фаберлик";"ASB kart";"ХаниМани";""		
2023-09-07;"-1.7";"-20.0";"azn";"Продукты";"1.7";"Кошелёк";"Резервы";""		
2023-09-07;"-27.6";"-30.0";"azn";"Ком. услуги / Электроэнергия";"27.6";"ASB kart";"Резервы";""		
2023-09-07;"-10.0";"";"azn";"Подарки";"10";"Кошелёк";"ХаниМани";""		
2023-09-07;"-7.0";"";"azn";"Продукты";"7";"ASB kart";"ХаниМани";""		
2023-09-06;"-2.0";"";"azn";"Ребенок";"2";"Кошелёк";"ХаниМани";""		
2023-09-06;"-22.0";"";"azn";"Продукты";"22";"Кошелёк";"ХаниМани";""		
2023-09-06;"-9.0";"";"azn";"Продукты";"9";"ASB kart";"ХаниМани";""		
2023-09-05;"-80.0";"";"azn";"Подарки";"20 Famil	 10 Sohrab	 Qezenfer emi 50 yaslar";"Кошелёк";"ХаниМани";""
2023-09-04;"185.0";"";"azn";"";"";"";"";"ASB kart => Кошелёк"		
2023-09-04;"-1.0";"";"azn";"Дом";"1/";"ASB kart";"ХаниМани";""		
2023-09-04;"-32.0";"";"azn";"Ком. услуги / Квартира";"32";"Кошелёк";"ХаниМани";""		
2023-09-04;"-13.0";"";"azn";"Продукты";"13";"ASB kart";"ХаниМани";""		
2023-09-03;"300.0";"";"azn";"";"";"";"";"ASB kart => Кошелёк"		
2023-09-03;"-25.0";"";"azn";"Автомобиль / Бензин";"25";"Кошелёк";"ХаниМани";""		
2023-09-03;"-4.4";"-20.0";"azn";"Продукты";"4.4";"ASB kart";"Резервы";""		
2023-09-03;"-40.0";"";"azn";"Продукты";"40";"Кошелёк";"ХаниМани";""		
2023-09-03;"-10.0";"";"azn";"Продукты";"10";"Кошелёк";"ХаниМани";""		
2023-09-03;"-200.0";"";"azn";"Гигиена и красота";"200 салон";"Кошелёк";"ХаниМани";""		
2023-09-03;"-8.0";"";"azn";"Продукты";"8";"Кошелёк";"ХаниМани";""		
2023-09-02;"-2.0";"";"azn";"Продукты";"2";"Кошелёк";"ХаниМани";""		
2023-09-02;"-23.0";"";"azn";"Кафе	 ресторан";"23";"Кошелёк";"ХаниМани";""	
2023-09-01;"1971.0";"1900.0";"azn";"Зарплата Ильгар";"1971";"ASB kart";"Резервы";""		
2023-09-01;"264.5";"";"azn";"Зарплата Ильгар";"264.5";"Страхование жизни";"ХаниМани";""		
2023-09-01;"-25.0";"";"azn";"Гигиена и красота";"25 салон";"Кошелёк";"ХаниМани";""		
2023-09-01;"-3.0";"";"azn";"Интернет и связь";"3 Ilqar";"Albali kart";"ХаниМани";""		
2023-08-31;"-15.0";"";"azn";"Продукты";"15";"Кошелёк";"ХаниМани";""		
2023-08-31;"-1.5";"";"azn";"Ребенок";"1.5";"Кошелёк";"ХаниМани";""		
2023-08-31;"-18.37";"";"azn";"Продукты";"18.37";"ABB kart Samira";"ХаниМани";""		
2023-08-30;"9.0";"";"azn";"";"";"";"";"Albali kart => ABB kart Samira"		
2023-08-30;"-15.0";"";"azn";"Интернет и связь";"15 ailenet";"Albali kart";"ХаниМани";""		
2023-08-30;"-13.04";"";"azn";"Гигиена и красота";"13.04";"ABB kart Samira";"ХаниМани";""		
2023-08-30;"-20.0";"-20.0";"azn";"Продукты";"20";"ABB kart Samira";"Резервы";""		
2023-08-29;"35.0";"";"azn";"";"";"";"";"Кошелёк => ASB kart"		
2023-08-29;"-8.0";"";"azn";"Продукты";"8";"Кошелёк";"ХаниМани";""		
2023-08-29;"-15.0";"";"azn";"Продукты";"15";"ASB kart";"ХаниМани";""		
2023-08-28;"-14.0";"-20.0";"azn";"Продукты";"14";"ASB kart";"Резервы";""		
2023-08-28;"-4.0";"";"azn";"Медицина / Лекарства";"4";"ASB kart";"ХаниМани";""		
2023-08-27;"-5.0";"";"azn";"Продукты";"5";"Кошелёк";"ХаниМани";""		
2023-08-27;"-3.0";"";"azn";"Продукты";"3";"ASB kart";"ХаниМани";""		
2023-08-26;"-8.0";"-20.0";"azn";"Продукты";"8";"ASB kart";"Резервы";""		
2023-08-26;"45.0";"";"azn";"";"";"";"";"ASB kart => Кошелёк"		
2023-08-26;"-15.1";"";"azn";"Подарки";"10.10 5";"ASB kart";"ХаниМани";""		
2023-08-26;"-10.0";"";"azn";"Подарки";"10";"Кошелёк";"ХаниМани";""		
2023-08-26;"300.0";"";"azn";"";"";"";"";"ASB kart => YapiKrediBank kredit"		
2023-08-25;"-12.0";"";"azn";"Интернет и связь";"12 Ильгар";"ASB kart";"ХаниМани";""		
2023-08-24;"-18.2";"-20.0";"azn";"Продукты";"18.2";"ASB kart";"Резервы";""		
2023-08-23;"-11.37";"";"azn";"Продукты";"11.37";"ASB kart";"ХаниМани";""		
2023-08-22;"-7.0";"";"azn";"Кафе	 ресторан";"7";"Кошелёк";"ХаниМани";""	
2023-08-22;"-7.3";"-20.0";"azn";"Продукты";"7.3";"ASB kart";"Резервы";""		
2023-08-21;"-20.3";"";"azn";"Продукты";"20.3";"ASB kart";"ХаниМани";""		
2023-08-21;"10.0";"";"azn";"";"";"";"";"Albali kart => Albali кредитная карта"		
2023-08-20;"-11.43";"-20.0";"azn";"Продукты";"11.43";"ASB kart";"Резервы";""		
2023-08-20;"50.0";"";"azn";"";"";"";"";"ASB kart => Albali kart"		
2023-08-19;"-4.2";"";"azn";"Гигиена и красота";"4.2";"ASB kart";"ХаниМани";""		
2023-08-19;"-37.0";"";"azn";"Автомобиль / Бензин";"37";"ASB kart";"ХаниМани";""		
2023-08-19;"-51.1";"";"azn";"Ребенок";"51.1 подгузники";"ASB kart";"ХаниМани";""		
2023-08-19;"-7.7";"";"azn";"Медицина / Лекарства";"7.7";"ASB kart";"ХаниМани";""		
2023-08-18;"-12.4";"-20.0";"azn";"Продукты";"12.4";"ABB kart Samira";"Резервы";""		
2023-08-18;"-15.0";"";"azn";"Подарки";"15";"ABB kart Samira";"ХаниМани";""		
2023-08-18;"-5.5";"";"azn";"Развлечения и хобби";"5.5";"Кошелёк";"ХаниМани";""		
2023-08-18;"-5.0";"";"azn";"Продукты";"5";"Кошелёк";"ХаниМани";""		
2023-08-18;"-21.45";"";"azn";"Продукты";"21.45";"ABB kart Samira";"ХаниМани";""		
2023-08-18;"-0.6";"";"azn";"Продукты";"0.6";"ABB kart Samira";"ХаниМани";""		
2023-08-16;"6.0";"";"azn";"";"";"";"";"Кошелёк => ASB kart"		
2023-08-16;"-29.0";"";"azn";"Платный софт";"29 honey money";"Albali кредитная карта";"ХаниМани";""		
2023-08-16;"500.0";"";"azn";"Зарплата Ильгар";"500";"ASB kart";"ХаниМани";""		
2023-08-16;"-40.0";"-20.0";"azn";"Продукты";"40";"ABB kart Samira";"Резервы";""		
2023-08-16;"25.0";"";"azn";"";"";"";"";"ASB kart => Albali кредитная карта"		
2023-08-16;"3.0";"";"azn";"";"";"";"";"Albali kart => Albali кредитная карта"		
2023-08-16;"25.0";"";"azn";"";"";"";"";"ABB kart Samira => ASB kart"		
2023-08-15;"-8.24";"";"azn";"Ребенок";"8.24";"ABB kart Samira";"ХаниМани";""		
2023-08-15;"-1.52";"";"azn";"Продукты";"1.52";"ABB kart Samira";"ХаниМани";""		
2023-08-15;"-10.5";"";"azn";"Продукты";"10.5";"Кошелёк";"ХаниМани";""		
2023-08-15;"-10.0";"";"azn";"Продукты";"10";"Кошелёк";"ХаниМани";""		
2023-08-14;"-10.54";"-20.0";"azn";"Продукты";"10.54";"ABB kart Samira";"Резервы";""		
2023-08-14;"-85.0";"";"azn";"Автомобиль / Ремонт";"85 yag filtr salon filtr";"Кошелёк";"ХаниМани";""		
2023-08-14;"100.0";"";"azn";"";"";"";"";"ABB kart Samira => Кошелёк"		
2023-08-13;"-30.0";"-15.0";"azn";"Гигиена и красота";"30";"Albali kart";"Резервы";""		
2023-08-13;"-4.0";"";"azn";"Продукты";"4";"Кошелёк";"ХаниМани";""		
2023-08-13;"-30.0";"";"azn";"Автомобиль / Бензин";"30";"ABB kart Samira";"ХаниМани";""		
2023-08-12;"-8.0";"";"azn";"Продукты";"8";"Кошелёк";"ХаниМани";""		
2023-08-12;"-6.4";"-20.0";"azn";"Продукты";"1.7 0.92 0.9 2.88";"Albali kart";"Резервы";""		
2023-08-12;"-12.56";"";"azn";"Продукты";"12.56";"ABB kart Samira";"ХаниМани";""		
2023-08-11;"-3.0";"";"azn";"Развлечения и хобби";"3";"Кошелёк";"ХаниМани";""		
2023-08-11;"-21.0";"-10.0";"azn";"Ком. услуги / Вода";"21";"ASB kart";"Резервы";""		
2023-08-11;"-25.0";"";"azn";"Продукты";"25";"Кошелёк";"ХаниМани";""		
2023-08-10;"-12.0";"-12.0";"azn";"Платный софт";"12 Memento databse";"Albali кредитная карта";"Резервы";""		
2023-08-10;"-310.0";"";"azn";"Отдых";"310 в Гебеле пять дней";"Кошелёк";"ХаниМани";""		
2023-08-08;"-5.6";"-5.6";"azn";"Платный софт";"5.6 ticktick";"Albali кредитная карта";"Резервы";""		
2023-08-08;"20.0";"";"azn";"";"";"";"";"Albali kart => Albali кредитная карта"		
2023-08-08;"327.0";"327.0";"azn";"Пенсия Самира";"327";"ABB kart Samira";"Резервы";""		
2023-08-07;"-24.46";"-30.0";"azn";"Ком. услуги / Электроэнергия";"24.46";"Albali kart";"Резервы";""		
2023-08-06;"315.0";"";"azn";"Зарплата Ильгар";"315";"Страхование жизни";"ХаниМани";""		
2023-08-05;"-31.8";"";"azn";"Продукты";"31.8";"Albali kart";"ХаниМани";""		
2023-08-05;"-8.8";"";"azn";"Продукты";"8.8";"Albali kart";"ХаниМани";""		
2023-08-05;"50.0";"";"azn";"";"";"";"";"ASB kart => Albali kart"		
2023-08-05;"100.0";"";"azn";"";"";"";"";"ASB kart => Albali kart"		
2023-08-05;"450.0";"";"azn";"";"";"";"";"ASB kart => Кошелёк"		
2023-08-05;"-13.7";"";"azn";"Гигиена и красота";"5.3 0.6 4.1 3.7";"Albali kart";"ХаниМани";""		
2023-08-05;"-7.0";"";"azn";"Ребенок";"7";"Albali kart";"ХаниМани";""		
2023-08-05;"-26.0";"";"azn";"Автомобиль / Бензин";"26";"Albali kart";"ХаниМани";""		
2023-08-05;"-0.6";"";"azn";"Медицина / Лекарства";"0.6";"Albali kart";"ХаниМани";""		
2023-08-04;"-16.0";"-20.0";"azn";"Продукты";"16";"Albali kart";"Резервы";""		
2023-08-04;"-15.0";"";"azn";"Продукты";"15";"Кошелёк";"ХаниМани";""		
2023-08-02;"-23.3";"";"azn";"Медицина / Лекарства";"23.3";"ASB kart";"ХаниМани";""		
2023-08-02;"-36.6";"";"azn";"Продукты";"36.6";"Albali kart";"ХаниМани";""		
2023-08-02;"-12.0";"";"azn";"Автомобиль / Ремонт";"12 баланс колес";"Кошелёк";"ХаниМани";""		
2023-08-02;"-24.5";"";"azn";"Ребенок";"24.5 подгузники";"ASB kart";"ХаниМани";""		
2023-08-02;"-9.0";"-20.0";"azn";"Продукты";"9";"Кошелёк";"Резервы";""		
2023-08-02;"-9.0";"";"azn";"Подарки";"9";"Кошелёк";"ХаниМани";""		
2023-08-02;"-24.5";"";"azn";"Ребенок";"24.5 подгузники";"ASB kart";"ХаниМани";""		
2023-08-02;"-1.2";"";"azn";"Кафе	 ресторан";"1.2";"Кошелёк";"ХаниМани";""	
2023-08-02;"-23.5";"";"azn";"Медицина / Лекарства";"23.5";"ASB kart";"ХаниМани";""		
2023-08-02;"-32.5";"";"azn";"Автомобиль / Бензин";"32.5";"Albali kart";"ХаниМани";""		
2023-08-02;"50.0";"";"azn";"";"";"";"";"ASB kart => Albali kart"		
2023-08-02;"-1.2";"";"azn";"Продукты";"1.2";"Кошелёк";"ХаниМани";""		
2023-08-02;"50.0";"";"azn";"";"";"";"";"ASB kart => Albali kart"		
2023-08-01;"-32.6";"-20.0";"azn";"Автомобиль / Бензин";"32.6";"Albali kart";"Резервы";""		
2023-08-01;"794.0";"1900.0";"azn";"Зарплата Ильгар";"794";"ASB kart";"Резервы";""		
2023-08-01;"3.0";"";"azn";"";"";"";"";"Albali кредитная карта => ASB kart"		
2023-08-01;"4.0";"";"azn";"";"";"";"";"Кошелёк => ASB kart"		
2023-08-01;"-17.0";"";"azn";"Продукты";"17";"Кошелёк";"ХаниМани";""		
2023-08-01;"-6.0";"";"azn";"Продукты";"6";"Albali kart";"ХаниМани";""		
2023-07-31;"-15.0";"-25.0";"azn";"Автомобиль";"15 держала для телефона";"Кошелёк";"Резервы";""		
2023-07-31;"-5.0";"-20.0";"azn";"Продукты";"5";"Albali kart";"Резервы";""		
2023-07-31;"-9.0";"";"azn";"Продукты";"9";"Albali kart";"ХаниМани";""		
2023-07-31;"50.0";"";"azn";"";"";"";"";"ASB kart => Albali kart"		
2023-07-31;"-15.0";"";"azn";"Интернет и связь";"15 ailenet";"Albali kart";"ХаниМани";""		
2023-07-31;"-3.0";"";"azn";"Кафе	 ресторан";"3";"Кошелёк";"ХаниМани";""	
2023-07-30;"-2.2";"";"azn";"Продукты";"2.2";"Albali kart";"ХаниМани";""		
2023-07-30;"-20.0";"-70.0";"azn";"Подарки";"20 йас";"Кошелёк";"Резервы";""		
2023-07-29;"-20.0";"";"azn";"Подарки";"20";"Кошелёк";"ХаниМани";""		
2023-07-29;"-28.0";"";"azn";"Подарки";"28";"Albali kart";"ХаниМани";""		
2023-07-29;"120.0";"";"azn";"";"";"";"";"ASB kart => Кошелёк"		
2023-07-29;"50.0";"";"azn";"Подарки";"50 Эми за авто";"Кошелёк";"ХаниМани";""		
2023-07-28;"70.0";"";"azn";"";"";"";"";"ASB kart => Albali kart"		
2023-07-28;"11.0";"";"azn";"";"";"";"";"Кошелек Самира => Кошелёк"		
2023-07-28;"-40.0";"";"azn";"Гигиена и красота";"40 салон";"Кошелек Самира";"ХаниМани";""		
2023-07-28;"-40.0";"";"azn";"Автомобиль / Бензин";"40";"Albali kart";"ХаниМани";""		
2023-07-28;"-2.0";"";"azn";"Развлечения и хобби";"2";"Кошелёк";"ХаниМани";""		
2023-07-28;"-2.3";"";"azn";"Продукты";"2.3";"Кошелек Самира";"ХаниМани";""		
2023-07-28;"-2.0";"";"azn";"Продукты";"2";"Кошелёк";"ХаниМани";""		
2023-07-28;"-1.0";"";"azn";"Продукты";"1";"Кошелёк";"ХаниМани";""		
2023-07-27;"-3.0";"-20.0";"azn";"Ребенок";"3";"Кошелёк";"Резервы";""		
2023-07-27;"50.0";"";"azn";"";"";"";"";"Кошелёк => Кошелек Самира"		
2023-07-27;"-10.899999999999999";"";"azn";"Подарки";"3.6 4.5 2.8";"Albali kart";"ХаниМани";""		
2023-07-27;"-15.4";"";"azn";"Продукты";"15.4";"Albali kart";"ХаниМани";""		
2023-07-27;"-10.0";"";"azn";"Продукты";"10";"ABB kart Samira";"ХаниМани";""		
2023-07-27;"-15.0";"";"azn";"Ребенок";"15";"Кошелёк";"ХаниМани";""		
2023-07-26;"301.0";"";"azn";"";"";"";"";"ASB kart => YapiKrediBank kredit"		
2023-07-26;"-11.0";"";"azn";"Интернет и связь";"11 Ilqar";"ASB kart";"ХаниМани";""		
2023-07-26;"-1.0";"";"azn";"Ребенок";"1";"Кошелёк";"ХаниМани";""		
2023-07-26;"-3.0";"";"azn";"Продукты";"3";"Albali kart";"ХаниМани";""		
2023-07-26;"-10.0";"";"azn";"Автомобиль / Мойка";"10";"Кошелёк";"ХаниМани";""		
2023-07-26;"-11.0";"";"azn";"Продукты";"11";"Кошелёк";"ХаниМани";""		
2023-07-25;"-10.0";"-20.0";"azn";"Продукты";"10";"Albali kart";"Резервы";""		
2023-07-25;"50.0";"";"azn";"";"";"";"";"ASB kart => Albali kart"		
2023-07-25;"-3.0";"";"azn";"Интернет и связь";"3";"Albali kart";"ХаниМани";""		
2023-07-24;"-15.0";"";"azn";"Продукты";"15";"Albali kart";"ХаниМани";""		
2023-07-24;"-8.0";"";"azn";"Продукты";"8";"Кошелёк";"ХаниМани";""		
2023-07-24;"-4.4";"";"azn";"Гигиена и красота";"4.4";"ASB kart";"ХаниМани";""		
2023-07-24;"-3.6";"";"azn";"Продукты";"3.6";"ASB kart";"ХаниМани";""		
2023-07-24;"-3.0";"";"azn";"Гигиена и красота";"3";"Кошелек Самира";"ХаниМани";""		
2023-07-24;"-4.0";"";"azn";"Продукты";"4";"Кошелек Самира";"ХаниМани";""		
2023-07-23;"-20.0";"";"azn";"Автомобиль / Бензин";"20";"Кошелёк";"ХаниМани";""		
2023-07-23;"-15.0";"";"azn";"Подарки";"15";"Кошелёк";"ХаниМани";""		
2023-07-23;"50.0";"";"azn";"";"";"";"";"ASB kart => Albali kart"		
2023-07-23;"-30.0";"-20.0";"azn";"Продукты";"30";"Albali kart";"Резервы";""		
2023-07-23;"-41.0";"-70.0";"azn";"Подарки";"41";"Albali kart";"Резервы";""		
2023-07-22;"50.0";"";"azn";"";"";"";"";"ASB kart => Albali kart"		
2023-07-21;"-15.0";"";"azn";"Продукты";"15";"Кошелёк";"ХаниМани";""		
2023-07-21;"-5.0";"-20.0";"azn";"Ребенок";"5";"Кошелёк";"Резервы";""		
2023-07-21;"-5.0";"-20.0";"azn";"Продукты";"5";"ABB kart Samira";"Резервы";""		
2023-07-20;"-1.0";"";"azn";"Ребенок";"1";"Кошелек Самира";"ХаниМани";""		
2023-07-20;"-5.0";"";"azn";"Продукты";"5";"Кошелек Самира";"ХаниМани";""		
2023-07-20;"-10.0";"";"azn";"Продукты";"10";"ABB kart Samira";"ХаниМани";""		
2023-07-19;"150.0";"";"azn";"";"";"";"";"ASB kart => Кошелёк"		
2023-07-19;"50.0";"";"azn";"";"";"";"";"Страхование жизни => Кошелек Самира"		
2023-07-19;"-30.0";"";"azn";"Ребенок";"30 к врачу";"Кошелек Самира";"ХаниМани";""		
2023-07-19;"-5.0";"-20.0";"azn";"Продукты";"5";"Кошелек Самира";"Резервы";""		
2023-07-18;"-3.0";"";"azn";"Продукты";"3";"ABB kart Samira";"ХаниМани";""		
2023-07-17;"-1.0";"";"azn";"Ребенок";"1";"Кошелёк";"ХаниМани";""		
2023-07-17;"-5.0";"-20.0";"azn";"Продукты";"5";"Кошелёк";"Резервы";""		
2023-07-17;"-1.0";"";"azn";"Ребенок";"1";"Кошелек Самира";"ХаниМани";""		
2023-07-16;"-35.0";"";"azn";"Дом";"35";"Кошелёк";"ХаниМани";""		
2023-07-16;"-2.0";"";"azn";"Ребенок";"2";"Кошелёк";"ХаниМани";""		
2023-07-16;"-66.5";"";"azn";"Продукты";"66.5";"ABB kart Samira";"ХаниМани";""		
2023-07-16;"-20.0";"";"azn";"Автомобиль / Бензин";"20";"ABB kart Samira";"ХаниМани";""		
2023-07-16;"-10.0";"-15.0";"azn";"Гигиена и красота";"10";"Кошелёк";"Резервы";""		
2023-07-15;"-10.0";"-20.0";"azn";"Продукты";"10";"ABB kart Samira";"Резервы";""		
2023-07-15;"1000.0";"";"azn";"Зарплата Ильгар";"1000";"ASB kart";"ХаниМани";""		
2023-07-14;"-10.8";"";"azn";"Продукты";"10.8";"ABB kart Samira";"ХаниМани";""		
2023-07-13;"-13.25";"-20.0";"azn";"Продукты";"13.25";"ABB kart Samira";"Резервы";""		
2023-07-12;"-6.0";"";"azn";"Продукты";"6";"ABB kart Samira";"ХаниМани";""		
2023-07-12;"50.0";"";"azn";"Подарки";"50 Рашад на новое пвто";"Кошелёк";"ХаниМани";""		
2023-07-12;"-1.0";"-20.0";"azn";"Ребенок";"1";"Кошелёк";"Резервы";""		
2023-07-11;"-10.0";"";"azn";"Гигиена и красота";"10";"ABB kart Samira";"ХаниМани";""		
2023-07-11;"-3.0";"";"azn";"Продукты";"3";"Кошелёк";"ХаниМани";""		
2023-07-11;"-5.0";"-20.0";"azn";"Продукты";"5";"ABB kart Samira";"Резервы";""		
2023-07-11;"2.0";"";"azn";"";"";"";"";"Кошелёк => Кошелек Самира"		
2023-07-10;"327.0";"327.0";"azn";"Пенсия Самира";"327";"ABB kart Samira";"Резервы";""		
2023-07-10;"-12.0";"-12.0";"azn";"Платный софт";"12 Memento databse";"Albali кредитная карта";"Резервы";""		
2023-07-09;"-8.0";"";"azn";"Транспорт";"7 1";"Кошелёк";"ХаниМани";""		
2023-07-09;"-23.3";"";"azn";"Гигиена и красота";"23.3";"ABB kart Samira";"ХаниМани";""		
2023-07-09;"-182.0";"";"azn";"Автомобиль";"140 чехол для машины	 35 коврики 7 защита от солнца";"Кошелёк";"ХаниМани";""	
2023-07-09;"-23.8";"";"azn";"Медицина / Лекарства";"23.8";"ABB kart Samira";"ХаниМани";""		
2023-07-09;"-50.83";"-20.0";"azn";"Продукты";"50.83";"ABB kart Samira";"Резервы";""		
2023-07-09;"-24.0";"-20.0";"azn";"Ребенок";"24 подгузники";"ABB kart Samira";"Резервы";""		
2023-07-09;"-25.0";"";"azn";"Кафе	 ресторан";"25 Проводы Азера";"Кошелёк";"ХаниМани";""	
2023-07-09;"-2.0";"";"azn";"Ребенок";"2";"Кошелёк";"ХаниМани";""		
2023-07-08;"-20.0";"";"azn";"Автомобиль / Бензин";"20";"Кошелёк";"ХаниМани";""		
2023-07-08;"-25470.0";"";"azn";"Автомобиль";"25000 Chevrolet cobalt 460 оформление и номер 10 номер на авто";"Кошелёк";"ХаниМани";""		
2023-07-08;"-5.0";"";"azn";"Автомобиль / Мойка";"5";"Кошелёк";"ХаниМани";""		
2023-07-08;"-2.0";"";"azn";"Ребенок";"2";"Кошелёк";"ХаниМани";""		
2023-07-08;"-5.6";"-5.6";"azn";"Платный софт";"5.6 ticktick";"Albali кредитная карта";"Резервы";""		
2023-07-08;"2000.0";"";"azn";"";"";"";"";"ASB kart => Кошелёк"		
2023-07-08;"8800.0";"";"azn";"";"";"";"";"YapiKrediBank kredit => Кошелёк"		
2023-07-08;"-7.0";"";"azn";"Транспорт";"6 1";"Кошелёк";"ХаниМани";""		
2023-07-08;"-1.0";"";"azn";"Продукты";"1";"Albali kart";"ХаниМани";""		
2023-07-07;"2000.0";"";"azn";"";"";"";"";"Долг Эльдару => Кошелёк"		
2023-07-07;"3000.0";"";"azn";"";"";"";"";"Долг маме => Кошелёк"		
2023-07-07;"-11.2";"-20.0";"azn";"Продукты";"11.2";"ABB kart Samira";"Резервы";""		
2023-07-07;"-23.0";"-30.0";"azn";"Ком. услуги / Электроэнергия";"23";"Albali кредитная карта";"Резервы";""		
2023-07-07;"800.0";"";"azn";"";"";"";"";"Albali кредитная карта => Кошелёк"		
2023-07-07;"3360.0";"";"azn";"";"";"";"";"Депозит-Подушка безопасности => Кошелёк"		
2023-07-06;"-7.33";"";"azn";"Продукты";"7.33";"Albali kart";"ХаниМани";""		
2023-07-06;"15.0";"";"azn";"";"";"";"";"Albali кредитная карта => Albali kart"		
2023-07-06;"-5.0";"";"azn";"Транспорт";"5";"Кошелёк";"ХаниМани";""		
2023-07-05;"-1.3";"-20.0";"azn";"Продукты";"1.3";"Кошелёк";"Резервы";""		
2023-07-05;"85.0";"";"azn";"";"";"";"";"ASB kart => Кошелёк"		
2023-07-05;"-10.6";"";"azn";"Продукты";"10.6";"Кошелёк";"ХаниМани";""		
2023-07-05;"-40.0";"";"azn";"Медицина / Лечение";"40 анализы";"Кошелёк";"ХаниМани";""		
2023-07-05;"-32.0";"";"azn";"Ком. услуги / Квартира";"32";"Кошелёк";"ХаниМани";""		
2023-07-04;"-10.0";"-20.0";"azn";"Автомобиль / Бензин";"10";"Кошелёк";"Резервы";""		
2023-07-04;"-1.0";"";"azn";"Ребенок";"1";"Кошелёк";"ХаниМани";""		
2023-07-03;"50.0";"";"azn";"";"";"";"";"Albali кредитная карта => Депозит-Подушка безопасности"		
2023-07-03;"373.0";"";"azn";"Зарплата Ильгар";"373";"ASB kart";"ХаниМани";""		
2023-07-03;"-34.33";"-20.0";"azn";"Продукты";"7.33 27";"Albali kart";"Резервы";""		
2023-07-02;"2000.0";"";"azn";"";"";"";"";"Резервы => ХаниМани"		
2023-07-02;"5800.0";"";"azn";"Автомобиль";"5800 продажа опеля";"Кошелёк";"ХаниМани";""		
2023-07-02;"-6.44";"";"azn";"Продукты";"6.44";"Albali kart";"ХаниМани";""		
2023-07-02;"-5.0";"";"azn";"Продукты";"5";"Albali кредитная карта";"ХаниМани";""		
2023-07-02;"-10.0";"";"azn";"Продукты";"10";"Кошелёк";"ХаниМани";""		
2023-07-02;"-10.0";"-70.0";"azn";"Подарки";"10 Mahir operator yas";"Кошелёк";"Резервы";""		
2023-07-01;"7.0";"";"azn";"";"";"";"";"Albali kart => ASB kart"		
2023-07-01;"-0.9";"";"azn";"Продукты";"0.9";"Albali kart";"ХаниМани";""		
2023-07-01;"638.0";"";"azn";"Зарплата Ильгар";"638";"Страхование жизни";"ХаниМани";""		
2023-07-01;"-3.0";"";"azn";"Интернет и связь";"3 Samira";"Albali кредитная карта";"ХаниМани";""		
2023-07-01;"1041.0";"1900.0";"azn";"Зарплата Ильгар";"1041";"ASB kart";"Резервы";""		
2023-07-01;"-4.0";"";"azn";"Интернет и связь";"4 Ильгар";"Albali кредитная карта";"ХаниМани";""		
2023-07-01;"8.0";"";"azn";"";"";"";"";"Albali kart => Albali кредитная карта"		
2023-07-01;"20.0";"";"azn";"";"";"";"";"Кошелёк => ASB kart"		
2023-07-01;"-10.120000000000001";"";"azn";"Продукты";"2.41 2.28 0.03 0.9 4.5";"Albali kart";"ХаниМани";""		
2023-07-01;"-28.8";"";"azn";"Ребенок";"28.8 подгузники";"Albali kart";"ХаниМани";""		
2023-06-30;"-15.0";"";"azn";"Интернет и связь";"15 ailetv";"Albali кредитная карта";"ХаниМани";""		
2023-06-30;"-5.5";"";"azn";"Продукты";"5.5";"Albali kart";"ХаниМани";""		
2023-06-30;"-10.0";"";"azn";"Продукты";"10";"Кошелёк";"ХаниМани";""		
2023-06-30;"-1.0";"";"azn";"Дом";"1";"Кошелёк";"ХаниМани";""		
2023-06-29;"100.0";"";"azn";"";"";"";"";"Albali кредитная карта => Albali kart"		
2023-06-29;"-16.25";"";"azn";"Подарки";"16.25 маме";"Albali kart";"ХаниМани";""		
2023-06-29;"-33.0";"";"azn";"Подарки";"33 маме";"Кошелёк";"ХаниМани";""		
2023-06-29;"-15.0";"";"azn";"Транспорт";"15";"Кошелёк";"ХаниМани";""		
2023-06-29;"-2.0";"";"azn";"Продукты";"2";"Albali kart";"ХаниМани";""		
2023-06-28;"-8.3";"";"azn";"Гигиена и красота";"8.3";"Albali kart";"ХаниМани";""		
2023-06-28;"50.0";"";"azn";"";"";"";"";"Albali кредитная карта => Albali kart"		
2023-06-28;"-40.0";"";"azn";"Продукты";"40";"Albali kart";"ХаниМани";""		
2023-06-28;"-1.5";"";"azn";"Продукты";"1.5";"Albali kart";"ХаниМани";""		
2023-06-27;"-20.0";"";"azn";"Транспорт";"20";"Кошелёк";"ХаниМани";""		
2023-06-27;"-200.0";"";"azn";"Подарки";"200 Свадьба дочки Нафика";"Кошелёк";"ХаниМани";""		
2023-06-27;"-25.0";"-25.0";"azn";"Кафе	 ресторан";"25 с Туралом";"Кошелёк";"Резервы";""	
2023-06-27;"-28.0";"-20.0";"azn";"Продукты";"28";"Albali kart";"Резервы";""		
2023-06-27;"-9.77";"-20.0";"azn";"Ребенок";"9.77";"Albali kart";"Резервы";""		
2023-06-27;"-30.0";"";"azn";"Гигиена и красота";"30";"Кошелёк";"ХаниМани";""		
2023-06-26;"400.0";"";"azn";"";"";"";"";"ABB kart Samira => Кошелёк"		
2023-06-26;"-2.0";"";"azn";"Продукты";"2";"Кошелёк";"ХаниМани";""		
2023-06-26;"-33.0";"";"azn";"Гигиена и красота";"33";"Кошелёк";"ХаниМани";""		
2023-06-26;"-14.0";"";"azn";"Транспорт";"8 6";"Кошелёк";"ХаниМани";""		
2023-06-26;"-6.0";"";"azn";"Продукты";"6";"Кошелёк";"ХаниМани";""		
2023-06-26;"-32.0";"";"azn";"Одежда и обувь";"26 6";"Кошелёк";"ХаниМани";""		
2023-06-26;"-3.0";"";"azn";"Продукты";"3";"Кошелёк";"ХаниМани";""		
2023-06-26;"-5.0";"";"azn";"Продукты";"5";"Кошелёк";"ХаниМани";""		
2023-06-25;"-14.2";"";"azn";"Продукты";"5 9.2";"Кошелёк";"ХаниМани";""		
2023-06-25;"-49.0";"";"azn";"Одежда и обувь";"49";"Кошелек Самира";"ХаниМани";""		
2023-06-25;"-12.0";"";"azn";"Интернет и связь";"12 Ilqar";"Albali кредитная карта";"ХаниМани";""		
2023-06-25;"-2.3";"-20.0";"azn";"Продукты";"2.3";"Albali kart";"Резервы";""		
2023-06-25;"-3.0";"";"azn";"Интернет и связь";"3";"Albali кредитная карта";"ХаниМани";""		
2023-06-24;"-1.0";"-20.0";"azn";"Ребенок";"1";"Кошелёк";"Резервы";""		
2023-06-24;"-7.0";"";"azn";"Транспорт";"7";"Кошелёк";"ХаниМани";""		
2023-06-24;"-10.0";"";"azn";"Одежда и обувь";"10";"Кошелёк";"ХаниМани";""		
2023-06-24;"-7.0";"";"azn";"Продукты";"7";"Кошелёк";"ХаниМани";""		
2023-06-24;"-3.6";"";"azn";"Продукты";"3.6";"Albali kart";"ХаниМани";""		
2023-06-23;"-6.0";"-20.0";"azn";"Продукты";"6";"Кошелёк";"Резервы";""		
2023-06-23;"-7.0";"";"azn";"Транспорт";"7";"Кошелёк";"ХаниМани";""		
2023-06-23;"-22.0";"";"azn";"Кафе	 ресторан";"22";"Кошелёк";"ХаниМани";""	
2023-06-23;"-1.45";"";"azn";"Продукты";"1.45";"Albali kart";"ХаниМани";""		
2023-06-23;"-22.0";"";"azn";"Кафе	 ресторан";"22";"Кошелёк";"ХаниМани";""	
2023-06-22;"-8.0";"";"azn";"Автомобиль / Ремонт";"8";"Кошелёк";"ХаниМани";""		
2023-06-22;"-6.0";"";"azn";"Транспорт";"6";"Кошелёк";"ХаниМани";""		
2023-06-22;"-1.3";"";"azn";"Дом";"1.3";"Кошелек Самира";"ХаниМани";""		
2023-06-22;"-290.0";"";"azn";"Подарки";"290 Гурбан байрам";"Albali кредитная карта";"ХаниМани";""		
2023-06-21;"-7.0";"";"azn";"Транспорт";"7";"Кошелёк";"ХаниМани";""		
2023-06-21;"50.0";"";"azn";"";"";"";"";"Albali кредитная карта => Albali kart"		
2023-06-21;"-9.0";"";"azn";"Продукты";"9";"Кошелёк";"ХаниМани";""		
2023-06-21;"50.0";"";"azn";"";"";"";"";"Albali кредитная карта => Albali kart"		
2023-06-21;"-46.0";"-20.0";"azn";"Продукты";"46";"Albali kart";"Резервы";""		
2023-06-21;"-16.0";"";"azn";"Автомобиль";"16";"Кошелёк";"ХаниМани";""		
2023-06-20;"-10.0";"-20.0";"azn";"Автомобиль / Бензин";"10";"Albali kart";"Резервы";""		
2023-06-20;"-29.0";"-30.0";"azn";"Медицина / Лекарства";"29";"Albali kart";"Резервы";""		
2023-06-20;"150.0";"";"azn";"";"";"";"";"ASB kart => Кошелёк"		
2023-06-20;"3000.0";"";"azn";"";"";"";"";"Резервы => ХаниМани"		
2023-06-20;"-60.0";"";"azn";"Автомобиль / Запчасти";"60";"Кошелёк";"ХаниМани";""		
2023-06-20;"-6.6";"";"azn";"Продукты";"6.6";"Albali kart";"ХаниМани";""		
2023-06-19;"-16.3";"-20.0";"azn";"Продукты";"16.3";"Albali kart";"Резервы";""		
2023-06-19;"-28.0";"";"azn";"Продукты";"28";"ASB kart";"ХаниМани";""		
2023-06-19;"-5.0";"";"azn";"Транспорт";"5";"Кошелёк";"ХаниМани";""		
2023-06-19;"55.0";"";"azn";"";"";"";"";"ASB kart => Кошелёк"		
2023-06-19;"50.0";"";"azn";"";"";"";"";"Albali кредитная карта => Albali kart"		
2023-06-18;"-18.0";"";"azn";"Подарки";"18";"Кошелёк";"ХаниМани";""		
2023-06-18;"-4.4";"";"azn";"Продукты";"4.4";"Albali kart";"ХаниМани";""		
2023-06-18;"-16.3";"-20.0";"azn";"Ребенок";"16.3 подгузники";"Albali kart";"Резервы";""		
2023-06-18;"-55.0";"-15.0";"azn";"Гигиена и красота";"55 салон";"Кошелёк";"Резервы";""		
2023-06-18;"100.0";"";"azn";"";"";"";"";"ASB kart => Кошелёк"		
2023-06-18;"-50.0";"";"azn";"Продукты";"50";"Кошелёк";"ХаниМани";""		
2023-06-17;"-5.0";"";"azn";"Дом";"5";"Кошелёк";"ХаниМани";""		
2023-06-17;"-12.0";"-20.0";"azn";"Продукты";"12";"Кошелёк";"Резервы";""		
2023-06-16;"-7.2";"";"azn";"Продукты";"7.2";"Albali kart";"ХаниМани";""		
2023-06-15;"-38.0";"";"azn";"Гигиена и красота";"38";"Albali kart";"ХаниМани";""		
2023-06-15;"100.0";"";"azn";"";"";"";"";"Albali кредитная карта => Albali kart"		
2023-06-15;"-3.0";"";"azn";"Автомобиль / Мойка";"3";"Кошелёк";"ХаниМани";""		
2023-06-15;"-63.0";"-20.0";"azn";"Продукты";"40 23";"Albali kart";"Резервы";""		
2023-06-15;"95.0";"";"azn";"";"";"";"";"ASB kart => Кошелёк"		
2023-06-14;"-5.21";"";"azn";"Продукты";"5.21";"Albali kart";"ХаниМани";""		
2023-06-14;"13.0";"";"azn";"Проценты и бонусы";"13";"Депозит-Подушка безопасности";"ХаниМани";""		
2023-06-13;"-8.5";"-20.0";"azn";"Продукты";"8.5";"Albali кредитная карта";"Резервы";""		
2023-06-12;"-44.0";"";"azn";"Продукты";"44";"Albali кредитная карта";"ХаниМани";""		
2023-06-12;"-19.0";"";"azn";"Продукты";"19";"Кошелёк";"ХаниМани";""		
2023-06-12;"-8.6";"";"azn";"Продукты";"8.6";"Albali кредитная карта";"ХаниМани";""		
2023-06-12;"-24.0";"-15.0";"azn";"Транспорт";"24";"Кошелёк";"Резервы";""		
2023-06-11;"-10.3";"-20.0";"azn";"Продукты";"10.3";"Albali kart";"Резервы";""		
2023-06-11;"-33.35";"-70.0";"azn";"Подарки";"33.35";"Albali kart";"Резервы";""		
2023-06-11;"-22.0";"-10.0";"azn";"Ком. услуги / Вода";"22";"Albali кредитная карта";"Резервы";""		
2023-06-10;"327.0";"327.0";"azn";"Пенсия Самира";"327";"ABB kart Samira";"Резервы";""		
2023-06-10;"-12.0";"-12.0";"azn";"Платный софт";"12 Memento databse";"Albali кредитная карта";"Резервы";""		
2023-06-09;"50.0";"";"azn";"";"";"";"";"Albali кредитная карта => Albali kart"		
2023-06-09;"-10.0";"-20.0";"azn";"Продукты";"10";"Кошелёк";"Резервы";""		
2023-06-08;"-4.0";"";"azn";"Одежда и обувь";"4";"Albali kart";"ХаниМани";""		
2023-06-08;"-6.33";"";"azn";"Продукты";"6.33";"Albali kart";"ХаниМани";""		
2023-06-08;"-5.6";"-5.6";"azn";"Платный софт";"5.6 ticktick";"Albali кредитная карта";"Резервы";""		
2023-06-07;"-5.2";"";"azn";"Одежда и обувь";"5.2";"Albali kart";"ХаниМани";""		
2023-06-07;"-6.27";"";"azn";"Продукты";"6.27";"Albali kart";"ХаниМани";""		
2023-06-07;"-7.2";"-20.0";"azn";"Продукты";"7.2";"Кошелёк";"Резервы";""		
2023-06-07;"-34.1";"-30.0";"azn";"Ком. услуги / Электроэнергия";"34.1";"Albali кредитная карта";"Резервы";""		
2023-06-06;"50.0";"";"azn";"";"";"";"";"Albali кредитная карта => Albali kart"		
2023-06-06;"-34.0";"-20.0";"azn";"Автомобиль / Бензин";"34";"Albali kart";"Резервы";""		
2023-06-05;"-13.73";"-20.0";"azn";"Продукты";"13.73";"Albali kart";"Резервы";""		
2023-06-04;"-50.0";"-70.0";"azn";"Подарки";"50 Aygun bibi";"Кошелёк";"Резервы";""		
2023-06-03;"-1.0";"-20.0";"azn";"Продукты";"1";"Albali kart";"Резервы";""		
2023-06-02;"-25.0";"";"azn";"Автомобиль / Бензин";"25";"Albali kart";"ХаниМани";""		
2023-06-02;"-26.5";"";"azn";"Подарки";"26.5";"Albali кредитная карта";"ХаниМани";""		
2023-06-02;"50.0";"";"azn";"";"";"";"";"Albali кредитная карта => Albali kart"		
2023-06-02;"300.0";"";"azn";"";"";"";"";"ASB kart => Депозит-Подушка безопасности"		
2023-06-01;"50.0";"";"azn";"";"";"";"";"Albali кредитная карта => Albali kart"		
2023-06-01;"-25.0";"";"azn";"Ребенок";"25";"Albali kart";"ХаниМани";""		
2023-06-01;"-32.9";"";"azn";"Подарки";"7.8 6.5 5 13 0.6";"Albali kart";"ХаниМани";""		
2023-06-01;"15.0";"";"azn";"Проценты и бонусы";"15 процент депозита";"Депозит-Подушка безопасности";"ХаниМани";""		
2023-06-01;"-4.55";"";"azn";"Продукты";"2.44 0.96 1.15";"Albali kart";"ХаниМани";""		
2023-06-01;"-6.0";"";"azn";"Ребенок";"6";"Albali kart";"ХаниМани";""		
2023-06-01;"-15.3";"";"azn";"Подарки";"15.3 В деревню";"Кошелёк";"ХаниМани";""		
2023-06-01;"-6.7";"";"azn";"Продукты";"6.7";"Кошелёк";"ХаниМани";""		
2023-06-01;"-30.0";"";"azn";"Одежда и обувь";"30";"Кошелёк";"ХаниМани";""		
2023-06-01;"2.27";"";"azn";"Проценты и бонусы";"2.27 кешбек";"Albali кредитная карта";"ХаниМани";""		
2023-06-01;"22.34";"";"azn";"Проценты и бонусы";"22.34 edv gerial";"Albali кредитная карта";"ХаниМани";""		
2023-06-01;"2148.0";"1900.0";"azn";"Зарплата Ильгар";"639 1509";"ASB kart";"Резервы";""		
2023-06-01;"50.0";"";"azn";"";"";"";"";"Albali кредитная карта => Albali kart"		
2023-06-01;"639.0";"";"azn";"";"";"";"";"ASB kart => Страхование жизни"		
2023-06-01;"200.0";"";"azn";"";"";"";"";"ASB kart => Кошелёк"		
2023-06-01;"-6.0";"";"azn";"Гигиена и красота";"6";"Albali kart";"ХаниМани";""		
2023-05-31;"-33.0";"-20.0";"azn";"Ребенок";"15 18 одежда";"Кошелёк";"Резервы";""		
2023-05-31;"-24.8";"";"azn";"Продукты";"24.8";"Albali kart";"ХаниМани";""		
2023-05-31;"-6.0";"";"azn";"Интернет и связь";"2 Ильгар 4 Самира";"Albali кредитная карта";"ХаниМани";""		
2023-05-31;"34.0";"";"azn";"";"";"";"";"Кошелёк => ASB kart"		
2023-05-31;"9.0";"";"azn";"";"";"";"";"Albali kart => Albali кредитная карта"		
2023-05-31;"1.0";"";"azn";"";"";"";"";"Albali kart => Кошелек Самира"		
2023-05-30;"-5.6";"-20.0";"azn";"Продукты";"5.6";"Albali kart";"Резервы";""		
2023-05-30;"-15.0";"";"azn";"Интернет и связь";"15 ailenet";"Albali кредитная карта";"ХаниМани";""		
2023-05-29;"50.0";"";"azn";"";"";"";"";"ABB kart Samira => Albali kart"		
2023-05-29;"50.0";"";"azn";"";"";"";"";"ABB kart Samira => Albali кредитная карта"		
2023-05-28;"-2.1";"";"azn";"Продукты";"2.1";"ASB kart";"ХаниМани";""		
2023-05-28;"-53.0";"";"azn";"Дом";"53 вентилятор термос нож";"Кошелёк";"ХаниМани";""		
2023-05-28;"-7.0";"";"azn";"Автомобиль / Мойка";"7";"ASB kart";"ХаниМани";""		
2023-05-28;"-29.0";"";"azn";"Продукты";"29";"ASB kart";"ХаниМани";""		
2023-05-28;"50.0";"";"azn";"Подарки";"50 Celil";"Кошелек Самира";"ХаниМани";""		
2023-05-28;"-30.5";"";"azn";"Продукты";"30.5";"Albali кредитная карта";"ХаниМани";""		
2023-05-28;"-1.0";"-20.0";"azn";"Ребенок";"1";"Кошелёк";"Резервы";""		
2023-05-28;"-50.0";"-70.0";"azn";"Подарки";"50 ребёнку Туркан";"Кошелек Самира";"Резервы";""		
2023-05-28;"-9.0";"-15.0";"azn";"Гигиена и красота";"9";"Albali кредитная карта";"Резервы";""		
2023-05-28;"-16.55";"-20.0";"azn";"Продукты";"6.65 9.9";"Albali kart";"Резервы";""		
2023-05-28;"77.0";"";"azn";"";"";"";"";"ABB kart Samira => Кошелёк"		
2023-05-27;"-38.1";"";"azn";"Продукты";"38.1";"Albali kart";"ХаниМани";""		
2023-05-27;"-5.0";"";"azn";"Продукты";"5";"Кошелёк";"ХаниМани";""		
2023-05-27;"-4.0";"";"azn";"Продукты";"4";"Кошелёк";"ХаниМани";""		
2023-05-27;"-13.5";"";"azn";"Ребенок";"13.5";"Кошелек Самира";"ХаниМани";""		
2023-05-26;"-21.0";"";"azn";"Платный софт";"21";"ASB kart";"ХаниМани";""		
2023-05-26;"-170.0";"";"azn";"Медицина / Лекарства";"170 Миноксидил";"ASB kart";"ХаниМани";""		
2023-05-26;"-3.5";"-20.0";"azn";"Продукты";"3.5";"Albali kart";"Резервы";""		
2023-05-26;"-6.5";"";"azn";"Дом";"6.5";"Кошелек Самира";"ХаниМани";""		
2023-05-26;"45.0";"";"azn";"";"";"";"";"ASB kart => Кошелёк"		
2023-05-26;"-1.0";"";"azn";"Ребенок";"1";"Кошелек Самира";"ХаниМани";""		
2023-05-26;"-19.4";"";"azn";"Подарки";"19.4";"Albali kart";"ХаниМани";""		
2023-05-25;"-1.0";"-20.0";"azn";"Ребенок";"1";"Кошелек Самира";"Резервы";""		
2023-05-25;"-10.0";"";"azn";"Интернет и связь";"10 Ильгар";"Albali кредитная карта";"ХаниМани";""		
2023-05-25;"100.0";"";"azn";"";"";"";"";"ASB kart => Albali kart"		
2023-05-25;"-6.4";"";"azn";"Продукты";"6.4";"Кошелек Самира";"ХаниМани";""		
2023-05-25;"100.0";"";"azn";"";"";"";"";"ASB kart => Albali кредитная карта"		
2023-05-25;"-3.0";"";"azn";"Интернет и связь";"3 Ильгар";"Albali кредитная карта";"ХаниМани";""		
2023-05-25;"-20.0";"";"azn";"Подарки";"20 Ramin yas";"Кошелёк";"ХаниМани";""		
2023-05-25;"-4.0";"";"azn";"Продукты";"4";"Кошелёк";"ХаниМани";""		
2023-05-25;"-7.6";"";"azn";"Продукты";"7.6";"Albali kart";"ХаниМани";""		
2023-05-25;"-12.0";"";"azn";"Продукты";"12";"Albali кредитная карта";"ХаниМани";""		
2023-05-25;"-24.0";"";"azn";"Медицина / Лекарства";"24";"Albali kart";"ХаниМани";""		
2023-05-25;"-28.8";"";"azn";"Ребенок";"28.8 подгузники";"Albali кредитная карта";"ХаниМани";""		
2023-05-25;"-5.8";"";"azn";"Гигиена и красота";"5.8";"Albali кредитная карта";"ХаниМани";""		
2023-05-24;"-3.0";"";"azn";"Подарки";"3";"Albali кредитная карта";"ХаниМани";""		
2023-05-24;"-13.95";"-20.0";"azn";"Продукты";"4.8 6.35 2.8";"Albali kart";"Резервы";""		
2023-05-23;"-2.0";"";"azn";"Продукты";"2";"Кошелёк";"ХаниМани";""		
2023-05-22;"-29.599999999999998";"-20.0";"azn";"Продукты";"23.4 6.2";"Albali kart";"Резервы";""		
2023-05-22;"-1.0";"-20.0";"azn";"Ребенок";"1";"Кошелёк";"Резервы";""		
2023-05-22;"50.0";"";"azn";"Подарки";"50 ребенку Наибе";"Кошелек Самира";"ХаниМани";""		
2023-05-22;"-26.3";"";"azn";"Продукты";"22.3 4";"Кошелек Самира";"ХаниМани";""		
2023-05-22;"-6.1";"";"azn";"Продукты";"6.1";"Albali kart";"ХаниМани";""		
2023-05-22;"-4.3";"";"azn";"Платный софт";"4.3 yandex";"Albali кредитная карта";"ХаниМани";""		
2023-05-21;"-150.0";"-70.0";"azn";"Подарки";"100 50 детям Рашада";"Кошелек Самира";"Резервы";""		
2023-05-21;"-28.0";"-15.0";"azn";"Гигиена и красота";"28 faberlik";"Albali кредитная карта";"Резервы";""		
2023-05-21;"100.0";"";"azn";"";"";"";"";"Кошелёк => Кошелек Самира"		
2023-05-20;"-6.0";"";"azn";"Дом";"6";"Кошелёк";"ХаниМани";""		
2023-05-20;"-31.64";"-20.0";"azn";"Продукты";"31.64";"Albali kart";"Резервы";""		
2023-05-20;"-3.0";"";"azn";"Продукты";"3";"Кошелёк";"ХаниМани";""		
2023-05-19;"-1.65";"";"azn";"Продукты";"1.65";"Albali kart";"ХаниМани";""		
2023-05-18;"100.0";"";"azn";"";"";"";"";"ASB kart => Albali kart"		
2023-05-18;"200.0";"";"azn";"";"";"";"";"ASB kart => Кошелёк"		
2023-05-18;"-10.6";"";"azn";"Ребенок";"10.6 лекарство";"Albali kart";"ХаниМани";""		
2023-05-18;"-10.0";"";"azn";"Автомобиль / Бензин";"10";"Кошелёк";"ХаниМани";""		
2023-05-18;"-2.3";"-20.0";"azn";"Продукты";"2.3";"Albali kart";"Резервы";""		
2023-05-18;"-10.5";"";"azn";"Ребенок";"10.5 подгузники";"Albali kart";"ХаниМани";""		
2023-05-17;"-10.0";"";"azn";"Гигиена и красота";"10";"Albali kart";"ХаниМани";""		
2023-05-17;"-25.0";"-35.0";"azn";"Одежда и обувь";"25";"Кошелёк";"Резервы";""		
2023-05-16;"-3.0";"";"azn";"Интернет и связь";"3 Samira";"Albali кредитная карта";"ХаниМани";""		
2023-05-16;"-14.0";"-20.0";"azn";"Продукты";"14";"Albali kart";"Резервы";""		
2023-05-16;"-25.5";"";"azn";"Платный софт";"25.5 honey money";"Albali кредитная карта";"ХаниМани";""		
2023-05-16;"-6.0";"-20.0";"azn";"Ребенок";"6";"Albali kart";"Резервы";""		
2023-05-16;"-20.0";"-20.0";"azn";"Автомобиль / Бензин";"20";"Albali kart";"Резервы";""		
2023-05-14;"-22.1";"-20.0";"azn";"Продукты";"22.1";"Albali kart";"Резервы";""		
2023-05-14;"-50.0";"-70.0";"azn";"Подарки";"50 день рождения Турала";"Кошелек Самира";"Резервы";""		
2023-05-13;"-20.0";"";"azn";"Ком. услуги / Отопление";"20";"Кошелек Самира";"ХаниМани";""		
2023-05-12;"150.0";"";"azn";"";"";"";"";"ASB kart => Albali кредитная карта"		
2023-05-12;"100.0";"";"azn";"";"";"";"";"ASB kart => Albali kart"		
2023-05-12;"-9.0";"-20.0";"azn";"Продукты";"9";"Albali kart";"Резервы";""		
2023-05-12;"-1.0";"";"azn";"Ребенок";"1";"Кошелёк";"ХаниМани";""		
2023-05-12;"-1.0";"";"azn";"Продукты";"1";"Кошелек Самира";"ХаниМани";""		
2023-05-11;"-30.0";"";"azn";"Медицина / Лекарства";"30";"ABB kart Samira";"ХаниМани";""		
2023-05-11;"-19.0";"";"azn";"Продукты";"19";"Кошелёк";"ХаниМани";""		
2023-05-11;"-30.0";"";"azn";"Ребенок";"30 врач";"Albali kart";"ХаниМани";""		
2023-05-11;"-20.0";"";"azn";"Одежда и обувь";"20";"Кошелёк";"ХаниМани";""		
2023-05-11;"-10.0";"";"azn";"Гигиена и красота";"10";"Кошелёк";"ХаниМани";""		
2023-05-10;"51.0";"";"azn";"";"";"";"";"Albali кредитная карта => Кошелёк"		
2023-05-10;"2.0";"";"azn";"";"";"";"";"Кошелёк => Кошелек Самира"		
2023-05-10;"-5.0";"-20.0";"azn";"Продукты";"5";"Albali kart";"Резервы";""		
2023-05-10;"-50.5";"-20.0";"azn";"Ребенок";"50.5 игрушки";"Albali kart";"Резервы";""		
2023-05-10;"-16.0";"-16.0";"azn";"Ком. услуги / Квартира";"16";"Кошелек Самира";"Резервы";""		
2023-05-10;"327.0";"327.0";"azn";"Пенсия Самира";"327";"ABB kart Samira";"Резервы";""		
2023-05-10;"-12.0";"-12.0";"azn";"Платный софт";"12 Memento databse";"Albali кредитная карта";"Резервы";""		
2023-05-09;"7.0";"";"azn";"";"";"";"";"ABB kart Samira => Кошелек Самира"		
2023-05-09;"-1.0";"";"azn";"Ребенок";"1";"Кошелек Самира";"ХаниМани";""		
2023-05-09;"-20.0";"-20.0";"azn";"Автомобиль / Бензин";"20";"ABB kart Samira";"Резервы";""		
2023-05-09;"-3.8";"";"azn";"Продукты";"3.8";"Кошелек Самира";"ХаниМани";""		
2023-05-08;"-2.0";"-20.0";"azn";"Продукты";"2";"Кошелек Самира";"Резервы";""		
2023-05-08;"-5.6";"-5.6";"azn";"Платный софт";"5.6 ticktick";"Albali кредитная карта";"Резервы";""		
2023-05-07;"-2.0";"-20.0";"azn";"Ребенок";"2";"Кошелек Самира";"Резервы";""		
2023-05-07;"-29.68";"-30.0";"azn";"Ком. услуги / Электроэнергия";"29.68";"Albali кредитная карта";"Резервы";""		
2023-05-07;"100.0";"";"azn";"";"";"";"";"ASB kart => Albali kart"		
2023-05-07;"-70.0";"";"azn";"Платный софт";"70 serverspace";"Albali кредитная карта";"ХаниМани";""		
2023-05-07;"-24.0";"";"azn";"Автомобиль / Бензин";"24";"Albali kart";"ХаниМани";""		
2023-05-06;"-190.0";"";"azn";"Одежда и обувь";"190 Ильгар";"Кошелёк";"ХаниМани";""		
2023-05-06;"-40.3";"";"azn";"Продукты";"40.3";"Albali kart";"ХаниМани";""		
2023-05-06;"-5.0";"";"azn";"Продукты";"5";"Кошелёк";"ХаниМани";""		
2023-05-06;"-79.0";"";"azn";"Одежда и обувь";"79 Самира";"Кошелёк";"ХаниМани";""		
2023-05-06;"150.0";"";"azn";"";"";"";"";"ABB kart Samira => Кошелёк"		
2023-05-06;"-40.6";"";"azn";"Гигиена и красота";"40.6";"Albali kart";"ХаниМани";""		
2023-05-05;"-0.8";"";"azn";"Продукты";"0.8";"Albali kart";"ХаниМани";""		
2023-05-05;"-2.0";"";"azn";"Ребенок";"2";"Кошелек Самира";"ХаниМани";""		
2023-05-05;"-1.1";"";"azn";"Гигиена и красота";"1.1";"Albali kart";"ХаниМани";""		
2023-05-04;"-9.9";"-20.0";"azn";"Ребенок";"9.9";"Albali kart";"Резервы";""		
2023-05-04;"-4.5";"";"azn";"Дом";"4.5 фото";"Кошелек Самира";"ХаниМани";""		
2023-05-04;"-3.0";"";"azn";"Ребенок";"3";"Кошелек Самира";"ХаниМани";""		
2023-05-03;"100.0";"";"azn";"";"";"";"";"ASB kart => Albali kart"		
2023-05-03;"100.0";"";"azn";"";"";"";"";"ASB kart => Albali кредитная карта"		
2023-05-02;"2.0";"";"azn";"Проценты и бонусы";"2 процент с копилки";"Albali kart";"ХаниМани";""		
2023-05-02;"500.0";"";"azn";"";"";"";"";"ASB kart => Albali кредитная карта"		
2023-05-02;"500.0";"";"azn";"";"";"";"";"Albali kart => Депозит-Подушка безопасности"		
2023-05-02;"500.0";"";"azn";"";"";"";"";"Копилка => Albali kart"		
2023-05-02;"-17.2";"-20.0";"azn";"Продукты";"17.2";"Albali kart";"Резервы";""		
2023-05-02;"-20.0";"-20.0";"azn";"Автомобиль / Бензин";"20";"Albali kart";"Резервы";""		
2023-05-02;"-2.0";"";"azn";"Ребенок";"2";"Кошелек Самира";"ХаниМани";""		
2023-05-01;"8.76";"";"azn";"Проценты и бонусы";"8.76 БКО";"Albali кредитная карта";"ХаниМани";""		
2023-05-01;"12.0";"";"azn";"Проценты и бонусы";"12 процент депозита";"Депозит-Подушка безопасности";"ХаниМани";""		
2023-05-01;"20.2";"";"azn";"Проценты и бонусы";"20.2 edv";"Albali kart";"ХаниМани";""		
2023-05-01;"642.0";"";"azn";"";"";"";"";"ASB kart => Страхование жизни"		
2023-05-01;"100.0";"";"azn";"";"";"";"";"ABB kart Samira => ASB kart"		
2023-05-01;"21.0";"";"azn";"";"";"";"";"Кошелёк => ASB kart"		
2023-05-01;"18.0";"";"azn";"";"";"";"";"Albali кредитная карта => ASB kart"		
2023-05-01;"-6.0";"";"azn";"Гигиена и красота";"6";"Кошелек Самира";"ХаниМани";""		
2023-05-01;"8.94";"";"azn";"Проценты и бонусы";"8.94 кешбек";"Albali kart";"ХаниМани";""		
2023-05-01;"-22.0";"-20.0";"azn";"Ребенок";"22";"Кошелек Самира";"Резервы";""		
2023-05-01;"2333.0";"1900.0";"azn";"Зарплата Ильгар";"2333";"ASB kart";"Резервы";""		
2023-04-30;"-100.0";"";"azn";"Подарки";"100 пожертвование";"Albali кредитная карта";"ХаниМани";""		
2023-04-30;"50.0";"";"azn";"Подарки";"50 Летиф ребенку";"Кошелек Самира";"ХаниМани";""		
2023-04-30;"-2.0";"";"azn";"Подарки";"2";"Albali кредитная карта";"ХаниМани";""		
2023-04-30;"-15.0";"";"azn";"Интернет и связь";"15 ailetv";"Albali кредитная карта";"ХаниМани";""		
2023-04-30;"-5.5";"-20.0";"azn";"Продукты";"5.5";"Albali kart";"Резервы";""		
2023-04-30;"-11.5";"-70.0";"azn";"Подарки";"11.5";"Кошелёк";"Резервы";""		
2023-04-30;"-6.0";"";"azn";"Интернет и связь";"3 ilqar 3 samira";"Albali кредитная карта";"ХаниМани";""		
2023-04-29;"3.5";"";"azn";"";"";"";"";"Кошелёк => Кошелек Самира"		
2023-04-29;"-30.0";"";"azn";"Продукты";"30";"Albali кредитная карта";"ХаниМани";""		
2023-04-28;"-1.75";"";"azn";"Дом";"1.75";"Albali kart";"ХаниМани";""		
2023-04-28;"-20.0";"-20.0";"azn";"Ребенок";"20 одежда";"Кошелёк";"Резервы";""		
2023-04-28;"-2.0";"-20.0";"azn";"Продукты";"2";"Кошелек Самира";"Резервы";""		
2023-04-27;"-20.8";"";"azn";"Гигиена и красота";"20.8";"Albali kart";"ХаниМани";""		
2023-04-27;"-157.0";"";"azn";"Подарки";"157 маме анализы";"Albali кредитная карта";"ХаниМани";""		
2023-04-26;"-21.6";"-20.0";"azn";"Продукты";"19.3 2.3";"Albali kart";"Резервы";""		
2023-04-25;"-46.0";"";"azn";"Медицина / Стоматология";"46 пломба Самира";"Albali кредитная карта";"ХаниМани";""		
2023-04-25;"100.0";"";"azn";"";"";"";"";"Albali кредитная карта => Albali kart"		
2023-04-25;"-30.0";"";"azn";"Медицина / Лекарства";"30";"Albali kart";"ХаниМани";""		
2023-04-25;"-4.0";"-20.0";"azn";"Ребенок";"4";"Кошелёк";"Резервы";""		
2023-04-25;"-20.0";"-20.0";"azn";"Автомобиль / Бензин";"20";"Albali kart";"Резервы";""		
2023-04-24;"-10.0";"-20.0";"azn";"Продукты";"10";"Кошелёк";"Резервы";""		
2023-04-23;"-70.0";"-70.0";"azn";"Подарки";"50 qedim toy 20";"Кошелёк";"Резервы";""		
2023-04-23;"-9.0";"-15.0";"azn";"Гигиена и красота";"9";"Кошелек Самира";"Резервы";""		
2023-04-22;"-2.0";"-20.0";"azn";"Ребенок";"2";"Кошелёк";"Резервы";""		
2023-04-22;"-40.0";"-20.0";"azn";"Продукты";"40";"Кошелёк";"Резервы";""		
2023-04-21;"9.0";"";"azn";"";"";"";"";"Albali кредитная карта => Albali kart"		
2023-04-21;"-10.0";"";"azn";"Подарки";"10 в деревню";"Кошелёк";"ХаниМани";""		
2023-04-21;"-65.0";"";"azn";"Подарки";"65 в деревню";"Albali kart";"ХаниМани";""		
2023-04-21;"-23.0";"";"azn";"Автомобиль / Бензин";"23";"Albali kart";"ХаниМани";""		
2023-04-21;"-1.5";"";"azn";"Ребенок";"1.5";"Кошелёк";"ХаниМани";""		
2023-04-21;"-5.0";"";"azn";"Платный софт";"5 yandex";"Albali кредитная карта";"ХаниМани";""		
2023-04-20;"-5.2";"";"azn";"Гигиена и красота";"5.2";"Кошелек Самира";"ХаниМани";""		
2023-04-20;"-7.0";"";"azn";"Подарки";"7 в деревню";"Albali кредитная карта";"ХаниМани";""		
2023-04-20;"-17.0";"-20.0";"azn";"Продукты";"17";"Albali кредитная карта";"Резервы";""		
2023-04-20;"100.0";"";"azn";"";"";"";"";"ABB kart Samira => Albali kart"		
2023-04-19;"-11.4";"";"azn";"Продукты";"4.35 0.8 3.60 1 1.65";"Albali кредитная карта";"ХаниМани";""		
2023-04-19;"-42.0";"";"azn";"Медицина / Стоматология";"42";"Albali kart";"ХаниМани";""		
2023-04-17;"50.0";"";"azn";"";"";"";"";"ASB kart => Кошелёк"		
2023-04-16;"-7.8";"-20.0";"azn";"Ребенок";"7.8 подгузники";"Albali kart";"Резервы";""		
2023-04-16;"-30.0";"";"azn";"Автомобиль / Бензин";"30";"Albali kart";"ХаниМани";""		
2023-04-16;"-11.7";"";"azn";"Медицина / Лекарства";"11.7";"Albali kart";"ХаниМани";""		
2023-04-16;"-28.9";"-20.0";"azn";"Продукты";"28.9";"Albali kart";"Резервы";""		
2023-04-16;"-36.6";"-70.0";"azn";"Подарки";"36.6 в деревню";"Albali кредитная карта";"Резервы";""		
2023-04-16;"-5.0";"";"azn";"Автомобиль / Бензин";"5";"Кошелёк";"ХаниМани";""		
2023-04-15;"200.0";"";"azn";"";"";"";"";"ASB kart => Кошелёк"		
2023-04-14;"100.0";"";"azn";"";"";"";"";"ASB kart => Albali kart"		
2023-04-14;"-13.45";"-20.0";"azn";"Продукты";"13.45";"Albali kart";"Резервы";""		
2023-04-13;"-5.0";"";"azn";"Автомобиль / Запчасти";"5 antifriz";"ASB kart";"ХаниМани";""		
2023-04-13;"-45.0";"";"azn";"Медицина / Стоматология";"45 пломба штифт";"Albali kart";"ХаниМани";""		
2023-04-13;"-25.0";"";"azn";"Ребенок";"25 одежда";"Albali kart";"ХаниМани";""		
2023-04-12;"-44.0";"-20.0";"azn";"Продукты";"44";"Кошелёк";"Резервы";""		
2023-04-12;"-52.0";"";"azn";"Гигиена и красота";"45 7 салон шампунь";"Кошелёк";"ХаниМани";""		
2023-04-12;"100.0";"";"azn";"";"";"";"";"ASB kart => Albali kart"		
2023-04-12;"-31.0";"";"azn";"Медицина / Стоматология";"31 пломба";"Albali kart";"ХаниМани";""		
2023-04-12;"-3.0";"";"azn";"Автомобиль / Мойка";"3";"Кошелёк";"ХаниМани";""		
2023-04-12;"-1.0";"";"azn";"Ребенок";"1";"Кошелек Самира";"ХаниМани";""		
2023-04-12;"100.0";"";"azn";"";"";"";"";"ASB kart => Кошелёк"		
2023-04-12;"-30.0";"";"azn";"Автомобиль / Запчасти";"30";"Кошелёк";"ХаниМани";""		
2023-04-12;"-30.0";"";"azn";"Автомобиль / Ремонт";"30 баланс развал";"Кошелёк";"ХаниМани";""		
2023-04-12;"8.0";"";"azn";"";"";"";"";"Кошелёк => Кошелек Самира"		
2023-04-11;"-10.0";"-10.0";"azn";"Ком. услуги / Вода";"10";"Albali кредитная карта";"Резервы";""		
2023-04-10;"-26.6";"-20.0";"azn";"Ребенок";"26.6 подгузники";"Кошелёк";"Резервы";""		
2023-04-10;"-16.0";"-16.0";"azn";"Ком. услуги / Квартира";"16";"Кошелёк";"Резервы";""		
2023-04-10;"-12.0";"-12.0";"azn";"Платный софт";"12 Memento databse";"Albali кредитная карта";"Резервы";""		
2023-04-10;"-40.0";"";"azn";"Ком. услуги / Отопление";"40";"Кошелёк";"ХаниМани";""		
2023-04-10;"-1.0";"";"azn";"Дом";"1";"Кошелёк";"ХаниМани";""		
2023-04-09;"-33.45";"-70.0";"azn";"Подарки";"33.45 детям Алиды";"Albali кредитная карта";"Резервы";""		
2023-04-08;"-8.0";"-20.0";"azn";"Продукты";"0.9 7.1";"Albali kart";"Резервы";""		
2023-04-08;"-5.6";"-5.6";"azn";"Платный софт";"5.6 ticktick";"Albali кредитная карта";"Резервы";""		
2023-04-08;"327.0";"";"azn";"Пенсия Самира";"327";"ABB kart Samira";"ХаниМани";""		
2023-04-07;"-1.0";"-20.0";"azn";"Ребенок";"1";"Кошелек Самира";"Резервы";""		
2023-04-07;"-48.27";"-30.0";"azn";"Ком. услуги / Электроэнергия";"48.27";"Albali кредитная карта";"Резервы";""		
2023-04-07;"2000.0";"";"azn";"";"";"";"";"Резервы => ХаниМани"		
2023-04-07;"200.0";"";"azn";"";"";"";"";"ASB kart => Кошелёк"		
2023-04-07;"-30.0";"";"azn";"Продукты";"30";"Albali kart";"ХаниМани";""		
2023-04-07;"-5.53";"";"azn";"Гигиена и красота";"5.53";"Albali kart";"ХаниМани";""		
2023-04-07;"20.0";"";"azn";"Подарки";"20 Мурад ребенку";"Кошелек Самира";"ХаниМани";""		
2023-04-06;"-6.0";"-20.0";"azn";"Продукты";"6";"Кошелёк";"Резервы";""		
2023-04-05;"-192.0";"";"azn";"Медицина / Стоматология";"192 камни и плазма десен";"Albali кредитная карта";"ХаниМани";""		
2023-04-05;"160.0";"";"azn";"";"";"";"";"ABB kart Samira => Кошелёк"		
2023-04-05;"-4.1";"";"azn";"Медицина / Лекарства";"4.1";"Кошелёк";"ХаниМани";""		
2023-04-04;"-30.0";"-20.0";"azn";"Автомобиль / Бензин";"30";"Albali кредитная карта";"Резервы";""		
2023-04-03;"-3.0";"";"azn";"Интернет и связь";"3 Ilqar";"ASB kart";"ХаниМани";""		
2023-04-03;"9.0";"";"azn";"Проценты и бонусы";"9 bilmirem";"Albali кредитная карта";"ХаниМани";""		
2023-04-03;"500.0";"";"azn";"";"";"";"";"ASB kart => Albali кредитная карта"		
2023-04-03;"500.0";"";"azn";"";"";"";"";"ASB kart => Депозит-Подушка безопасности"		
2023-04-03;"-3.0";"";"azn";"Интернет и связь";"3 Ilqar";"Albali кредитная карта";"ХаниМани";""		
2023-04-03;"638.0";"";"azn";"";"";"";"";"ASB kart => Страхование жизни"		
2023-04-03;"-50.0";"-70.0";"azn";"Автомобиль / Ремонт";"50";"Кошелёк";"Резервы";""		
2023-04-03;"-116.0";"-100.0";"azn";"Автомобиль / Запчасти";"110 6";"Кошелёк";"Резервы";""		
2023-04-03;"2350.0";"1900.0";"azn";"Зарплата Ильгар";"2350";"ASB kart";"Резервы";""		
2023-04-02;"-5.0";"";"azn";"Продукты";"5";"Albali кредитная карта";"ХаниМани";""		
2023-04-02;"-10.45";"-20.0";"azn";"Продукты";"6.53 2.32 1.6";"Albali kart";"Резервы";""		
2023-04-02;"-5.0";"-15.0";"azn";"Гигиена и красота";"5 парикмахер";"Кошелёк";"Резервы";""		
2023-04-01;"20.67";"";"azn";"Проценты и бонусы";"20.67 edv";"Albali кредитная карта";"ХаниМани";""		
2023-04-01;"-3.0";"";"azn";"Интернет и связь";"3 Ilqar";"ASB kart";"ХаниМани";""		
2023-04-01;"10.0";"";"azn";"Проценты и бонусы";"10 depozit";"Депозит-Подушка безопасности";"ХаниМани";""		
2023-04-01;"-3.0";"";"azn";"Интернет и связь";"3 Samira";"ASB kart";"ХаниМани";""		
2023-04-01;"9.0";"";"azn";"";"";"";"";"Albali кредитная карта => Кошелёк"		
2023-04-01;"21.0";"";"azn";"";"";"";"";"Albali кредитная карта => Albali kart"		
2023-04-01;"173.0";"";"azn";"";"";"";"";"Albali кредитная карта => Копилка"		
2023-04-01;"1000.0";"";"azn";"";"";"";"";"Резервы => ХаниМани"		
2023-04-01;"-11.5";"-20.0";"azn";"Ребенок";"11.5";"Albali kart";"Резервы";""		
2023-04-01;"190.0";"";"azn";"";"";"";"";"Albali кредитная карта => Депозит-Подушка безопасности"		
2023-03-31;"-16.0";"";"azn";"Ком. услуги / Квартира";"16";"Кошелёк";"ХаниМани";""		
2023-03-31;"-40.0";"";"azn";"Ком. услуги / Отопление";"40";"Кошелёк";"ХаниМани";""		
2023-03-30;"10.0";"";"azn";"";"";"";"";"Albali кредитная карта => Albali kart"		
2023-03-30;"500.0";"";"azn";"";"";"";"";"ASB kart => Albali кредитная карта"		
2023-03-30;"500.0";"";"azn";"";"";"";"";"ABB kart Samira => Albali кредитная карта"		
2023-03-30;"-47.0";"";"azn";"Медицина / Лечение";"47 травмотолог и рентген";"Albali кредитная карта";"ХаниМани";""		
2023-03-30;"-15.0";"";"azn";"Интернет и связь";"15 ailenet";"Albali кредитная карта";"ХаниМани";""		
2023-03-30;"-2.0";"";"azn";"Продукты";"2";"Кошелёк";"ХаниМани";""		
2023-03-29;"-21.0";"-20.0";"azn";"Продукты";"21";"Albali кредитная карта";"Резервы";""		
2023-03-29;"-30.0";"-20.0";"azn";"Ребенок";"30 терапевт";"Albali кредитная карта";"Резервы";""		
2023-03-29;"-2.6";"";"azn";"Платный софт";"2.6 yandex music";"Albali кредитная карта";"ХаниМани";""		
2023-03-28;"-88.6";"";"azn";"Медицина / Лекарства";"88.6";"Albali кредитная карта";"ХаниМани";""		
2023-03-27;"-15.0";"-25.0";"azn";"Кафе	 ресторан";"15";"Кошелёк";"Резервы";""	
2023-03-27;"-11.0";"-20.0";"azn";"Продукты";"11";"Кошелёк";"Резервы";""		
2023-03-26;"-16.0";"-15.0";"azn";"Гигиена и красота";"16";"Albali кредитная карта";"Резервы";""		
2023-03-25;"-9.0";"";"azn";"Интернет и связь";"9 Ильгар";"Albali кредитная карта";"ХаниМани";""		
2023-03-25;"-4.0";"";"azn";"Продукты";"4";"Albali kart";"ХаниМани";""		
2023-03-25;"-10.5";"-20.0";"azn";"Продукты";"10.5";"Albali kart";"Резервы";""		
2023-03-24;"-165.0";"";"azn";"Медицина / Лечение";"165 анализы";"Albali кредитная карта";"ХаниМани";""		
2023-03-24;"-5.0";"";"azn";"Транспорт";"5";"Кошелёк";"ХаниМани";""		
2023-03-24;"-18.0";"";"azn";"Дом";"18 sac qirxan";"Albali kart";"ХаниМани";""		
2023-03-24;"-2.0";"";"azn";"Ребенок";"2";"Кошелёк";"ХаниМани";""		
2023-03-23;"-6.8";"-20.0";"azn";"Продукты";"6.8";"Кошелёк";"Резервы";""		
2023-03-23;"-2.0";"-20.0";"azn";"Ребенок";"2";"Кошелёк";"Резервы";""		
2023-03-22;"-11.67";"";"azn";"Гигиена и красота";"5.25 6.42";"Albali kart";"ХаниМани";""		
2023-03-22;"-2.0";"";"azn";"Продукты";"2";"Albali kart";"ХаниМани";""		
2023-03-21;"-20.0";"-20.0";"azn";"Автомобиль / Бензин";"20";"Albali кредитная карта";"Резервы";""		
2023-03-21;"-32.8";"";"azn";"Медицина / Лекарства";"32.8";"Albali кредитная карта";"ХаниМани";""		
2023-03-21;"-10.0";"-20.0";"azn";"Продукты";"10";"Кошелёк";"Резервы";""		
2023-03-21;"-23.5";"";"azn";"Ребенок";"23.5 подгузники";"Albali кредитная карта";"ХаниМани";""		
2023-03-21;"-4.3";"";"azn";"Платный софт";"4.3 yandex music";"Albali кредитная карта";"ХаниМани";""		
2023-03-20;"-29.7";"-20.0";"azn";"Ребенок";"29.7";"Albali kart";"Резервы";""		
2023-03-20;"-16.2";"-30.0";"azn";"Медицина / Лекарства";"16.2";"Albali kart";"Резервы";""		
2023-03-20;"-10.0";"";"azn";"Автомобиль / Мойка";"10";"Кошелёк";"ХаниМани";""		
2023-03-20;"-10.0";"";"azn";"Продукты";"10";"Кошелёк";"ХаниМани";""		
2023-03-19;"-4.6";"-20.0";"azn";"Продукты";"4.6";"Albali kart";"Резервы";""		
2023-03-19;"-2.5";"";"azn";"Продукты";"2.5";"Кошелёк";"ХаниМани";""		
2023-03-17;"-48.7";"-20.0";"azn";"Продукты";"48.7";"Albali кредитная карта";"Резервы";""		
2023-03-17;"-3.0";"";"azn";"Продукты";"3";"Кошелёк";"ХаниМани";""		
2023-03-15;"-12.2";"-20.0";"azn";"Продукты";"8.2 1 3";"Albali kart";"Резервы";""		
2023-03-15;"-15.0";"";"azn";"Ребенок";"15 прививка";"Кошелёк";"ХаниМани";""		
2023-03-14;"50.0";"";"azn";"";"";"";"";"ASB kart => Кошелёк"		
2023-03-13;"-3.2";"-20.0";"azn";"Продукты";"3.2";"Кошелек Самира";"Резервы";""		
2023-03-12;"-83.0";"-70.0";"azn";"Подарки";"25 Насреддин день рождения 23 детям 35 цветы Нуране";"Кошелёк";"Резервы";""		
2023-03-12;"-16.5";"-15.0";"azn";"Гигиена и красота";"16.5";"Albali kart";"Резервы";""		
2023-03-12;"80.0";"";"azn";"";"";"";"";"Кошелек Самира => Кошелёк"		
2023-03-12;"-1.0";"";"azn";"Дом";"1";"Кошелёк";"ХаниМани";""		
2023-03-11;"-44.4";"-20.0";"azn";"Продукты";"44.4";"Albali кредитная карта";"Резервы";""		
2023-03-11;"-82.4";"-20.0";"azn";"Ребенок";"82.4 одежда и игрушки";"Albali кредитная карта";"Резервы";""		
2023-03-11;"-12.0";"-10.0";"azn";"Ком. услуги / Вода";"12";"Albali кредитная карта";"Резервы";""		
2023-03-10;"-6.0";"";"azn";"Ребенок";"6 шапка";"Кошелёк";"ХаниМани";""		
2023-03-10;"150.0";"";"azn";"";"";"";"";"Кошелёк => Кошелек Самира"		
2023-03-10;"-4.0";"";"azn";"Дом";"4 розетка";"Albali kart";"ХаниМани";""		
2023-03-10;"-1.0";"";"azn";"Продукты";"1";"Кошелёк";"ХаниМани";""		
2023-03-10;"-12.0";"-12.0";"azn";"Платный софт";"12 Memento databse";"Albali кредитная карта";"Резервы";""		
2023-03-09;"195.0";"";"azn";"";"";"";"";"ASB kart => Кошелёк"		
2023-03-09;"-20.0";"-20.0";"azn";"Продукты";"20";"Кошелёк";"Резервы";""		
2023-03-08;"150.0";"";"azn";"";"";"";"";"Кошелек Самира => Кошелёк"		
2023-03-08;"-160.0";"";"azn";"Подарки";"160 часы маме";"Albali кредитная карта";"ХаниМани";""		
2023-03-08;"-23.4";"";"azn";"Ребенок";"23.4";"Albali кредитная карта";"ХаниМани";""		
2023-03-08;"-32.2";"";"azn";"Медицина / Лекарства";"32.2";"Albali кредитная карта";"ХаниМани";""		
2023-03-08;"-9.43";"-20.0";"azn";"Ребенок";"9.43";"Albali kart";"Резервы";""		
2023-03-08;"-3.3";"";"azn";"Продукты";"3.3";"Кошелёк";"ХаниМани";""		
2023-03-08;"-100.0";"";"azn";"Подарки";"100 маме Самиры";"Кошелёк";"ХаниМани";""		
2023-03-08;"-5.6";"-5.6";"azn";"Платный софт";"5.6 ticktick";"Albali кредитная карта";"Резервы";""		
2023-03-07;"-43.0";"-20.0";"azn";"Продукты";"43";"Albali kart";"Резервы";""		
2023-03-07;"-30.0";"-20.0";"azn";"Автомобиль / Бензин";"30";"Albali kart";"Резервы";""		
2023-03-07;"-88.31";"-30.0";"azn";"Ком. услуги / Электроэнергия";"88.31";"ASB kart";"Резервы";""		
2023-03-07;"327.0";"";"azn";"Пенсия Самира";"327";"ABB kart Samira";"ХаниМани";""		
2023-03-07;"50.0";"";"azn";"Подарки";"50 ребенку Мелахет";"Кошелек Самира";"ХаниМани";""		
2023-03-06;"-4.6";"";"azn";"Продукты";"4.6";"Кошелёк";"ХаниМани";""		
2023-03-06;"-6.55";"";"azn";"Медицина / Лекарства";"1.3 5.25";"ABB kart Samira";"ХаниМани";""		
2023-03-06;"-20.0";"";"azn";"Медицина / Лечение";"20 Скорая помощь";"Кошелёк";"ХаниМани";""		
2023-03-05;"-68.0";"-20.0";"azn";"Продукты";"68";"Кошелёк";"Резервы";""		
2023-03-05;"-20.0";"-70.0";"azn";"Подарки";"20 яс Мурад";"Кошелёк";"Резервы";""		
2023-03-04;"-0.7";"";"azn";"Продукты";"0.7";"Кошелёк";"ХаниМани";""		
2023-03-04;"-15.1";"";"azn";"Продукты";"15.1";"Albali kart";"ХаниМани";""		
2023-03-04;"-15.5";"";"azn";"Дом";"15.5 для растений";"Кошелёк";"ХаниМани";""		
2023-03-03;"228.0";"";"azn";"";"";"";"";"ASB kart => Депозит-Подушка безопасности"		
2023-03-03;"-20.0";"";"azn";"Транспорт";"20";"Кошелёк";"ХаниМани";""		
2023-03-03;"-4.0";"";"azn";"Продукты";"4";"Кошелёк";"ХаниМани";""		
2023-03-03;"185.0";"";"azn";"";"";"";"";"ASB kart => Кошелёк"		
2023-03-03;"-10.0";"-20.0";"azn";"Продукты";"10";"Кошелёк";"Резервы";""		
2023-03-02;"113.0";"";"azn";"";"";"";"";"ASB kart => Albali кредитная карта"		
2023-03-02;"200.0";"";"azn";"";"";"";"";"ASB kart => Копилка"		
2023-03-02;"638.0";"";"azn";"";"";"";"";"ASB kart => Страхование жизни"		
2023-03-02;"1500.0";"";"azn";"";"";"";"";"Резервы => ХаниМани"		
2023-03-02;"200.0";"";"azn";"";"";"";"";"ASB kart => Albali kart"		
2023-03-02;"-3.6";"";"azn";"Медицина / Лекарства";"3.6";"Albali kart";"ХаниМани";""		
2023-03-02;"-2.0";"";"azn";"Продукты";"2";"Albali kart";"ХаниМани";""		
2023-03-01;"-58.1";"";"azn";"Продукты";"58.1";"Albali kart";"ХаниМани";""		
2023-03-01;"-35.45";"";"azn";"Гигиена и красота";"35.45";"Albali kart";"ХаниМани";""		
2023-03-01;"-30.0";"";"azn";"Автомобиль / Бензин";"30";"Albali kart";"ХаниМани";""		
2023-03-01;"-4.5";"";"azn";"Продукты";"4.5";"Кошелёк";"ХаниМани";""		
2023-03-01;"10.0";"";"azn";"Проценты и бонусы";"10 бко";"Albali кредитная карта";"ХаниМани";""		
2023-03-01;"6.48";"";"azn";"Проценты и бонусы";"6.48 кешбек";"Albali кредитная карта";"ХаниМани";""		
2023-03-01;"-41.25";"-20.0";"azn";"Продукты";"41.25";"Albali кредитная карта";"Резервы";""		
2023-03-01;"2467.0";"1900.0";"azn";"Зарплата Ильгар";"2467";"ASB kart";"Резервы";""		
2023-03-01;"11.3";"";"azn";"Проценты и бонусы";"11.30 edv";"Albali кредитная карта";"ХаниМани";""		
2023-02-28;"-15.0";"";"azn";"Гигиена и красота";"15";"Albali kart";"ХаниМани";""		
2023-02-28;"55.0";"";"azn";"";"";"";"";"ASB kart => Кошелёк"		
2023-02-28;"-2.6";"";"azn";"Продукты";"2.6";"Albali kart";"ХаниМани";""		
2023-02-28;"-15.0";"";"azn";"Интернет и связь";"15 aile tv";"Albali kart";"ХаниМани";""		
2023-02-27;"-3.5";"";"azn";"Продукты";"3.5";"Кошелёк";"ХаниМани";""		
2023-02-27;"-3.3";"";"azn";"Гигиена и красота";"3.3";"Albali kart";"ХаниМани";""		
2023-02-27;"-6.5";"";"azn";"Продукты";"6.5";"Albali kart";"ХаниМани";""		
2023-02-27;"-5.0";"";"azn";"Ребенок";"5";"Кошелёк";"ХаниМани";""		
2023-02-27;"-120.0";"";"azn";"Медицина / Лечение";"120 Физиотерапия";"ASB kart";"ХаниМани";""		
2023-02-26;"-9.0";"";"azn";"Интернет и связь";"9 Ильгар";"Albali kart";"ХаниМани";""		
2023-02-26;"-3.0";"";"azn";"Продукты";"3";"Кошелёк";"ХаниМани";""		
2023-02-26;"-17.0";"";"azn";"Продукты";"17";"Albali kart";"ХаниМани";""		
2023-02-25;"-20.0";"";"azn";"Медицина / Лечение";"20";"ASB kart";"ХаниМани";""		
2023-02-25;"-1.0";"-20.0";"azn";"Продукты";"1";"Кошелёк";"Резервы";""		
2023-02-24;"300.0";"";"azn";"";"";"";"";"ASB kart => Albali kart"		
2023-02-24;"-4.0";"";"azn";"Медицина / Лекарства";"4";"Кошелёк";"ХаниМани";""		
2023-02-24;"-4.4";"";"azn";"Продукты";"4.4";"ASB kart";"ХаниМани";""		
2023-02-24;"-20.0";"";"azn";"Медицина / Лечение";"20";"Albali кредитная карта";"ХаниМани";""		
2023-02-23;"-67.3";"";"azn";"Медицина / Лекарства";"67.3";"Albali кредитная карта";"ХаниМани";""		
2023-02-23;"-17.4";"-20.0";"azn";"Продукты";"17.4";"Albali кредитная карта";"Резервы";""		
2023-02-23;"-36.0";"";"azn";"Продукты";"36";"Кошелёк";"ХаниМани";""		
2023-02-21;"-4.3";"";"azn";"Платный софт";"4.3 yandex.plus";"Albali кредитная карта";"ХаниМани";""		
2023-02-21;"-4.5";"-20.0";"azn";"Продукты";"4.5";"Albali кредитная карта";"Резервы";""		
2023-02-21;"-20.0";"-20.0";"azn";"Автомобиль / Бензин";"20";"Albali кредитная карта";"Резервы";""		
2023-02-21;"-8.3";"";"azn";"Продукты";"8.3";"Кошелёк";"ХаниМани";""		
2023-02-20;"-10.0";"";"azn";"Автомобиль / Бензин";"10";"Кошелёк";"ХаниМани";""		
2023-02-20;"-14.4";"-30.0";"azn";"Медицина / Лекарства";"14.4";"Albali кредитная карта";"Резервы";""		
2023-02-20;"-46.0";"-30.0";"azn";"Медицина / Лечение";"46 анализы";"Albali кредитная карта";"Резервы";""		
2023-02-19;"-3.0";"";"azn";"Интернет и связь";"3 Samira";"Albali кредитная карта";"ХаниМани";""		
2023-02-19;"-1.0";"-15.0";"azn";"Гигиена и красота";"1";"ASB kart";"Резервы";""		
2023-02-17;"-86.2";"";"azn";"Ком. услуги / Электроэнергия";"86.2";"Albali кредитная карта";"ХаниМани";""		
2023-02-17;"-1.76";"-20.0";"azn";"Продукты";"1.76";"ASB kart";"Резервы";""		
2023-02-17;"-28.0";"-35.0";"azn";"Одежда и обувь";"28";"ASB kart";"Резервы";""		
2023-02-16;"-30.3";"";"azn";"Медицина / Лекарства";"30.3";"Albali кредитная карта";"ХаниМани";""		
2023-02-16;"-7.0";"";"azn";"Автомобиль / Мойка";"7";"Кошелёк";"ХаниМани";""		
2023-02-16;"-30.0";"";"azn";"Продукты";"30";"Кошелёк";"ХаниМани";""		
2023-02-16;"-4.0";"";"azn";"Одежда и обувь";"4";"Albali кредитная карта";"ХаниМани";""		
2023-02-16;"-8.0";"";"azn";"Гигиена и красота";"8";"Albali кредитная карта";"ХаниМани";""		
2023-02-16;"-20.0";"";"azn";"Медицина / Лечение";"20";"Albali кредитная карта";"ХаниМани";""		
2023-02-16;"-24.1";"";"azn";"Ребенок";"24.1";"Albali кредитная карта";"ХаниМани";""		
2023-02-16;"-48.6";"";"azn";"Продукты";"48.6";"Albali кредитная карта";"ХаниМани";""		
2023-02-16;"8.0";"";"azn";"Проценты и бонусы";"8";"Депозит-Подушка безопасности";"ХаниМани";""		
2023-02-16;"90.0";"";"azn";"";"";"";"";"ASB kart => Кошелёк"		
2023-02-15;"-4.1";"-20.0";"azn";"Продукты";"2.05 2.05";"ASB kart";"Резервы";""		
2023-02-14;"-20.0";"-20.0";"azn";"Автомобиль / Бензин";"20";"Кошелёк";"Резервы";""		
2023-02-14;"15.0";"";"azn";"";"";"";"";"ASB kart => Кошелёк"		
2023-02-13;"-6.0";"-20.0";"azn";"Продукты";"6";"ASB kart";"Резервы";""		
2023-02-13;"50.0";"";"azn";"";"";"";"";"ASB kart => Кошелёк"		
2023-02-13;"-16.0";"";"azn";"Ком. услуги / Квартира";"16";"Кошелёк";"ХаниМани";""		
2023-02-13;"-3.0";"";"azn";"Интернет и связь";"3 Ильгар";"Albali кредитная карта";"ХаниМани";""		
2023-02-13;"-2.0";"";"azn";"Продукты";"2";"Кошелёк";"ХаниМани";""		
2023-02-13;"-40.0";"";"azn";"Ком. услуги / Отопление";"40";"Кошелёк";"ХаниМани";""		
2023-02-13;"-5.0";"";"azn";"Гигиена и красота";"5 парикмахер";"Кошелёк";"ХаниМани";""		
2023-02-11;"-3.6";"";"azn";"Продукты";"3 0.6";"Кошелёк";"ХаниМани";""		
2023-02-11;"-26.0";"";"azn";"Платный софт";"26 honey money";"Albali кредитная карта";"ХаниМани";""		
2023-02-11;"-5.0";"-20.0";"azn";"Продукты";"5";"Albali кредитная карта";"Резервы";""		
2023-02-11;"-6.0";"-10.0";"azn";"Ком. услуги / Вода";"6";"Albali кредитная карта";"Резервы";""		
2023-02-10;"-12.0";"-12.0";"azn";"Платный софт";"12 Memento databse";"Albali кредитная карта";"Резервы";""		
2023-02-10;"369.0";"269.0";"azn";"Пенсия Самира";"369";"ABB kart Samira";"Резервы";""		
2023-02-09;"-30.0";"";"azn";"Гигиена и красота";"30 салон";"Кошелёк";"ХаниМани";""		
2023-02-09;"-5.4";"-20.0";"azn";"Ребенок";"5.4";"Albali кредитная карта";"Резервы";""		
2023-02-08;"-5.6";"-5.6";"azn";"Платный софт";"5.6 ticktick";"Albali кредитная карта";"Резервы";""		
2023-02-08;"-4.0";"";"azn";"Одежда и обувь";"4";"Albali кредитная карта";"ХаниМани";""		
2023-02-08;"-45.6";"";"azn";"Медицина / Лекарства";"45.6";"Albali кредитная карта";"ХаниМани";""		
2023-02-08;"-12.0";"";"azn";"Медицина / Лечение";"12";"Кошелёк";"ХаниМани";""		
2023-02-07;"-51.8";"-20.0";"azn";"Продукты";"3.3 48.5";"Albali кредитная карта";"Резервы";""		
2023-02-07;"-30.0";"-20.0";"azn";"Автомобиль / Бензин";"30";"Кошелёк";"Резервы";""		
2023-02-07;"-3.2";"";"azn";"Медицина / Лекарства";"3.2";"Albali кредитная карта";"ХаниМани";""		
2023-02-06;"-140.0";"";"azn";"Медицина / Стоматология";"140 плазма десен Ильгар";"Albali кредитная карта";"ХаниМани";""		
2023-02-06;"-3.8";"";"azn";"Медицина / Лекарства";"3.8";"Albali кредитная карта";"ХаниМани";""		
2023-02-06;"-2.7";"";"azn";"Гигиена и красота";"2.7";"Albali кредитная карта";"ХаниМани";""		
2023-02-06;"-4.8";"-20.0";"azn";"Ребенок";"4.8";"Albali кредитная карта";"Резервы";""		
2023-02-05;"-15.4";"-20.0";"azn";"Продукты";"15.40";"Albali кредитная карта";"Резервы";""		
2023-02-05;"-50.0";"-70.0";"azn";"Подарки";"50 Elxan ad gunu";"Albali кредитная карта";"Резервы";""		
2023-02-05;"-3.0";"-15.0";"azn";"Гигиена и красота";"3";"Кошелёк";"Резервы";""		
2023-02-04;"-54.0";"";"azn";"Продукты";"54";"Albali кредитная карта";"ХаниМани";""		
2023-02-04;"-13.600000000000001";"";"azn";"Гигиена и красота";"10.4 3.2";"Albali кредитная карта";"ХаниМани";""		
2023-02-03;"-48.0";"";"azn";"Медицина / Стоматология";"48 Dis daslari";"Albali кредитная карта";"ХаниМани";""		
2023-02-03;"-22.4";"-20.0";"azn";"Продукты";"2.3 2.3 2.8 15";"Кошелёк";"Резервы";""		
2023-02-03;"-24.0";"-20.0";"azn";"Ребенок";"24";"Albali кредитная карта";"Резервы";""		
2023-02-03;"300.0";"";"azn";"";"";"";"";"ASB kart => Кошелёк"		
2023-02-03;"200.0";"";"azn";"";"";"";"";"Кошелёк => Кошелек Самира"		
2023-02-01;"638.0";"";"azn";"";"";"";"";"ASB kart => Страхование жизни"		
2023-02-01;"200.0";"";"azn";"";"";"";"";"ASB kart => Депозит-Подушка безопасности"		
2023-02-01;"3000.0";"";"azn";"";"";"";"";"ASB kart => Albali кредитная карта"		
2023-02-01;"77.0";"";"azn";"";"";"";"";"ASB kart => Копилка"		
2023-02-01;"5.0";"";"azn";"Проценты и бонусы";"5 Эльхан вернул долг";"Albali кредитная карта";"ХаниМани";""		
2023-02-01;"-2.2";"-20.0";"azn";"Продукты";"2.2";"Кошелёк";"Резервы";""		
2023-02-01;"2204.0";"1900.0";"azn";"Зарплата Ильгар";"2204";"ASB kart";"Резервы";""		
2023-01-31;"-17.0";"";"azn";"Ком. услуги / Вода";"17";"ASB kart";"ХаниМани";""		
2023-01-31;"-3.0";"";"azn";"Интернет и связь";"3 Ильгар";"ASB kart";"ХаниМани";""		
2023-01-31;"-1.0";"";"azn";"Продукты";"1";"Кошелёк";"ХаниМани";""		
2023-01-30;"2728.0";"";"azn";"Зарплата Ильгар";"2728 on ucuncu maas";"ASB kart";"ХаниМани";""		
2023-01-30;"-15.0";"";"azn";"Интернет и связь";"15 ailetv";"Albali кредитная карта";"ХаниМани";""		
2023-01-30;"-2.0";"-20.0";"azn";"Продукты";"2";"ABB kart Samira";"Резервы";""		
2023-01-29;"30.0";"";"azn";"";"";"";"";"Кошелек Самира => Кошелёк"		
2023-01-29;"-5.5";"";"azn";"Медицина / Лекарства";"5.5";"ABB kart Samira";"ХаниМани";""		
2023-01-29;"11.27";"";"azn";"Проценты и бонусы";"11.27 edv";"Albali кредитная карта";"ХаниМани";""		
2023-01-28;"15.0";"";"azn";"Проценты и бонусы";"15 edv";"Albali кредитная карта";"ХаниМани";""		
2023-01-28;"-4.4";"-20.0";"azn";"Продукты";"4.4";"ABB kart Samira";"Резервы";""		
2023-01-28;"-8.0";"";"azn";"Интернет и связь";"8 ilqar";"Albali кредитная карта";"ХаниМани";""		
2023-01-27;"-10.0";"-25.0";"azn";"Кафе	 ресторан";"10";"Кошелёк";"Резервы";""	
2023-01-26;"-32.0";"-20.0";"azn";"Продукты";"32";"Кошелёк";"Резервы";""		
2023-01-25;"-6.0";"";"azn";"Продукты";"6";"Кошелёк";"ХаниМани";""		
2023-01-25;"-6.0";"-20.0";"azn";"Ребенок";"6";"Кошелёк";"Резервы";""		
2023-01-24;"-35.0";"";"azn";"Ком. услуги / Отопление";"35";"Кошелек Самира";"ХаниМани";""		
2023-01-24;"-2.1";"";"azn";"Гигиена и красота";"2.1";"Кошелёк";"ХаниМани";""		
2023-01-24;"49.0";"";"azn";"";"";"";"";"Кошелек Самира => Кошелёк"		
2023-01-24;"-26.0";"-20.0";"azn";"Продукты";"26";"Кошелёк";"Резервы";""		
2023-01-23;"1.0";"";"azn";"";"";"";"";"ASB kart => Albali кредитная карта"		
2023-01-23;"-66.0";"";"azn";"Ком. услуги / Электроэнергия";"66";"Albali кредитная карта";"ХаниМани";""		
2023-01-22;"-10.4";"-20.0";"azn";"Продукты";"10.4";"ABB kart Samira";"Резервы";""		
2023-01-22;"-5.0";"-70.0";"azn";"Подарки";"5";"ASB kart";"Резервы";""		
2023-01-22;"-5.0";"";"azn";"Подарки";"5";"ABB kart Samira";"ХаниМани";""		
2023-01-20;"40.0";"";"azn";"";"";"";"";"ASB kart => Кошелёк"		
2023-01-20;"-3.55";"-20.0";"azn";"Продукты";"3 0.55";"Кошелёк";"Резервы";""		
2023-01-20;"-4.0";"-30.0";"azn";"Медицина / Лекарства";"4";"Кошелёк";"Резервы";""		
2023-01-18;"-1.0";"-20.0";"azn";"Продукты";"1";"Кошелёк";"Резервы";""		
2023-01-18;"-37.3";"";"azn";"Медицина / Лекарства";"37.3";"ABB kart Samira";"ХаниМани";""		
2023-01-17;"-21.0";"";"azn";"Продукты";"21";"Кошелёк";"ХаниМани";""		
2023-01-17;"-1.6";"-35.0";"azn";"Одежда и обувь";"1.6";"Кошелёк";"Резервы";""		
2023-01-17;"50.0";"";"azn";"";"";"";"";"Albali kart => Копилка"		
2023-01-17;"-13.2";"";"azn";"Медицина / Лекарства";"13.2";"ABB kart Samira";"ХаниМани";""		
2023-01-17;"-20.0";"";"azn";"Гигиена и красота";"20";"ABB kart Samira";"ХаниМани";""		
2023-01-17;"-48.0";"";"azn";"Дом";"48 фильтры";"ABB kart Samira";"ХаниМани";""		
2023-01-17;"-20.0";"-20.0";"azn";"Автомобиль / Бензин";"20";"ABB kart Samira";"Резервы";""		
2023-01-16;"-0.6";"";"azn";"Продукты";"0.6";"Кошелёк";"ХаниМани";""		
2023-01-16;"-23.5";"-20.0";"azn";"Ребенок";"23.5";"ABB kart Samira";"Резервы";""		
2023-01-16;"-101.5";"-20.0";"azn";"Продукты";"101.5";"ABB kart Samira";"Резервы";""		
2023-01-14;"-4.0";"";"azn";"Развлечения и хобби";"4";"Кошелёк";"ХаниМани";""		
2023-01-14;"980.0";"";"azn";"";"";"";"";"Резервы => ХаниМани"		
2023-01-14;"7.0";"";"azn";"Проценты и бонусы";"7";"Депозит-Подушка безопасности";"ХаниМани";""		
2023-01-14;"-4.0";"-4.0";"azn";"Платный софт";"4 Google One";"Albali кредитная карта";"Резервы";""		
2023-01-13;"-3.0";"";"azn";"Интернет и связь";"3";"Albali кредитная карта";"ХаниМани";""		
2023-01-13;"-8.0";"-20.0";"azn";"Ребенок";"8";"ASB kart";"Резервы";""		
2023-01-12;"639.0";"";"azn";"Зарплата Ильгар";"639";"Страхование жизни";"ХаниМани";""		
2023-01-12;"-3.0";"";"azn";"Интернет и связь";"3";"Albali кредитная карта";"ХаниМани";""		
2023-01-10;"-10.0";"-20.0";"azn";"Автомобиль / Бензин";"10";"Кошелёк";"Резервы";""		
2023-01-10;"-51.3";"";"azn";"Медицина / Лекарства";"51.3";"Albali кредитная карта";"ХаниМани";""		
2023-01-10;"-5.0";"";"azn";"Гигиена и красота";"5";"ASB kart";"ХаниМани";""		
2023-01-10;"-5.0";"-20.0";"azn";"Продукты";"5";"ASB kart";"Резервы";""		
2023-01-10;"-10.6";"-20.0";"azn";"Ребенок";"10.6";"Albali кредитная карта";"Резервы";""		
2023-01-10;"-16.0";"-16.0";"azn";"Ком. услуги / Квартира";"16";"Кошелек Самира";"Резервы";""		
2023-01-10;"-12.0";"-12.0";"azn";"Платный софт";"12 Memento databse";"Albali кредитная карта";"Резервы";""		
2023-01-10;"284.0";"269.0";"azn";"Пенсия Самира";"284";"ABB kart Samira";"Резервы";""		
2023-01-09;"50.0";"";"azn";"";"";"";"";"ASB kart => Кошелёк"		
2023-01-08;"-0.6";"";"azn";"Продукты";"0.6";"Кошелёк";"ХаниМани";""		
2023-01-08;"-3.0";"";"azn";"Развлечения и хобби";"3";"Кошелёк";"ХаниМани";""		
2023-01-08;"-5.6";"-5.6";"azn";"Платный софт";"5.6 ticktick";"Albali кредитная карта";"Резервы";""		
2023-01-08;"-37.0";"-20.0";"azn";"Продукты";"37";"ASB kart";"Резервы";""		
2023-01-08;"-43.0";"-70.0";"azn";"Подарки";"43";"Кошелёк";"Резервы";""		
2023-01-08;"-3.0";"-15.0";"azn";"Гигиена и красота";"3";"ASB kart";"Резервы";""		
2023-01-07;"-13.0";"-20.0";"azn";"Ребенок";"13";"ASB kart";"Резервы";""		
2023-01-06;"-2.6";"-20.0";"azn";"Продукты";"2.6";"Кошелёк";"Резервы";""		
2023-01-06;"245.0";"";"azn";"";"";"";"";"ASB kart => Albali кредитная карта"		
2023-01-05;"300.0";"";"azn";"Зарплата Ильгар";"300";"ASB kart";"ХаниМани";""		
2023-01-04;"-4.0";"";"azn";"Дом";"4";"Кошелёк";"ХаниМани";""		
2023-01-04;"-10.0";"";"azn";"Подарки";"10";"Кошелек Самира";"ХаниМани";""		
2023-01-04;"-23.0";"-20.0";"azn";"Продукты";"23";"ASB kart";"Резервы";""		
2023-01-04;"-12.3";"-20.0";"azn";"Ребенок";"12.3";"ASB kart";"Резервы";""		
2023-01-04;"-10.0";"";"azn";"Подарки";"10";"Кошелёк";"ХаниМани";""		
2023-01-03;"-20.0";"-20.0";"azn";"Автомобиль / Бензин";"20";"Кошелёк";"Резервы";""		
2023-01-03;"-20.0";"";"azn";"Подарки";"20 ребенку";"Кошелек Самира";"ХаниМани";""		
2023-01-03;"95.0";"";"azn";"";"";"";"";"ASB kart => Кошелёк"		
2023-01-03;"-70.0";"";"azn";"Продукты";"70 два торта";"Кошелек Самира";"ХаниМани";""		
2023-01-02;"-24.6";"-20.0";"azn";"Продукты";"3 21.6";"ASB kart";"Резервы";""		
2023-01-01;"-34.0";"";"azn";"Продукты";"11 23";"ASB kart";"ХаниМани";""		
2023-01-01;"-30.0";"-20.0";"azn";"Ребенок";"30";"ABB kart Samira";"Резервы";""		
2023-01-01;"-14.0";"-70.0";"azn";"Подарки";"14";"Кошелёк";"Резервы";""		
2023-01-01;"1157.0";"1900.0";"azn";"Зарплата Ильгар";"1125 32";"ASB kart";"Резервы";""		
2023-01-01;"9.39";"";"azn";"Проценты и бонусы";"9.39 edv";"Albali kart";"ХаниМани";""		
2023-01-01;"50.0";"";"azn";"";"";"";"";"ASB kart => Депозит-Подушка безопасности"		
2023-01-01;"479.0";"";"azn";"Зарплата Ильгар";"479";"Страхование жизни";"ХаниМани";""		
2023-01-01;"-20.0";"";"azn";"Автомобиль / Бензин";"20";"ABB kart Samira";"ХаниМани";""		
2023-01-01;"-3.0";"";"azn";"Автомобиль / Мойка";"3";"Кошелёк";"ХаниМани";""		
2023-01-01;"-10.0";"";"azn";"Автомобиль";"10 штраф";"Кошелёк";"ХаниМани";""		
2023-01-01;"6.0";"";"azn";"Проценты и бонусы";"6";"Депозит-Подушка безопасности";"ХаниМани";""		
2022-12-31;"100.0";"";"azn";"";"";"";"";"ASB kart => Кошелёк"		
2022-12-31;"14.0";"";"azn";"";"";"";"";"ASB kart => Кошелёк"		
2022-12-31;"-50.0";"";"azn";"Подарки";"50";"Кошелёк";"ХаниМани";""		
2022-12-31;"-19.0";"";"azn";"Подарки";"19";"ASB kart";"ХаниМани";""		
2022-12-31;"-30.0";"";"azn";"Продукты";"30";"Кошелёк";"ХаниМани";""		
2022-12-31;"-75.5";"-20.0";"azn";"Продукты";"75.5";"ASB kart";"Резервы";""		
2022-12-30;"-30.0";"";"azn";"Гигиена и красота";"30";"ASB kart";"ХаниМани";""		
2022-12-30;"-24.0";"";"azn";"Платный софт";"24 PLC-Lab";"ASB kart";"ХаниМани";""		
2022-12-30;"114.0";"";"azn";"";"";"";"";"ASB kart => Albali кредитная карта"		
2022-12-30;"-380.0";"";"azn";"Медицина / Лечение";"380 коронка на имплант";"ASB kart";"ХаниМани";""		
2022-12-30;"10.0";"";"azn";"Подарки";"10 Sadix Rufete";"Кошелек Самира";"ХаниМани";""		
2022-12-30;"-15.0";"";"azn";"Интернет и связь";"15";"ASB kart";"ХаниМани";""		
2022-12-29;"-1.5";"";"azn";"Медицина / Лекарства";"1.5";"Albali кредитная карта";"ХаниМани";""		
2022-12-29;"-13.0";"-20.0";"azn";"Ребенок";"13";"Albali кредитная карта";"Резервы";""		
2022-12-29;"-1.0";"-20.0";"azn";"Продукты";"1";"Кошелёк";"Резервы";""		
2022-12-28;"-9.0";"";"azn";"Интернет и связь";"9";"Albali кредитная карта";"ХаниМани";""		
2022-12-27;"-20.0";"-20.0";"azn";"Продукты";"20";"Кошелёк";"Резервы";""		
2022-12-26;"-31.2";"-20.0";"azn";"Ребенок";"31.2";"ASB kart";"Резервы";""		
2022-12-25;"-3.0";"";"azn";"Дом";"3";"Albali кредитная карта";"ХаниМани";""		
2022-12-25;"-3.0";"-20.0";"azn";"Продукты";"3";"Кошелёк";"Резервы";""		
2022-12-25;"-3.4";"-15.0";"azn";"Гигиена и красота";"3.4";"Albali кредитная карта";"Резервы";""		
2022-12-25;"-38.0";"";"azn";"Продукты";"38";"Albali кредитная карта";"ХаниМани";""		
2022-12-24;"-16.0";"";"azn";"Транспорт";"16";"Кошелёк";"ХаниМани";""		
2022-12-23;"-31.169999999999998";"-20.0";"azn";"Продукты";"0	86 0	86 1.6 8 0.56 0.7 5.63 3.59 1.15 6.66 1 0.56";"Albali кредитная карта";"Резервы";""
2022-12-23;"-15.52";"-20.0";"azn";"Ребенок";"10.4 5.12";"Albali кредитная карта";"Резервы";""		
2022-12-21;"-0.7";"-20.0";"azn";"Продукты";"0.7";"Кошелёк";"Резервы";""		
2022-12-20;"-10.0";"-20.0";"azn";"Ребенок";"10";"ABB kart Samira";"Резервы";""		
2022-12-20;"-20.0";"-20.0";"azn";"Автомобиль / Бензин";"20";"Кошелёк";"Резервы";""		
2022-12-20;"-12.0";"-30.0";"azn";"Медицина / Лекарства";"12";"Кошелёк";"Резервы";""		
2022-12-19;"-2.5";"-20.0";"azn";"Продукты";"2.5";"ABB kart Samira";"Резервы";""		
2022-12-18;"-7.0";"";"azn";"Дом";"7";"Кошелёк";"ХаниМани";""		
2022-12-18;"-15.3";"";"azn";"Медицина / Лекарства";"15.3";"ABB kart Samira";"ХаниМани";""		
2022-12-18;"-12.0";"";"azn";"Продукты";"12";"Кошелёк";"ХаниМани";""		
2022-12-18;"-6.7";"-15.0";"azn";"Гигиена и красота";"6.7";"Albali кредитная карта";"Резервы";""		
2022-12-18;"96.0";"";"azn";"";"";"";"";"ABB kart Samira => Кошелёк"		
2022-12-18;"-42.0";"";"azn";"Продукты";"42";"Кошелёк";"ХаниМани";""		
2022-12-17;"-4.0";"-20.0";"azn";"Продукты";"4";"ABB kart Samira";"Резервы";""		
2022-12-17;"-14.2";"-20.0";"azn";"Ребенок";"14	2";"ABB kart Samira";"Резервы";""	
2022-12-17;"-2.6";"";"azn";"Дом";"2	6";"ABB kart Samira";"ХаниМани";""	
2022-12-17;"86.31";"";"azn";"";"";"";"";"ABB kart Samira => Albali кредитная карта"		
2022-12-16;"40.0";"";"azn";"";"";"";"";"ASB kart => Кошелёк"		
2022-12-16;"-25.0";"";"azn";"Транспорт";"8 8 9";"Кошелёк";"ХаниМани";""		
2022-12-16;"10.0";"";"azn";"Подарки";"10 ребенку";"Кошелек Самира";"ХаниМани";""		
2022-12-15;"-30.0";"-20.0";"azn";"Продукты";"30";"Кошелёк";"Резервы";""		
2022-12-15;"-5.0";"";"azn";"Автомобиль / Запчасти";"5";"Кошелёк";"ХаниМани";""		
2022-12-14;"-4.0";"-4.0";"azn";"Платный софт";"4 Google One";"Albali кредитная карта";"Резервы";""		
2022-12-13;"-5.2";"";"azn";"Медицина / Лекарства";"5.2";"Кошелёк";"ХаниМани";""		
2022-12-12;"-29.0";"-15.0";"azn";"Транспорт";"3 4 10 12";"Кошелёк";"Резервы";""		
2022-12-11;"50.0";"";"azn";"Подарки";"50 Перване Руфатику";"Кошелек Самира";"ХаниМани";""		
2022-12-11;"20.0";"";"azn";"Орифлейм";"20";"Кошелек Самира";"ХаниМани";""		
2022-12-11;"-11.0";"-20.0";"azn";"Продукты";"11";"Кошелёк";"Резервы";""		
2022-12-11;"-50.0";"-70.0";"azn";"Подарки";"50 маме Самиры";"Кошелек Самира";"Резервы";""		
2022-12-11;"-10.0";"-10.0";"azn";"Ком. услуги / Вода";"10";"Albali кредитная карта";"Резервы";""		
2022-12-10;"-47.0";"";"azn";"Ребенок";"47";"Albali кредитная карта";"ХаниМани";""		
2022-12-10;"-53.2";"";"azn";"Продукты";"53.2";"ASB kart";"ХаниМани";""		
2022-12-10;"-6.4";"";"azn";"Продукты";"6.4";"Кошелёк";"ХаниМани";""		
2022-12-10;"269.0";"269.0";"azn";"Пенсия Самира";"269";"ABB kart Samira";"Резервы";""		
2022-12-10;"9.0";"";"azn";"";"";"";"";"Кошелёк => ASB kart"		
2022-12-10;"-3.0";"";"azn";"Развлечения и хобби";"3";"Кошелёк";"ХаниМани";""		
2022-12-10;"-380.0";"";"azn";"Медицина / Лечение";"380 коронка на имплант";"ASB kart";"ХаниМани";""		
2022-12-10;"-61.0";"";"azn";"Дом";"61";"ASB kart";"ХаниМани";""		
2022-12-10;"-12.0";"-12.0";"azn";"Платный софт";"12 Memento databse";"Albali кредитная карта";"Резервы";""		
2022-12-09;"-16.0";"-20.0";"azn";"Продукты";"16";"Кошелёк";"Резервы";""		
2022-12-08;"-5.6";"-5.6";"azn";"Платный софт";"5.6 ticktick";"Albali кредитная карта";"Резервы";""		
2022-12-08;"100.0";"";"azn";"";"";"";"";"ASB kart => Albali кредитная карта"		
2022-12-08;"50.22";"";"azn";"";"";"";"";"ASB kart => Albali кредитная карта"		
2022-12-08;"-7.0";"-20.0";"azn";"Ребенок";"7";"Кошелёк";"Резервы";""		
2022-12-07;"-14.3";"-20.0";"azn";"Продукты";"14.3";"Albali кредитная карта";"Резервы";""		
2022-12-07;"-78.43";"-30.0";"azn";"Ком. услуги / Электроэнергия";"78.43";"ASB kart";"Резервы";""		
2022-12-05;"-10.0";"";"azn";"Интернет и связь";"10";"ASB kart";"ХаниМани";""		
2022-12-05;"-36.0";"-20.0";"azn";"Ребенок";"36";"Кошелёк";"Резервы";""		
2022-12-04;"-0.5";"";"azn";"Автомобиль";"0.5";"Кошелёк";"ХаниМани";""		
2022-12-04;"-22.0";"-15.0";"azn";"Гигиена и красота";"22";"Кошелёк";"Резервы";""		
2022-12-03;"-98.5";"-20.0";"azn";"Продукты";"5.5 93";"Кошелёк";"Резервы";""		
2022-12-02;"45.0";"";"azn";"";"";"";"";"ASB kart => Albali кредитная карта"		
2022-12-02;"-45.0";"";"azn";"Проценты и бонусы";"45";"Albali кредитная карта";"ХаниМани";""		
2022-12-02;"-3.0";"";"azn";"Продукты";"3";"ASB kart";"ХаниМани";""		
2022-12-02;"-38.0";"-20.0";"azn";"Ребенок";"38";"Albali кредитная карта";"Резервы";""		
2022-12-01;"854.0";"";"azn";"";"";"";"";"Резервы => ХаниМани"		
2022-12-01;"50.0";"";"azn";"";"";"";"";"ASB kart => Депозит-Подушка безопасности"		
2022-12-01;"1545.0";"1900.0";"azn";"Зарплата Ильгар";"1545";"ASB kart";"Резервы";""		
2022-12-01;"12.0";"";"azn";"Проценты и бонусы";"12 cashback";"Albali kart";"ХаниМани";""		
2022-12-01;"-2.5";"-20.0";"azn";"Продукты";"2.5";"Кошелёк";"Резервы";""		
2022-12-01;"12.65";"";"azn";"Проценты и бонусы";"12.65 edv";"Albali kart";"ХаниМани";""		
2022-12-01;"-3.0";"";"azn";"Интернет и связь";"3";"ASB kart";"ХаниМани";""		
2022-12-01;"702.41";"";"azn";"";"";"";"";"ASB kart => Albali кредитная карта"		
2022-12-01;"6.0";"";"azn";"Проценты и бонусы";"6";"Депозит-Подушка безопасности";"ХаниМани";""		
2022-12-01;"479.0";"";"azn";"Зарплата Ильгар";"479";"Страхование жизни";"ХаниМани";""		
2022-11-30;"-10.0";"";"azn";"Продукты";"10";"Кошелёк";"ХаниМани";""		
2022-11-30;"-3.5";"";"azn";"Кафе	 ресторан";"3.5";"Кошелёк";"ХаниМани";""	
2022-11-30;"-15.0";"";"azn";"Интернет и связь";"15";"Albali кредитная карта";"ХаниМани";""		
2022-11-29;"-40.0";"-20.0";"azn";"Продукты";"40";"Кошелёк";"Резервы";""		
2022-11-29;"-5.0";"";"azn";"Медицина / Лекарства";"5";"Кошелёк";"ХаниМани";""		
2022-11-29;"-6.0";"-20.0";"azn";"Ребенок";"6";"Кошелёк";"Резервы";""		
2022-11-29;"-1.0";"";"azn";"Интернет и связь";"1";"Albali кредитная карта";"ХаниМани";""		
2022-11-27;"-9.0";"-20.0";"azn";"Продукты";"3 6";"Кошелёк";"Резервы";""		
2022-11-27;"-24.0";"-70.0";"azn";"Подарки";"24";"Albali кредитная карта";"Резервы";""		
2022-11-27;"-6.0";"-15.0";"azn";"Гигиена и красота";"6";"Кошелёк";"Резервы";""		
2022-11-26;"-5.0";"";"azn";"Дом";"5";"Кошелёк";"ХаниМани";""		
2022-11-26;"-23.0";"-20.0";"azn";"Ребенок";"16 7";"Кошелёк";"Резервы";""		
2022-11-25;"-14.0";"-20.0";"azn";"Продукты";"14";"Кошелёк";"Резервы";""		
2022-11-24;"-8.0";"-8.0";"azn";"Платный софт";"8 Megogo";"Albali кредитная карта";"Резервы";""		
2022-11-23;"-36.2";"-20.0";"azn";"Ребенок";"12 10.20 14";"Кошелёк";"Резервы";""		
2022-11-23;"-16.0";"";"azn";"Медицина / Лекарства";"16";"Кошелёк";"ХаниМани";""		
2022-11-23;"-30.0";"-20.0";"azn";"Продукты";"30";"Кошелёк";"Резервы";""		
2022-11-22;"-15.0";"-20.0";"azn";"Автомобиль / Бензин";"15";"Кошелёк";"Резервы";""		
2022-11-21;"-16.0";"";"azn";"Дом";"16 сантехника";"Кошелёк";"ХаниМани";""		
2022-11-21;"-4.0";"";"azn";"Медицина / Лекарства";"4";"Кошелёк";"ХаниМани";""		
2022-11-21;"-24.0";"-20.0";"azn";"Продукты";"4 20 фындыг";"Кошелёк";"Резервы";""		
2022-11-20;"-17.0";"-15.0";"azn";"Гигиена и красота";"17";"Кошелёк";"Резервы";""		
2022-11-20;"-10.0";"-20.0";"azn";"Ребенок";"10";"Кошелёк";"Резервы";""		
2022-11-20;"-13.0";"-30.0";"azn";"Медицина / Лекарства";"13";"Albali кредитная карта";"Резервы";""		
2022-11-20;"-3.0";"";"azn";"Развлечения и хобби";"3 Футбол";"Кошелёк";"ХаниМани";""		
2022-11-20;"-8.0";"";"azn";"Медицина / Лекарства";"8";"Кошелёк";"ХаниМани";""		
2022-11-19;"-1.0";"-20.0";"azn";"Продукты";"1";"Кошелек Самира";"Резервы";""		
2022-11-19;"-4.0";"";"azn";"Продукты";"4";"Кошелёк";"ХаниМани";""		
2022-11-18;"-1.0";"";"azn";"Продукты";"1";"Кошелёк";"ХаниМани";""		
2022-11-18;"-9.0";"-35.0";"azn";"Интернет и связь";"9 Ильгар";"Albali кредитная карта";"Резервы";""		
2022-11-18;"400.0";"";"azn";"";"";"";"";"ASB kart => Albali кредитная карта"		
2022-11-18;"400.0";"";"azn";"";"";"";"";"ABB kart Samira => Albali кредитная карта"		
2022-11-18;"-18.0";"";"azn";"Ком. услуги / Отопление";"18";"Кошелёк";"ХаниМани";""		
2022-11-17;"-17.0";"-20.0";"azn";"Продукты";"17";"Albali кредитная карта";"Резервы";""		
2022-11-17;"-6.2";"-20.0";"azn";"Ребенок";"6.2";"ASB kart";"Резервы";""		
2022-11-17;"-25.0";"-35.0";"azn";"Одежда и обувь";"25";"Кошелек Самира";"Резервы";""		
2022-11-17;"64.76";"";"azn";"";"";"";"";"ASB kart => Albali кредитная карта"		
2022-11-16;"-17.0";"";"azn";"Продукты";"17";"Albali кредитная карта";"ХаниМани";""		
2022-11-15;"300.0";"";"azn";"";"";"";"";"ASB kart => Кошелёк"		
2022-11-15;"-200.0";"";"azn";"Ребенок";"200 video foto";"Кошелёк";"ХаниМани";""		
2022-11-15;"-20.0";"";"azn";"Ребенок";"10 10 ofisiant";"Кошелёк";"ХаниМани";""		
2022-11-15;"-88.0";"";"azn";"Ребенок";"88 araq";"Кошелёк";"ХаниМани";""		
2022-11-15;"-1500.0";"";"azn";"Ребенок";"1500 banket zali Rufatik bir yas";"Кошелёк";"ХаниМани";""		
2022-11-15;"-84.0";"";"azn";"Ребенок";"84 торт";"Кошелёк";"ХаниМани";""		
2022-11-15;"2100.0";"";"azn";"Ребенок";"2100 Rufatik ad gunu bir yas";"Кошелёк";"ХаниМани";""		
2022-11-15;"-15.0";"";"azn";"Гигиена и красота";"15 салон";"Кошелек Самира";"ХаниМани";""		
2022-11-15;"-40.0";"-20.0";"azn";"Автомобиль / Бензин";"40";"Кошелёк";"Резервы";""		
2022-11-14;"-4.0";"-4.0";"azn";"Платный софт";"4 Google One";"Albali кредитная карта";"Резервы";""		
2022-11-14;"100.0";"";"azn";"";"";"";"";"ASB kart => Кошелёк"		
2022-11-14;"-8.0";"";"azn";"Дом";"8";"Кошелёк";"ХаниМани";""		
2022-11-14;"-20.0";"";"azn";"Одежда и обувь";"20 прокат одежды";"Кошелёк";"ХаниМани";""		
2022-11-14;"-178.0";"";"azn";"Дом";"50 флешка 128 gb";"Albali кредитная карта";"ХаниМани";""		
2022-11-14;"-35.0";"-20.0";"azn";"Ребенок";"35";"Albali кредитная карта";"Резервы";""		
2022-11-13;"-11.0";"";"azn";"Ребенок";"11";"Albali кредитная карта";"ХаниМани";""		
2022-11-13;"-12.0";"-20.0";"azn";"Продукты";"12";"Albali кредитная карта";"Резервы";""		
2022-11-13;"-100.0";"-70.0";"azn";"Подарки";"50 Asiman ad gunu 50 Aleddin toy";"Кошелек Самира";"Резервы";""		
2022-11-13;"-5.0";"-15.0";"azn";"Гигиена и красота";"5";"Кошелёк";"Резервы";""		
2022-11-13;"-20.0";"";"azn";"Одежда и обувь";"20";"Кошелёк";"ХаниМани";""		
2022-11-12;"-3.0";"";"azn";"Интернет и связь";"3 Самира";"Albali кредитная карта";"ХаниМани";""		
2022-11-11;"100.0";"";"azn";"Подарки";"100 Севиндж ребенку";"Кошелек Самира";"ХаниМани";""		
2022-11-11;"22.0";"";"azn";"Орифлейм";"22";"Кошелек Самира";"ХаниМани";""		
2022-11-11;"-60.0";"";"azn";"Орифлейм";"60";"Albali кредитная карта";"ХаниМани";""		
2022-11-11;"-52.0";"-20.0";"azn";"Продукты";"40 12";"Albali кредитная карта";"Резервы";""		
2022-11-11;"-20.0";"-20.0";"azn";"Ребенок";"20 фотосессия";"Кошелёк";"Резервы";""		
2022-11-11;"-13.0";"-10.0";"azn";"Ком. услуги / Вода";"13";"Albali кредитная карта";"Резервы";""		
2022-11-11;"-12.0";"";"azn";"Медицина / Лечение";"12";"Кошелёк";"ХаниМани";""		
2022-11-10;"-26.0";"";"azn";"Платный софт";"26 Хани Мани";"Albali кредитная карта";"ХаниМани";""		
2022-11-10;"-10.0";"";"azn";"Ребенок";"10 бех торт";"Кошелёк";"ХаниМани";""		
2022-11-10;"-32.0";"-16.0";"azn";"Ком. услуги / Квартира";"32";"Кошелёк";"Резервы";""		
2022-11-10;"-12.0";"-12.0";"azn";"Платный софт";"12 Memento database";"Albali кредитная карта";"Резервы";""		
2022-11-10;"269.0";"269.0";"azn";"Пенсия Самира";"269";"ABB kart Samira";"Резервы";""		
2022-11-09;"-5.0";"";"azn";"Продукты";"5";"Кошелёк";"ХаниМани";""		
2022-11-09;"-7.0";"";"azn";"Гигиена и красота";"7";"Albali кредитная карта";"ХаниМани";""		
2022-11-09;"-100.0";"-20.0";"azn";"Продукты";"100";"ASB kart";"Резервы";""		
2022-11-09;"-146.0";"";"azn";"Ребенок";"100 beh restoran 28 украшения 18 конфеты";"Кошелёк";"ХаниМани";""		
2022-11-09;"-3.0";"";"azn";"Продукты";"3";"Кошелек Самира";"ХаниМани";""		
2022-11-09;"200.0";"";"azn";"";"";"";"";"ASB kart => Кошелёк"		
2022-11-08;"-22.0";"";"azn";"Гигиена и красота";"22";"Albali кредитная карта";"ХаниМани";""		
2022-11-08;"-30.5";"-20.0";"azn";"Ребенок";"30.5";"Albali кредитная карта";"Резервы";""		
2022-11-08;"-5.6";"-5.6";"azn";"Платный софт";"5.6 ticktick";"Albali кредитная карта";"Резервы";""		
2022-11-08;"-20.0";"-20.0";"azn";"Автомобиль / Бензин";"20";"Кошелёк";"Резервы";""		
2022-11-07;"200.0";"";"azn";"";"";"";"";"ASB kart => Кошелёк"		
2022-11-07;"-52.0";"-20.0";"azn";"Продукты";"40 12";"Кошелёк";"Резервы";""		
2022-11-07;"-40.0";"-30.0";"azn";"Ком. услуги / Электроэнергия";"40";"Albali кредитная карта";"Резервы";""		
2022-11-06;"-40.0";"-70.0";"azn";"Подарки";"10 yas Yusif 10 yas Heyran 20 yas Irada";"Кошелёк";"Резервы";""		
2022-11-06;"-4.0";"-15.0";"azn";"Гигиена и красота";"4";"Кошелёк";"Резервы";""		
2022-11-06;"70.0";"";"azn";"Подарки";"70 ребенку";"Кошелек Самира";"ХаниМани";""		
2022-11-05;"-44.0";"-20.0";"azn";"Продукты";"9 35";"Кошелёк";"Резервы";""		
2022-11-05;"-11.0";"-20.0";"azn";"Ребенок";"11";"Albali кредитная карта";"Резервы";""		
2022-11-05;"100.0";"";"azn";"";"";"";"";"ASB kart => Кошелёк"		
2022-11-05;"50.0";"100.0";"azn";"";"";"";"";"Albali кредитная карта => Депозит-Подушка безопасности"		
2022-11-04;"-10.0";"-10.0";"azn";"Автомобиль / Мойка";"10";"Кошелёк";"Резервы";""		
2022-11-03;"-10.5";"-20.0";"azn";"Продукты";"10.5";"Кошелёк";"Резервы";""		
2022-11-02;"5.0";"";"azn";"Проценты и бонусы";"5";"Депозит-Подушка безопасности";"ХаниМани";""		
2022-11-02;"12.45";"";"azn";"Проценты и бонусы";"12.45 edv";"Albali kart";"ХаниМани";""		
2022-11-02;"-21.0";"-20.0";"azn";"Ребенок";"10.5 10.5 одежда";"Кошелек Самира";"Резервы";""		
2022-11-02;"-4.3";"";"azn";"Продукты";"4.3";"Кошелек Самира";"ХаниМани";""		
2022-11-01;"-14.0";"-20.0";"azn";"Продукты";"5 9";"Кошелёк";"Резервы";""		
2022-11-01;"-20.0";"-20.0";"azn";"Автомобиль / Бензин";"20";"Кошелёк";"Резервы";""		
2022-11-01;"1425.0";"1900.0";"azn";"Зарплата Ильгар";"1425";"ASB kart";"Резервы";""		
2022-11-01;"479.0";"";"azn";"Зарплата Ильгар";"479";"Страхование жизни";"ХаниМани";""		
2022-10-31;"-6.7";"";"azn";"Продукты";"6.7";"Кошелёк";"ХаниМани";""		
2022-10-30;"-15.0";"";"azn";"Интернет и связь";"15 AileNet";"Albali кредитная карта";"ХаниМани";""		
2022-10-30;"-50.0";"-70.0";"azn";"Подарки";"50 свадьба";"Кошелёк";"Резервы";""		
2022-10-30;"-5.0";"-20.0";"azn";"Продукты";"5";"Кошелек Самира";"Резервы";""		
2022-10-30;"-10.0";"-20.0";"azn";"Ребенок";"10";"Кошелёк";"Резервы";""		
2022-10-30;"-9.0";"-15.0";"azn";"Гигиена и красота";"5 4";"Кошелёк";"Резервы";""		
2022-10-29;"150.0";"";"azn";"";"";"";"";"ABB kart Samira => Кошелёк"		
2022-10-28;"-7.0";"-25.0";"azn";"Дом";"7 amazfit ремешок";"Кошелёк";"Резервы";""		
2022-10-27;"-12.0";"-25.0";"azn";"Кафе	 ресторан";"12";"Кошелёк";"Резервы";""	
2022-10-27;"-1.0";"";"azn";"Продукты";"1";"Кошелёк";"ХаниМани";""		
2022-10-26;"-15.0";"";"azn";"Гигиена и красота";"15";"Albali кредитная карта";"ХаниМани";""		
2022-10-26;"-5.0";"-50.0";"azn";"Развлечения и хобби";"5 футбол";"Кошелёк";"Резервы";""		
2022-10-25;"-20.0";"-20.0";"azn";"Автомобиль / Бензин";"20";"Кошелёк";"Резервы";""		
2022-10-24;"-66.0";"-20.0";"azn";"Продукты";"66";"Albali кредитная карта";"Резервы";""		
2022-10-24;"-30.0";"";"azn";"Дом";"30";"Albali кредитная карта";"ХаниМани";""		
2022-10-24;"-8.0";"";"azn";"Медицина / Лекарства";"8";"Кошелёк";"ХаниМани";""		
2022-10-24;"-18.0";"-8.0";"azn";"Платный софт";"18 Megogo за шесть месяцев";"Albali кредитная карта";"Резервы";""		
2022-10-24;"150.0";"";"azn";"";"";"";"";"ABB kart Samira => Кошелёк"		
2022-10-23;"-170.0";"-70.0";"azn";"Подарки";"170 часы Самире на день рождения";"Albali кредитная карта";"Резервы";""		
2022-10-23;"-70.0";"-15.0";"azn";"Гигиена и красота";"50 салон 20 укладка";"Кошелёк";"Резервы";""		
2022-10-22;"-5.0";"-20.0";"azn";"Продукты";"5";"Кошелёк";"Резервы";""		
2022-10-21;"-36.5";"";"azn";"Ребенок";"36.5 одежда";"Albali кредитная карта";"ХаниМани";""		
2022-10-21;"-37.0";"";"azn";"Ребенок";"37";"Albali кредитная карта";"ХаниМани";""		
2022-10-20;"-3.0";"";"azn";"Интернет и связь";"3 Ильгар";"Albali кредитная карта";"ХаниМани";""		
2022-10-20;"-13.0";"-20.0";"azn";"Продукты";"13";"Albali кредитная карта";"Резервы";""		
2022-10-20;"100.0";"";"azn";"";"";"";"";"ASB kart => Кошелёк"		
2022-10-20;"-5.6";"-30.0";"azn";"Медицина / Лекарства";"4.6 1";"Albali кредитная карта";"Резервы";""		
2022-10-20;"1.0";"";"azn";"";"";"";"";"Albali кредитная карта => Кошелёк"		
2022-10-19;"-2.2";"";"azn";"Гигиена и красота";"2.2";"Кошелёк";"ХаниМани";""		
2022-10-19;"-1.0";"";"azn";"Продукты";"1";"Кошелёк";"ХаниМани";""		
2022-10-19;"-1.8";"";"azn";"Дом";"1.8";"Кошелёк";"ХаниМани";""		
2022-10-19;"-12.0";"";"azn";"Продукты";"12";"Albali кредитная карта";"ХаниМани";""		
2022-10-18;"-10.0";"-20.0";"azn";"Продукты";"10";"Кошелёк";"Резервы";""		
2022-10-18;"-20.0";"-20.0";"azn";"Ребенок";"20";"Albali кредитная карта";"Резервы";""		
2022-10-18;"-20.0";"-20.0";"azn";"Автомобиль / Бензин";"20";"Кошелёк";"Резервы";""		
2022-10-18;"-9.0";"-35.0";"azn";"Интернет и связь";"9 Ильгар";"Albali кредитная карта";"Резервы";""		
2022-10-17;"1.0";"";"azn";"";"";"";"";"Albali кредитная карта => Кошелёк"		
2022-10-17;"-53.0";"-35.0";"azn";"Одежда и обувь";"10 прокат 43 для Самиры";"Кошелек Самира";"Резервы";""		
2022-10-16;"-33.0";"-70.0";"azn";"Подарки";"33 день рождения Самиры";"Кошелёк";"Резервы";""		
2022-10-16;"-20.0";"-15.0";"azn";"Гигиена и красота";"20";"Кошелёк";"Резервы";""		
2022-10-16;"-13.6";"-20.0";"azn";"Продукты";"13.6";"Albali кредитная карта";"Резервы";""		
2022-10-14;"-8.6";"";"azn";"Платный софт";"8.6 Onworks.net";"Albali кредитная карта";"ХаниМани";""		
2022-10-14;"-4.0";"-4.0";"azn";"Платный софт";"4 Google One";"Albali кредитная карта";"Резервы";""		
2022-10-14;"-27.0";"-20.0";"azn";"Продукты";"27";"Кошелёк";"Резервы";""		
2022-10-12;"-3.0";"";"azn";"Интернет и связь";"3 Самира";"Albali кредитная карта";"ХаниМани";""		
2022-10-12;"-31.0";"-20.0";"azn";"Ребенок";"31";"Кошелёк";"Резервы";""		
2022-10-12;"-29.0";"-20.0";"azn";"Продукты";"29";"Кошелёк";"Резервы";""		
2022-10-11;"-9.0";"-10.0";"azn";"Ком. услуги / Вода";"9";"Albali кредитная карта";"Резервы";""		
2022-10-11;"-20.0";"-20.0";"azn";"Автомобиль / Бензин";"20";"Кошелёк";"Резервы";""		
2022-10-11;"-43.7";"";"azn";"Ребенок";"43.7";"Albali кредитная карта";"ХаниМани";""		
2022-10-11;"150.0";"";"azn";"";"";"";"";"ASB kart => Кошелёк"		
2022-10-10;"-14.0";"-20.0";"azn";"Продукты";"14";"Кошелёк";"Резервы";""		
2022-10-10;"54.0";"";"azn";"Пенсия Самира";"54";"ABB kart Samira";"ХаниМани";""		
2022-10-10;"-16.0";"-16.0";"azn";"Ком. услуги / Квартира";"16";"Кошелёк";"Резервы";""		
2022-10-10;"269.0";"269.0";"azn";"Пенсия Самира";"269";"ABB kart Samira";"Резервы";""		
2022-10-10;"-12.0";"-12.0";"azn";"Платный софт";"12 Memento databse";"Albali кредитная карта";"Резервы";""		
2022-10-09;"-45.0";"-15.0";"azn";"Гигиена и красота";"45";"Albali кредитная карта";"Резервы";""		
2022-10-09;"-4.5";"-20.0";"azn";"Ребенок";"4.5";"Albali кредитная карта";"Резервы";""		
2022-10-08;"-27.1";"-20.0";"azn";"Продукты";"4 23.1";"Albali кредитная карта";"Резервы";""		
2022-10-08;"-5.6";"-5.6";"azn";"Платный софт";"5.6 ticktick";"Albali кредитная карта";"Резервы";""		
2022-10-07;"-32.8";"-30.0";"azn";"Ком. услуги / Электроэнергия";"32.8";"Albali кредитная карта";"Резервы";""		
2022-10-06;"-35.0";"";"azn";"Ребенок";"35 одежда";"Albali кредитная карта";"ХаниМани";""		
2022-10-06;"-2.0";"";"azn";"Развлечения и хобби";"2 футбол";"Кошелёк";"ХаниМани";""		
2022-10-06;"-13.0";"-20.0";"azn";"Ребенок";"13 одежда";"ASB kart";"Резервы";""		
2022-10-06;"-8.1";"-20.0";"azn";"Продукты";"8.1";"Albali кредитная карта";"Резервы";""		
2022-10-06;"95.0";"";"azn";"";"";"";"";"ASB kart => Кошелёк"		
2022-10-04;"-0.8";"";"azn";"Автомобиль";"0.8";"Кошелёк";"ХаниМани";""		
2022-10-04;"-52.0";"-20.0";"azn";"Продукты";"49.6 2.4";"Albali кредитная карта";"Резервы";""		
2022-10-04;"-20.0";"-20.0";"azn";"Автомобиль / Бензин";"20";"Albali кредитная карта";"Резервы";""		
2022-10-04;"-20.0";"";"azn";"Ребенок";"20 одежда";"ASB kart";"ХаниМани";""		
2022-10-03;"-10.0";"";"azn";"Ребенок";"10 одежда";"Кошелек Самира";"ХаниМани";""		
2022-10-03;"-10.0";"";"azn";"Продукты";"10";"Кошелек Самира";"ХаниМани";""		
2022-10-03;"-30.4";"-20.0";"azn";"Ребенок";"30.4";"Albali кредитная карта";"Резервы";""		
2022-10-03;"-80.0";"-100.0";"azn";"Автомобиль / Запчасти";"80";"Кошелёк";"Резервы";""		
2022-10-03;"-60.0";"-70.0";"azn";"Автомобиль / Ремонт";"60";"Кошелёк";"Резервы";""		
2022-10-02;"-5.0";"-15.0";"azn";"Гигиена и красота";"5 парикмахер";"Кошелек Самира";"Резервы";""		
2022-10-01;"1398.0";"1900.0";"azn";"Зарплата Ильгар";"1398";"ASB kart";"Резервы";""		
2022-10-01;"50.0";"";"azn";"";"";"";"";"ASB kart => Депозит-Подушка безопасности"		
2022-10-01;"903.5";"";"azn";"";"";"";"";"ASB kart => Albali кредитная карта"		
2022-10-01;"9.9";"";"azn";"Проценты и бонусы";"9.9";"Депозит-Подушка безопасности";"ХаниМани";""		
2022-10-01;"53.42";"";"azn";"Проценты и бонусы";"53.42 edv";"Albali kart";"ХаниМани";""		
2022-10-01;"50.0";"";"azn";"";"";"";"";"Albali kart => Депозит-Подушка безопасности"		
2022-10-01;"479.0";"";"azn";"Зарплата Ильгар";"479";"Страхование жизни";"ХаниМани";""		
2022-09-30;"-6.5";"";"azn";"Продукты";"6.5";"Кошелёк";"ХаниМани";""		
2022-09-30;"-70.0";"-20.0";"azn";"Ребенок";"26 куртка 44 одежда";"Кошелек Самира";"Резервы";""		
2022-09-30;"-18.0";"";"azn";"Интернет и связь";"15 ailetv 3 ilqar";"Albali кредитная карта";"ХаниМани";""		
2022-09-30;"-6.7";"-20.0";"azn";"Продукты";"6.7";"Albali кредитная карта";"Резервы";""		
2022-09-29;"50.0";"";"azn";"";"";"";"";"Albali kart => Albali кредитная карта"		
2022-09-29;"-1.2";"";"azn";"Кафе	 ресторан";"1.2";"Кошелёк";"ХаниМани";""	
2022-09-28;"-2.5";"-25.0";"azn";"Дом";"2.5";"Кошелёк";"Резервы";""		
2022-09-28;"-31.0";"-20.0";"azn";"Продукты";"31";"Albali кредитная карта";"Резервы";""		
2022-09-28;"-61.2";"";"azn";"Дом";"1.2 60 очки";"Albali кредитная карта";"ХаниМани";""		
2022-09-27;"-15.0";"-25.0";"azn";"Кафе	 ресторан";"8 1 6";"Кошелёк";"Резервы";""	
2022-09-27;"-20.0";"-20.0";"azn";"Автомобиль / Бензин";"20";"Кошелёк";"Резервы";""		
2022-09-27;"-74.2";"-20.0";"azn";"Ребенок";"55.7 одежда 4.7 4.5 9.3";"Albali кредитная карта";"Резервы";""		
2022-09-26;"-7.0";"-50.0";"azn";"Развлечения и хобби";"5 футбол 2 футбол";"Кошелёк";"Резервы";""		
2022-09-26;"-0.5";"";"azn";"Медицина / Лекарства";"0.5";"Кошелёк";"ХаниМани";""		
2022-09-26;"-61.6";"-20.0";"azn";"Продукты";"61 0.6";"Albali кредитная карта";"Резервы";""		
2022-09-25;"55.0";"";"azn";"";"";"";"";"Albali кредитная карта => Кошелёк"		
2022-09-25;"-80.1";"-70.0";"azn";"Подарки";"20 Metanet помощь 25 Эльхану 16.1 xedice 9 Эльхану 10 сотруднику";"Кошелёк";"Резервы";""		
2022-09-24;"-45.0";"-20.0";"azn";"Ребенок";"45";"Albali кредитная карта";"Резервы";""		
2022-09-24;"-16.0";"-20.0";"azn";"Продукты";"16";"Кошелек Самира";"Резервы";""		
2022-09-24;"-8.0";"-8.0";"azn";"Платный софт";"8 Megogo";"Albali кредитная карта";"Резервы";""		
2022-09-22;"-3.3";"-20.0";"azn";"Продукты";"2 1.3";"Albali кредитная карта";"Резервы";""		
2022-09-22;"-15.0";"";"azn";"Интернет и связь";"15 за кредитную карту";"Кошелёк";"ХаниМани";""		
2022-09-22;"95.0";"";"azn";"";"";"";"";"ABB kart Samira => Кошелёк"		
2022-09-22;"-5.4";"";"azn";"Продукты";"4.4 1";"Кошелёк";"ХаниМани";""		
2022-09-21;"-3.6";"";"azn";"Продукты";"3.6";"Кошелек Самира";"ХаниМани";""		
2022-09-21;"-10.9";"";"azn";"Ребенок";"10.9";"Кошелек Самира";"ХаниМани";""		
2022-09-21;"-3.0";"";"azn";"Подарки";"3 Наибе мобильный";"Albali кредитная карта";"ХаниМани";""		
2022-09-21;"-23.0";"-20.0";"azn";"Ребенок";"23";"Albali кредитная карта";"Резервы";""		
2022-09-20;"-44.0";"-20.0";"azn";"Продукты";"4 40";"Кошелёк";"Резервы";""		
2022-09-20;"-20.0";"-20.0";"azn";"Автомобиль / Бензин";"10 10";"Кошелёк";"Резервы";""		
2022-09-20;"-7.1";"";"azn";"Продукты";"7.1";"Albali кредитная карта";"ХаниМани";""		
2022-09-20;"-75.0";"-30.0";"azn";"Медицина / Лечение";"40 Тамерлану 35 Хадиджа";"Кошелёк";"Резервы";""		
2022-09-20;"-126.39999999999999";"-30.0";"azn";"Медицина / Лекарства";"15.1 68 для лица Самиры 43.3 невропатолог";"Albali кредитная карта";"Резервы";""		
2022-09-18;"-11.0";"-20.0";"azn";"Продукты";"11";"Albali кредитная карта";"Резервы";""		
2022-09-18;"-15.0";"-20.0";"azn";"Ребенок";"15 прививка";"Albali кредитная карта";"Резервы";""		
2022-09-18;"-3.0";"-35.0";"azn";"Интернет и связь";"3 Самира";"Albali кредитная карта";"Резервы";""		
2022-09-18;"-0.6";"";"azn";"Продукты";"0.6";"Кошелек Самира";"ХаниМани";""		
2022-09-18;"-2.4";"";"azn";"Продукты";"2.4";"Кошелёк";"ХаниМани";""		
2022-09-18;"-4.8";"";"azn";"Ребенок";"4.8";"Кошелек Самира";"ХаниМани";""		
2022-09-16;"-11.0";"-20.0";"azn";"Продукты";"11";"Albali кредитная карта";"Резервы";""		
2022-09-15;"-8.7";"-20.0";"azn";"Ребенок";"8.7";"Albali кредитная карта";"Резервы";""		
2022-09-14;"-4.0";"-4.0";"azn";"Платный софт";"4 Google One";"Albali кредитная карта";"Резервы";""		
2022-09-14;"50.0";"";"azn";"";"";"";"";"Кошелек Самира => Кошелёк"		
2022-09-14;"200.0";"";"azn";"";"";"";"";"ABB kart Samira => Кошелёк"		
2022-09-14;"-11.0";"";"azn";"Ребенок";"11";"Кошелёк";"ХаниМани";""		
2022-09-14;"-55.0";"-20.0";"azn";"Продукты";"15 торт 40 мясо";"Кошелёк";"Резервы";""		
2022-09-14;"-22.0";"";"azn";"Продукты";"22";"Кошелёк";"ХаниМани";""		
2022-09-13;"-20.0";"-20.0";"azn";"Автомобиль / Бензин";"20";"Albali кредитная карта";"Резервы";""		
2022-09-12;"-43.0";"-20.0";"azn";"Ребенок";"43";"Кошелёк";"Резервы";""		
2022-09-12;"-11.0";"";"azn";"Продукты";"6.6 2.2 2.2";"Кошелёк";"ХаниМани";""		
2022-09-12;"-29.0";"-20.0";"azn";"Продукты";"29";"Albali кредитная карта";"Резервы";""		
2022-09-12;"180.0";"";"azn";"Подарки";"100 50 30 Gulcohre Gulsen Ayten usaq ucun";"Кошелек Самира";"ХаниМани";""		
2022-09-11;"-15.0";"-15.0";"azn";"Гигиена и красота";"15";"Albali кредитная карта";"Резервы";""		
2022-09-11;"-15.0";"-10.0";"azn";"Ком. услуги / Вода";"15";"Albali кредитная карта";"Резервы";""		
2022-09-10;"-54.0";"-20.0";"azn";"Продукты";"54";"Albali кредитная карта";"Резервы";""		
2022-09-10;"-16.0";"-16.0";"azn";"Ком. услуги / Квартира";"16";"Кошелёк";"Резервы";""		
2022-09-10;"-12.0";"-12.0";"azn";"Платный софт";"12 Memento database";"Albali кредитная карта";"Резервы";""		
2022-09-10;"269.0";"269.0";"azn";"Пенсия Самира";"269";"ABB kart Samira";"Резервы";""		
2022-09-09;"-5.0";"";"azn";"Продукты";"5";"Кошелек Самира";"ХаниМани";""		
2022-09-09;"-52.0";"";"azn";"Платный софт";"52 непонятно на что из worldkart вышло";"Кошелёк";"ХаниМани";""		
2022-09-09;"-28.2";"-20.0";"azn";"Ребенок";"28.2";"Albali кредитная карта";"Резервы";""		
2022-09-08;"-10.5";"";"azn";"Продукты";"10.5";"Кошелёк";"ХаниМани";""		
2022-09-08;"-6.2";"-20.0";"azn";"Продукты";"6.2";"Кошелек Самира";"Резервы";""		
2022-09-08;"-5.6";"-5.6";"azn";"Платный софт";"5.6 ticktick";"Albali кредитная карта";"Резервы";""		
2022-09-07;"-41.25";"-30.0";"azn";"Ком. услуги / Электроэнергия";"41.25";"Albali кредитная карта";"Резервы";""		
2022-09-06;"-16.0";"-20.0";"azn";"Ребенок";"16 одежда";"Albali кредитная карта";"Резервы";""		
2022-09-06;"-20.0";"-20.0";"azn";"Автомобиль / Бензин";"20";"Кошелёк";"Резервы";""		
2022-09-06;"-11.6";"-20.0";"azn";"Продукты";"1.6 3 7";"Albali кредитная карта";"Резервы";""		
2022-09-04;"55.0";"";"azn";"";"";"";"";"ABB kart Samira => Кошелёк"		
2022-09-04;"-12.3";"";"azn";"Продукты";"4.2 8.1";"Albali кредитная карта";"ХаниМани";""		
2022-09-04;"-5.0";"";"azn";"Гигиена и красота";"5";"Кошелёк";"ХаниМани";""		
2022-09-04;"-14.399999999999999";"-15.0";"azn";"Гигиена и красота";"6.6 3.8 4";"Albali кредитная карта";"Резервы";""		
2022-09-04;"-7.4";"-20.0";"azn";"Продукты";"4.7 2.7";"Кошелёк";"Резервы";""		
2022-09-04;"-3.0";"-10.0";"azn";"Автомобиль / Мойка";"3";"Кошелёк";"Резервы";""		
2022-09-03;"27.0";"";"azn";"";"";"";"";"Цифровая карта => Albali кредитная карта"		
2022-09-03;"-47.0";"-20.0";"azn";"Ребенок";"44 3";"Albali кредитная карта";"Резервы";""		
2022-09-02;"-6.0";"";"azn";"Интернет и связь";"3 3 Ильгар";"ASB kart";"ХаниМани";""		
2022-09-02;"1873.0";"";"azn";"";"";"";"";"ASB kart => Albali кредитная карта"		
2022-09-02;"1200.0";"";"azn";"";"";"";"";"Резервы => ХаниМани"		
2022-09-02;"50.0";"";"azn";"";"";"";"";"Albali kart => Депозит-Подушка безопасности"		
2022-09-02;"15.0";"";"azn";"Орифлейм";"15";"Кошелек Самира";"ХаниМани";""		
2022-09-02;"19.72";"";"azn";"Проценты и бонусы";"19.72";"Депозит-Подушка безопасности";"ХаниМани";""		
2022-09-02;"-66.0";"-20.0";"azn";"Продукты";"59 7";"Albali кредитная карта";"Резервы";""		
2022-09-01;"1841.0";"1900.0";"azn";"Зарплата Ильгар";"1841";"ASB kart";"Резервы";""		
2022-08-31;"-22.5";"-20.0";"azn";"Продукты";"22.5";"Кошелёк";"Резервы";""		
2022-08-30;"40.0";"";"azn";"Проценты и бонусы";"15 kesbek	 25edv";"Albali кредитная карта";"ХаниМани";""	
2022-08-30;"-0.5";"";"azn";"Ребенок";"0.5";"Кошелёк";"ХаниМани";""		
2022-08-30;"-0.7";"";"azn";"Продукты";"0.7";"Кошелёк";"ХаниМани";""		
2022-08-30;"-20.0";"-20.0";"azn";"Автомобиль / Бензин";"20";"Кошелёк";"Резервы";""		
2022-08-29;"-30.0";"-20.0";"azn";"Продукты";"30";"Albali кредитная карта";"Резервы";""		
2022-08-28;"-14.299999999999999";"-25.0";"azn";"Дом";"3.9 2.2 1 1.2 6";"Albali кредитная карта";"Резервы";""		
2022-08-28;"-54.0";"-20.0";"azn";"Ребенок";"40 4 лекарства	 10 врачу";"Albali кредитная карта";"Резервы";""	
2022-08-27;"85.0";"";"azn";"";"";"";"";"ABB kart Samira => Кошелёк"		
2022-08-27;"-22.799999999999997";"-20.0";"azn";"Продукты";"9.7 7 6.1";"Albali кредитная карта";"Резервы";""		
2022-08-27;"20.0";"";"azn";"Подарки";"20 Эми ребенку";"Кошелек Самира";"ХаниМани";""		
2022-08-25;"-22.7";"-20.0";"azn";"Продукты";"14 4 4.7";"Albali кредитная карта";"Резервы";""		
2022-08-25;"-5.0";"-20.0";"azn";"Ребенок";"5";"Albali кредитная карта";"Резервы";""		
2022-08-24;"-8.0";"-8.0";"azn";"Платный софт";"8 Megogo";"Albali кредитная карта";"Резервы";""		
2022-08-23;"-23.0";"-20.0";"azn";"Продукты";"23";"Albali кредитная карта";"Резервы";""		
2022-08-23;"-20.0";"-20.0";"azn";"Автомобиль / Бензин";"20";"Кошелёк";"Резервы";""		
2022-08-23;"-8.1";"";"azn";"Продукты";"5 3.1";"Кошелёк";"ХаниМани";""		
2022-08-22;"-27.8";"";"azn";"Медицина / Лекарства";"13 4.1 10.7";"Кошелёк";"ХаниМани";""		
2022-08-22;"-9.0";"-20.0";"azn";"Ребенок";"9";"Albali кредитная карта";"Резервы";""		
2022-08-22;"-1360.0";"";"azn";"Медицина / Лечение";"1360 iki implant Samira #450den iki implant #900. Sumuk yarim qram #360 ve #100 plazma";"Albali кредитная карта";"ХаниМани";""		
2022-08-21;"-21.0";"-20.0";"azn";"Продукты";"21";"Кошелёк";"Резервы";""		
2022-08-21;"-9.719999999999999";"-15.0";"azn";"Гигиена и красота";"5 4.72";"Albali кредитная карта";"Резервы";""		
2022-08-21;"-1.0";"";"azn";"Продукты";"1";"Albali кредитная карта";"ХаниМани";""		
2022-08-21;"-6.8";"";"azn";"Платный софт";"6.8 aod notify pro";"Albali кредитная карта";"ХаниМани";""		
2022-08-20;"-6.0";"";"azn";"Продукты";"6";"Albali кредитная карта";"ХаниМани";""		
2022-08-20;"-20.0";"-30.0";"azn";"Медицина / Лечение";"20";"Albali кредитная карта";"Резервы";""		
2022-08-20;"95.0";"";"azn";"";"";"";"";"ASB kart => Кошелёк"		
2022-08-20;"-4.0";"-30.0";"azn";"Медицина / Лекарства";"4";"Albali кредитная карта";"Резервы";""		
2022-08-19;"-28.0";"-20.0";"azn";"Ребенок";"28";"Albali кредитная карта";"Резервы";""		
2022-08-19;"-66.5";"-20.0";"azn";"Продукты";"60.7 5.8";"Albali кредитная карта";"Резервы";""		
2022-08-18;"-3.3";"";"azn";"Одежда и обувь";"3.3";"Albali кредитная карта";"ХаниМани";""		
2022-08-18;"-25.0";"-35.0";"azn";"Интернет и связь";"3 Самира 7 Ильгар 15 ailenet";"Albali кредитная карта";"Резервы";""		
2022-08-17;"-7.65";"-20.0";"azn";"Продукты";"7.65";"Albali кредитная карта";"Резервы";""		
2022-08-17;"-11.1";"-35.0";"azn";"Одежда и обувь";"7.8 3.3";"Кошелёк";"Резервы";""		
2022-08-16;"52.0";"";"azn";"";"";"";"";"ХаниМани => Отдых в Гебеле"		
2022-08-16;"-7.0";"-20.0";"azn";"Ребенок";"7";"Albali кредитная карта";"Резервы";""		
2022-08-16;"-20.0";"-20.0";"azn";"Автомобиль / Бензин";"20";"Albali кредитная карта";"Резервы";""		
2022-08-16;"-8.0";"";"azn";"Дом";"8 кобура";"Кошелёк";"ХаниМани";""		
2022-08-16;"180.0";"";"azn";"";"";"";"";"Резервы => ХаниМани"		
2022-08-16;"-21.240000000000002";"";"azn";"Продукты";"2.24 19";"Кошелек Самира";"ХаниМани";""		
2022-08-15;"-14.3";"-20.0";"azn";"Продукты";"14.3";"Albali кредитная карта";"Резервы";""		
2022-08-14;"-4.0";"-4.0";"azn";"Платный софт";"4 Google One";"Albali кредитная карта";"Резервы";""		
2022-08-14;"-2.6";"";"azn";"Продукты";"2.6";"Albali кредитная карта";"ХаниМани";""		
2022-08-14;"-6.0";"";"azn";"Продукты";"6";"Кошелёк";"ХаниМани";""		
2022-08-14;"-36.0";"";"azn";"Продукты";"36";"Кошелёк";"ХаниМани";""		
2022-08-14;"-550.0";"";"azn";"Дом";"550 Новый телефон";"ASB kart";"ХаниМани";""		
2022-08-14;"-15.15";"-15.0";"azn";"Гигиена и красота";"6.5 2.5 4.3 1.1 0.75";"Albali кредитная карта";"Резервы";""		
2022-08-13;"-7.0";"-10.0";"azn";"Ком. услуги / Вода";"7";"Albali кредитная карта";"Резервы";""		
2022-08-13;"-5.0";"";"azn";"Продукты";"5";"Кошелёк";"ХаниМани";""		
2022-08-13;"-5.4";"-20.0";"azn";"Ребенок";"5.4";"Albali кредитная карта";"Резервы";""		
2022-08-13;"-5.34";"";"azn";"Продукты";"5.34";"Albali кредитная карта";"ХаниМани";""		
2022-08-13;"-20.0";"-45.0";"azn";"Автомобиль / Бензин";"20";"Кошелёк";"Резервы";""		
2022-08-12;"-20.0";"";"azn";"Продукты";"20";"Кошелёк";"ХаниМани";""		
2022-08-11;"-36.36";"";"azn";"Автомобиль";"36.36 штраф";"Albali кредитная карта";"ХаниМани";""		
2022-08-11;"-252.0";"-200.0";"azn";"Развлечения и хобби";"252";"Кошелёк";"Отдых в Гебеле";""		
2022-08-10;"-153.0";"-160.0";"azn";"Автомобиль";"50 103 Sigorta ve texniki baxis";"Albali кредитная карта";"Резервы";""		
2022-08-10;"200.0";"";"azn";"";"";"";"";"ASB kart => Albali кредитная карта"		
2022-08-10;"300.0";"";"azn";"";"";"";"";"ASB kart => Кошелёк"		
2022-08-10;"269.0";"269.0";"azn";"Пенсия Самира";"269";"ABB kart Samira";"Резервы";""		
2022-08-09;"-39.9";"-20.0";"azn";"Ребенок";"39.9";"Albali кредитная карта";"Резервы";""		
2022-08-09;"-35.0";"-45.0";"azn";"Автомобиль / Бензин";"35";"Albali кредитная карта";"Резервы";""		
2022-08-09;"-12.0";"-12.0";"azn";"Платный софт";"12 Memento databse";"Albali кредитная карта";"Резервы";""		
2022-08-08;"-5.9";"";"azn";"Продукты";"5.9";"Кошелёк";"Резервы";""		
2022-08-08;"-5.6";"-5.6";"azn";"Платный софт";"5.6 ticktick";"Albali кредитная карта";"Резервы";""		
2022-08-08;"-24.0";"-20.0";"azn";"Продукты";"24";"Albali кредитная карта";"Резервы";""		
2022-08-07;"-15.559999999999999";"-20.0";"azn";"Ребенок";"5.52 4.92 5.12";"Albali кредитная карта";"Резервы";""		
2022-08-07;"-19.33";"-30.0";"azn";"Ком. услуги / Электроэнергия";"19.33";"Albali кредитная карта";"Резервы";""		
2022-08-07;"-1.4";"";"azn";"Продукты";"1.4";"Кошелёк";"Резервы";""		
2022-08-07;"-7.9";"-20.0";"azn";"Продукты";"7.9";"Кошелек Самира";"Резервы";""		
2022-08-07;"-22.5";"-20.0";"azn";"Продукты";"22.5";"Albali кредитная карта";"Резервы";""		
2022-08-07;"-11.3";"-15.0";"azn";"Гигиена и красота";"11.3";"Albali кредитная карта";"Резервы";""		
2022-08-06;"-96.0";"";"azn";"Орифлейм";"96";"Albali кредитная карта";"ХаниМани";""		
2022-08-06;"900.0";"";"azn";"";"";"";"";"ХаниМани => Резервы"		
2022-08-06;"1.0";"";"azn";"";"";"";"";"3 неделя => ХаниМани"		
2022-08-06;"87.0";"";"azn";"";"";"";"";"Резервы => ХаниМани"		
2022-08-06;"200.0";"";"azn";"";"";"";"";"ХаниМани => Отдых в Гебеле"		
2022-08-06;"21.0";"";"azn";"";"";"";"";"1 неделя => ХаниМани"		
2022-08-06;"9.0";"";"azn";"";"";"";"";"5 неделя => ХаниМани"		
2022-08-06;"-9.0";"";"azn";"Интернет и связь";"9 Ильгар";"Albali кредитная карта";"1 неделя";""		
2022-08-06;"-25.0";"";"azn";"Платный софт";"25 honey money";"Albali кредитная карта";"ХаниМани";""		
2022-08-05;"100.0";"";"azn";"";"";"";"";"ASB kart => Albali кредитная карта"		
2022-08-05;"-32.0";"";"azn";"Ком. услуги / Квартира";"32";"Кошелёк";"ХаниМани";""		
2022-08-05;"-40.0";"";"azn";"Гигиена и красота";"40 Самира салон";"Кошелёк";"ХаниМани";""		
2022-08-05;"100.0";"";"azn";"";"";"";"";"ASB kart => Albali kart"		
2022-08-05;"90.0";"";"azn";"";"";"";"";"ASB kart => Кошелёк"		
2022-08-05;"-0.8";"";"azn";"Продукты";"0.8";"Albali кредитная карта";"1 неделя";""		
2022-08-05;"-4.42";"";"azn";"Гигиена и красота";"4.42";"Albali кредитная карта";"1 неделя";""		
2022-08-04;"-21.25";"";"azn";"Продукты";"21.25";"Albali кредитная карта";"1 неделя";""		
2022-08-04;"-5.25";"";"azn";"Продукты";"5.25";"Albali кредитная карта";"1 неделя";""		
2022-08-03;"-20.0";"";"azn";"Автомобиль / Бензин";"20";"Albali кредитная карта";"1 неделя";""		
2022-08-03;"-3.0";"";"azn";"Автомобиль / Мойка";"3";"Кошелёк";"1 неделя";""		
2022-08-03;"-6.2";"";"azn";"Продукты";"6.2";"Albali кредитная карта";"1 неделя";""		
2022-08-02;"240.0";"";"azn";"";"";"";"";"ASB kart => Albali кредитная карта"		
2022-08-02;"-13.7";"";"azn";"Ребенок";"13.7 витамин d";"Albali кредитная карта";"1 неделя";""		
2022-08-02;"-5.5";"";"azn";"Продукты";"5.5";"Albali кредитная карта";"1 неделя";""		
2022-08-01;"100.0";"";"azn";"";"";"";"";"ASB kart => Кошелёк"		
2022-08-01;"200.0";"";"azn";"";"";"";"";"ХаниМани => 1 неделя"		
2022-08-01;"-4.1";"";"azn";"Медицина / Лекарства";"4.1";"Albali кредитная карта";"1 неделя";""		
2022-08-01;"-4.7";"";"azn";"Гигиена и красота";"4.7";"Albali кредитная карта";"1 неделя";""		
2022-08-01;"-27.0";"";"azn";"Ребенок";"27 Смесь и каша";"Albali кредитная карта";"1 неделя";""		
2022-08-01;"-3.3";"";"azn";"Транспорт";"3.3";"Кошелёк";"1 неделя";""		
2022-08-01;"146.0";"";"azn";"";"";"";"";"ASB kart => Депозит-Подушка безопасности"		
2022-08-01;"1822.0";"";"azn";"";"";"";"";"Резервы => ХаниМани"		
2022-08-01;"-20.8";"";"azn";"Автомобиль / Запчасти";"20.8";"Кошелёк";"1 неделя";""		
2022-08-01;"-30.0";"";"azn";"Автомобиль / Ремонт";"30";"Кошелёк";"1 неделя";""		
2022-08-01;"4.0";"";"azn";"Проценты и бонусы";"4";"Депозит-Подушка безопасности";"ХаниМани";""		
2022-08-01;"1862.0";"1900.0";"azn";"Зарплата Ильгар";"1862";"ASB kart";"Резервы";""		
2022-07-31;"5.0";"";"azn";"";"";"";"";"Кошелёк => Кошелек Самира"		
2022-07-31;"-2.85";"";"azn";"Гигиена и красота";"2.85";"Albali кредитная карта";"5 неделя";""		
2022-07-31;"-4.2";"";"azn";"Продукты";"4.2";"Albali кредитная карта";"5 неделя";""		
2022-07-31;"-3.0";"";"azn";"Продукты";"3";"Кошелёк";"5 неделя";""		
2022-07-30;"-2.6";"";"azn";"Продукты";"2.6";"Кошелек Самира";"5 неделя";""		
2022-07-30;"-2.0";"";"azn";"Интернет и связь";"2 Ильгар";"Albali кредитная карта";"5 неделя";""		
2022-07-30;"-15.0";"";"azn";"Интернет и связь";"15 internet";"Albali кредитная карта";"5 неделя";""		
2022-07-30;"-2.1";"";"azn";"Продукты";"2.1";"Albali кредитная карта";"4 неделя";""		
2022-07-29;"-3.5";"";"azn";"Платный софт";"3.5 Stayfree";"Albali кредитная карта";"5 неделя";""		
2022-07-29;"100.0";"";"azn";"";"";"";"";"ABB kart Samira => Albali кредитная карта"		
2022-07-28;"-10.0";"";"azn";"Ребенок";"10 врачу";"Кошелёк";"5 неделя";""		
2022-07-28;"-3.0";"";"azn";"Интернет и связь";"3 Ильгар";"Albali кредитная карта";"5 неделя";""		
2022-07-28;"54.0";"";"azn";"";"";"";"";"ABB kart Samira => Кошелёк"		
2022-07-28;"-10.0";"";"azn";"Ребенок";"10 Врачу";"Кошелек Самира";"5 неделя";""		
2022-07-28;"-20.0";"";"azn";"Автомобиль / Бензин";"20";"Кошелёк";"5 неделя";""		
2022-07-28;"-26.0";"";"azn";"Продукты";"26";"Albali кредитная карта";"5 неделя";""		
2022-07-27;"-6.0";"";"azn";"Продукты";"6";"Albali кредитная карта";"5 неделя";""		
2022-07-27;"-10.0";"";"azn";"Продукты";"10";"Albali кредитная карта";"5 неделя";""		
2022-07-26;"0.0";"";"azn";"";"";"Albali кредитная карта";"ХаниМани";""		
2022-07-26;"-12.0";"";"azn";"Кафе	 ресторан";"12";"Кошелёк";"5 неделя";""	
2022-07-26;"100.0";"";"azn";"";"";"";"";"ABB kart Samira => Albali кредитная карта"		
2022-07-26;"-40.0";"";"azn";"Ребенок";"40 смесь и подгузники";"Albali кредитная карта";"5 неделя";""		
2022-07-26;"-4.0";"";"azn";"Ребенок";"4 стрижка";"Кошелёк";"4 неделя";""		
2022-07-25;"-2.0";"";"azn";"Одежда и обувь";"2";"Кошелек Самира";"4 неделя";""		
2022-07-25;"-12.0";"";"azn";"Ребенок";"12 Обувь";"Кошелек Самира";"4 неделя";""		
2022-07-25;"-2.0";"";"azn";"Ребенок";"2 Игрушки";"Кошелек Самира";"4 неделя";""		
2022-07-25;"-8.0";"";"azn";"Дом";"8";"Albali кредитная карта";"5 неделя";""		
2022-07-25;"-1.8";"";"azn";"Ребенок";"1.8 Игрушки";"Albali кредитная карта";"4 неделя";""		
2022-07-25;"-12.5";"";"azn";"Продукты";"12.5";"Albali кредитная карта";"5 неделя";""		
2022-07-24;"2.0";"";"azn";"";"";"";"";"Кошелёк => Кошелек Самира"		
2022-07-24;"-50.0";"";"azn";"Подарки";"50 Свадьба сына Адиля";"Кошелёк";"4 неделя";""		
2022-07-24;"-9.0";"";"azn";"Продукты";"9";"Albali кредитная карта";"4 неделя";""		
2022-07-24;"-6.0";"";"azn";"Дом";"6";"Albali кредитная карта";"4 неделя";""		
2022-07-24;"-8.0";"";"azn";"Платный софт";"8 megogo";"Albali кредитная карта";"4 неделя";""		
2022-07-23;"-10.0";"";"azn";"Ребенок";"10 смесь";"Albali кредитная карта";"4 неделя";""		
2022-07-23;"-29.0";"";"azn";"Продукты";"29";"Albali кредитная карта";"4 неделя";""		
2022-07-22;"-3.0";"";"azn";"Продукты";"3";"Albali кредитная карта";"3 неделя";""		
2022-07-22;"-8.4";"";"azn";"Подарки";"8.4";"Кошелёк";"4 неделя";""		
2022-07-22;"-41.0";"";"azn";"Автомобиль / Бензин";"41";"Albali кредитная карта";"4 неделя";""		
2022-07-21;"150.0";"";"azn";"";"";"";"";"ASB kart => Albali кредитная карта"		
2022-07-20;"-14.0";"";"azn";"Продукты";"14";"Albali кредитная карта";"4 неделя";""		
2022-07-19;"-6.2";"";"azn";"Продукты";"6.2";"Albali кредитная карта";"3 неделя";""		
2022-07-19;"-2.6";"";"azn";"Продукты";"2.6";"Albali кредитная карта";"3 неделя";""		
2022-07-19;"-6.3";"";"azn";"Продукты";"6.3";"Albali кредитная карта";"3 неделя";""		
2022-07-18;"-2.0";"";"azn";"Кафе	 ресторан";"2";"Кошелёк";"3 неделя";""	
2022-07-18;"-50.0";"";"azn";"Автомобиль / Ремонт";"50";"ASB kart";"ХаниМани";""		
2022-07-18;"70.0";"";"azn";"";"";"";"";"ABB kart Samira => Кошелёк"		
2022-07-18;"-24.0";"";"azn";"Автомобиль / Запчасти";"24";"Кошелёк";"3 неделя";""		
2022-07-18;"319.0";"";"azn";"Пенсия Самира";"319";"ABB kart Samira";"ХаниМани";""		
2022-07-18;"-8.5";"";"azn";"Продукты";"8.5";"ASB kart";"3 неделя";""		
2022-07-18;"-8.0";"";"azn";"Ком. услуги / Вода";"8";"Albali кредитная карта";"3 неделя";""		
2022-07-17;"-50.0";"";"azn";"Подарки";"50 на свадьбу сына Менсура";"Кошелёк";"3 неделя";""		
2022-07-16;"160.0";"";"azn";"Подарки";"20 20 20 30 50 20Ребенку в деревне";"Кошелек Самира";"ХаниМани";""		
2022-07-14;"-4.3";"";"azn";"Платный софт";"4.3 google one";"Albali кредитная карта";"1 неделя";""		
2022-07-14;"-10.0";"";"azn";"Кафе	 ресторан";"10";"Кошелёк";"3 неделя";""	
2022-07-14;"-31.3";"";"azn";"Подарки";"31.3";"Кошелёк";"3 неделя";""		
2022-07-13;"-10.0";"";"azn";"Интернет и связь";"10 Ильгар";"Albali кредитная карта";"3 неделя";""		
2022-07-12;"-15.2";"";"azn";"Подарки";"15.2";"Albali кредитная карта";"1 неделя";""		
2022-07-12;"-5.5";"";"azn";"Подарки";"5.5";"Кошелёк";"3 неделя";""		
2022-07-12;"-28.6";"";"azn";"Автомобиль / Бензин";"28.6";"Albali кредитная карта";"3 неделя";""		
2022-07-12;"-3.0";"";"azn";"Автомобиль / Мойка";"3";"Кошелёк";"3 неделя";""		
2022-07-12;"-3.6";"";"azn";"Продукты";"3.6";"Albali кредитная карта";"1 неделя";""		
2022-07-11;"-6.3";"";"azn";"Продукты";"6.3";"Кошелёк";"ХаниМани";""		
2022-07-11;"-8.5";"";"azn";"Продукты";"8.5";"Albali кредитная карта";"ХаниМани";""		
2022-07-11;"-1.5";"";"azn";"Кафе	 ресторан";"1.5";"Кошелёк";"ХаниМани";""	
2022-07-10;"-11.5";"";"azn";"Платный софт";"11.5 Memento database";"Albali кредитная карта";"ХаниМани";""		
2022-07-08;"85.0";"";"azn";"";"";"";"";"ASB kart => Кошелёк"		
2022-07-08;"-4.75";"";"azn";"Платный софт";"4.75 ticktick";"Albali кредитная карта";"1 неделя";""		
2022-07-08;"-42.0";"";"azn";"Автомобиль / Бензин";"42";"Albali кредитная карта";"ХаниМани";""		
2022-07-08;"-27.3";"";"azn";"Подарки";"27.3";"Кошелёк";"ХаниМани";""		
2022-07-08;"-13.4";"";"azn";"Гигиена и красота";"13.4";"Кошелёк";"ХаниМани";""		
2022-07-08;"-38.4";"";"azn";"Ребенок";"38.4 Смесь и каши";"Albali кредитная карта";"ХаниМани";""		
2022-07-08;"-6.0";"";"azn";"Подарки";"6";"ASB kart";"ХаниМани";""		
2022-07-08;"-2.2";"";"azn";"Подарки";"2.2";"Кошелёк";"ХаниМани";""		
2022-07-07;"100.0";"";"azn";"";"";"";"";"ASB kart => Albali кредитная карта"		
2022-07-07;"-23.65";"";"azn";"Ком. услуги / Электроэнергия";"23.65";"Albali кредитная карта";"ХаниМани";""		
2022-07-07;"-2.0";"";"azn";"Продукты";"2";"Кошелёк";"1 неделя";""		
2022-07-07;"-6.0";"";"azn";"Автомобиль / Запчасти";"6";"Кошелёк";"1 неделя";""		
2022-07-07;"-23.0";"";"azn";"Автомобиль / Ремонт";"23";"Кошелёк";"ХаниМани";""		
2022-07-07;"-20.0";"";"azn";"Автомобиль / Ремонт";"20";"Кошелёк";"ХаниМани";""		
2022-07-07;"53.0";"";"azn";"";"";"";"";"Кошелёк => ASB kart"		
2022-07-06;"-30.0";"";"azn";"Подарки";"30";"Кошелёк";"1 неделя";""		
2022-07-06;"-20.0";"";"azn";"Подарки";"20";"Кошелёк";"1 неделя";""		
2022-07-06;"300.0";"";"azn";"";"";"";"";"ASB kart => Кошелёк"		
2022-07-06;"-13.0";"";"azn";"Дом";"13 термос";"ASB kart";"1 неделя";""		
2022-07-06;"-2.3";"";"azn";"Подарки";"2.3";"Albali кредитная карта";"1 неделя";""		
2022-07-06;"-4.0";"";"azn";"Кафе	 ресторан";"4";"Кошелёк";"1 неделя";""	
2022-07-06;"-30.4";"";"azn";"Подарки";"30.4";"Albali кредитная карта";"ХаниМани";""		
2022-07-06;"-21.9";"";"azn";"Подарки";"21.9";"Albali кредитная карта";"ХаниМани";""		
2022-07-06;"-13.0";"";"azn";"Подарки";"13";"Albali кредитная карта";"ХаниМани";""		
2022-07-05;"-2.7";"";"azn";"Продукты";"2.7";"Albali кредитная карта";"1 неделя";""		
2022-07-05;"-7.0";"";"azn";"Продукты";"7";"Кошелёк";"1 неделя";""		
2022-07-05;"-2.0";"";"azn";"Продукты";"2";"Albali кредитная карта";"1 неделя";""		
2022-07-05;"-8.0";"";"azn";"Транспорт";"8 такси";"Кошелёк";"1 неделя";""		
2022-07-04;"100.0";"";"azn";"";"";"";"";"ASB kart => Кошелёк"		
2022-07-04;"-20.0";"";"azn";"Ребенок";"20 одежда";"Кошелёк";"2 неделя";""		
2022-07-04;"-40.0";"";"azn";"Одежда и обувь";"40";"ASB kart";"2 неделя";""		
2022-07-04;"-15.0";"";"azn";"Одежда и обувь";"15";"Кошелёк";"2 неделя";""		
2022-07-04;"-2.0";"";"azn";"Одежда и обувь";"2";"Кошелёк";"2 неделя";""		
2022-07-04;"-17.0";"";"azn";"Ребенок";"17 одежда";"Кошелёк";"2 неделя";""		
2022-07-04;"-28.0";"";"azn";"Кафе	 ресторан";"28";"Кошелёк";"2 неделя";""	
2022-07-04;"-20.0";"";"azn";"Ребенок";"20 смесь";"Albali кредитная карта";"2 неделя";""		
2022-07-04;"-13.0";"";"azn";"Медицина / Лекарства";"13";"Albali кредитная карта";"2 неделя";""		
2022-07-04;"-45.0";"";"azn";"Одежда и обувь";"45";"Кошелёк";"2 неделя";""		
2022-07-04;"-15.0";"";"azn";"Подарки";"15";"Albali кредитная карта";"1 неделя";""		
2022-07-03;"-2.2";"";"azn";"Продукты";"2.2";"Кошелёк";"1 неделя";""		
2022-07-03;"-7.0";"";"azn";"Продукты";"7";"Кошелёк";"1 неделя";""		
2022-07-03;"95.0";"";"azn";"";"";"";"";"ABB kart Samira => Кошелёк"		
2022-07-03;"-15.0";"";"azn";"Автомобиль / Ремонт";"15";"Кошелёк";"1 неделя";""		
2022-07-03;"-12.0";"";"azn";"Автомобиль / Запчасти";"12";"Кошелёк";"1 неделя";""		
2022-07-02;"-1.0";"";"azn";"Подарки";"1";"Кошелёк";"1 неделя";""		
2022-07-02;"-14.0";"";"azn";"Транспорт";"14 такси";"Кошелёк";"1 неделя";""		
2022-07-02;"-8.0";"";"azn";"Транспорт";"8 на такси";"Кошелёк";"1 неделя";""		
2022-07-02;"-0.6";"";"azn";"Продукты";"0.6";"Albali кредитная карта";"1 неделя";""		
2022-07-01;"50.0";"";"azn";"";"";"";"";"ABB kart Samira => Кошелёк"		
2022-07-01;"200.0";"";"azn";"";"";"";"";"ХаниМани => 2 неделя"		
2022-07-01;"198.0";"";"azn";"";"";"";"";"ХаниМани => 4 неделя"		
2022-07-01;"965.0";"";"azn";"";"";"";"";"Albali kart => Albali кредитная карта"		
2022-07-01;"200.0";"";"azn";"";"";"";"";"ХаниМани => 3 неделя"		
2022-07-01;"193.0";"";"azn";"";"";"";"";"ХаниМани => 5 неделя"		
2022-07-01;"-8.9";"";"azn";"Подарки";"8.9 К Нусреддину";"Albali кредитная карта";"ХаниМани";""		
2022-07-01;"-30.0";"";"azn";"Автомобиль / Бензин";"30";"Albali кредитная карта";"ХаниМани";""		
2022-07-01;"10.0";"";"azn";"Проценты и бонусы";"10";"Депозит-Подушка безопасности";"ХаниМани";""		
2022-07-01;"-3.0";"";"azn";"Интернет и связь";"3 Самира";"Albali кредитная карта";"ХаниМани";""		
2022-07-01;"20.0";"";"azn";"";"";"";"";"ASB kart => Кошелёк"		
2022-07-01;"1944.0";"";"azn";"Зарплата Ильгар";"1944";"ASB kart";"ХаниМани";""		
2022-07-01;"947.0";"";"azn";"";"";"";"";"ASB kart => Albali кредитная карта"		
2022-07-01;"100.0";"";"azn";"";"";"";"";"Albali кредитная карта => Депозит-Подушка безопасности"		
2022-07-01;"100.0";"";"azn";"";"";"";"";"ASB kart => Albali kart"		
2022-07-01;"200.0";"";"azn";"";"";"";"";"ХаниМани => 1 неделя"		
2022-06-30;"-1.0";"";"azn";"Автомобиль / Мойка";"1";"Кошелёк";"2 неделя";""		
2022-06-30;"-15.0";"";"azn";"Интернет и связь";"15 aile tv";"Albali кредитная карта";"ХаниМани";""		
2022-06-29;"-52.2";"";"azn";"Ребенок";"52.2";"Albali кредитная карта";"ХаниМани";""		
2022-06-29;"-7.3";"";"azn";"Гигиена и красота";"7.3";"Albali кредитная карта";"5 неделя";""		
2022-06-29;"105.0";"";"azn";"";"";"";"";"ABB kart Samira => Кошелёк"		
2022-06-29;"-17.0";"";"azn";"Подарки";"17 цветы маме";"Кошелёк";"ХаниМани";""		
2022-06-29;"-15.0";"";"azn";"Подарки";"15 торт маме";"Кошелёк";"ХаниМани";""		
2022-06-29;"-50.0";"";"azn";"Подарки";"50 маме на ДР";"Кошелёк";"ХаниМани";""		
2022-06-29;"-70.0";"";"azn";"Продукты";"70";"Кошелёк";"ХаниМани";""		
2022-06-29;"-42.5";"";"azn";"Продукты";"42.5";"Albali кредитная карта";"ХаниМани";""		
2022-06-29;"-0.7";"";"azn";"Продукты";"0.7";"Кошелёк";"1 неделя";""		
2022-06-28;"-0.65";"";"azn";"Продукты";"0.65";"Albali кредитная карта";"1 неделя";""		
2022-06-28;"-15.0";"";"azn";"Транспорт";"15 такси";"Кошелёк";"ХаниМани";""		
2022-06-27;"-10.4";"";"azn";"Продукты";"10.4";"Albali кредитная карта";"5 неделя";""		
2022-06-27;"-3.0";"";"azn";"Подарки";"3 Маме Самиры контур";"Albali кредитная карта";"4 неделя";""		
2022-06-26;"-21.0";"";"azn";"Транспорт";"21";"Кошелёк";"5 неделя";""		
2022-06-26;"75.0";"";"azn";"";"";"";"";"ABB kart Samira => Кошелёк"		
2022-06-26;"-100.0";"";"azn";"Подарки";"100 на новую квартиру Рашада";"Кошелек Самира";"ХаниМани";""		
2022-06-25;"-2.0";"";"azn";"Продукты";"2";"Albali кредитная карта";"3 неделя";""		
2022-06-25;"-6.0";"";"azn";"Продукты";"6";"Кошелёк";"5 неделя";""		
2022-06-25;"-6.0";"-6.2";"azn";"Интернет и связь";"6 Megogo";"Albali кредитная карта";"ХаниМани";""		
2022-06-24;"45.0";"";"azn";"";"";"";"";"Кошелек Самира => Кошелёк"		
2022-06-24;"-11.0";"";"azn";"Развлечения и хобби";"11 Аттракционы";"Кошелёк";"ХаниМани";""		
2022-06-24;"-3.0";"";"azn";"Продукты";"3";"Кошелёк";"ХаниМани";""		
2022-06-24;"-10.0";"";"azn";"Кафе	 ресторан";"10 чай";"Кошелёк";"ХаниМани";""	
2022-06-24;"-26.0";"";"azn";"Кафе	 ресторан";"26 ресторан";"Кошелёк";"ХаниМани";""	
2022-06-24;"-10.0";"";"azn";"Транспорт";"10";"Кошелёк";"ХаниМани";""		
2022-06-23;"-40.0";"";"azn";"Продукты";"40";"Albali кредитная карта";"4 неделя";""		
2022-06-23;"-5.0";"";"azn";"Продукты";"5";"Кошелёк";"4 неделя";""		
2022-06-23;"-12.3";"";"azn";"Дом";"12.3";"Albali кредитная карта";"4 неделя";""		
2022-06-22;"45.0";"";"azn";"";"";"";"";"ASB kart => Кошелёк"		
2022-06-21;"-57.0";"";"azn";"Развлечения и хобби";"57 В Гебеле Лаванда";"ABB kart Samira";"5 неделя";""		
2022-06-21;"-20.0";"";"azn";"Автомобиль / Бензин";"20";"Кошелёк";"5 неделя";""		
2022-06-21;"90.0";"";"azn";"Зарплата Ильгар";"90";"ASB kart";"ХаниМани";""		
2022-06-21;"-23.2";"";"azn";"Ребенок";"23.2 Смесь и каша";"Albali кредитная карта";"4 неделя";""		
2022-06-21;"64.0";"";"azn";"";"";"";"";"ASB kart => Кошелёк"		
2022-06-21;"-43.0";"";"azn";"Гигиена и красота";"43";"Кошелёк";"4 неделя";""		
2022-06-21;"-50.0";"";"azn";"Одежда и обувь";"50";"Кошелёк";"4 неделя";""		
2022-06-21;"-5.7";"";"azn";"Продукты";"5.7";"Кошелёк";"4 неделя";""		
2022-06-21;"-12.4";"";"azn";"Ребенок";"12.4";"Albali кредитная карта";"4 неделя";""		
2022-06-21;"-3.5";"";"azn";"Подарки";"3.5";"Albali кредитная карта";"4 неделя";""		
2022-06-20;"2.0";"";"azn";"";"";"";"";"Кошелёк => Кошелек Самира"		
2022-06-20;"-3.0";"";"azn";"Продукты";"3";"Кошелёк";"5 неделя";""		
2022-06-20;"-4.0";"";"azn";"Продукты";"4";"Кошелёк";"5 неделя";""		
2022-06-20;"-15.0";"";"azn";"Ребенок";"15 на прививку и врачу";"Кошелёк";"5 неделя";""		
2022-06-19;"-3.0";"";"azn";"Интернет и связь";"3 Ильгар";"Albali кредитная карта";"5 неделя";""		
2022-06-18;"-10.0";"";"azn";"Ком. услуги / Вода";"10";"Albali кредитная карта";"5 неделя";""		
2022-06-18;"-5.2";"";"azn";"Продукты";"5.2";"Кошелёк";"3 неделя";""		
2022-06-17;"-3.0";"";"azn";"Развлечения и хобби";"3 Футбол";"Кошелёк";"3 неделя";""		
2022-06-17;"-37.6";"";"azn";"Ребенок";"37.6 Подгузники";"Albali кредитная карта";"3 неделя";""		
2022-06-17;"-21.0";"";"azn";"Гигиена и красота";"21";"Albali кредитная карта";"3 неделя";""		
2022-06-17;"-5.8";"";"azn";"Одежда и обувь";"5	8";"Albali кредитная карта";"3 неделя";""	
2022-06-17;"-8.13";"";"azn";"Продукты";"8.13";"Albali кредитная карта";"3 неделя";""		
2022-06-17;"-65.65";"";"azn";"Продукты";"65.65";"Albali кредитная карта";"3 неделя";""		
2022-06-17;"-8.0";"";"azn";"Платный софт";"8 Zenkit ToDo";"Albali кредитная карта";"3 неделя";""		
2022-06-16;"60.0";"";"azn";"";"";"";"";"ASB kart => Кошелёк"		
2022-06-15;"-7.3";"";"azn";"Подарки";"7.3 К Нусреддину";"Кошелёк";"3 неделя";""		
2022-06-15;"-8.0";"";"azn";"Автомобиль / Мойка";"8";"Кошелёк";"3 неделя";""		
2022-06-15;"20.0";"";"azn";"Подарки";"20 Эми для ребенка";"Кошелек Самира";"ХаниМани";""		
2022-06-14;"-20.0";"";"azn";"Автомобиль / Бензин";"20";"Кошелёк";"3 неделя";""		
2022-06-13;"-8.0";"";"azn";"Интернет и связь";"8 Ильгар";"Albali кредитная карта";"3 неделя";""		
2022-06-13;"-4.84";"";"azn";"Продукты";"4.84";"Albali кредитная карта";"1 неделя";""		
2022-06-12;"31.0";"";"azn";"";"";"";"";"ASB kart => Кошелёк"		
2022-06-12;"-27.0";"";"azn";"Продукты";"27";"Кошелёк";"1 неделя";""		
2022-06-12;"-26.4";"";"azn";"Ребенок";"26.4 Смесь каша крем от комаров";"Albali кредитная карта";"5 неделя";""		
2022-06-12;"-10.4";"";"azn";"Медицина / Лекарства";"10.4";"Albali кредитная карта";"5 неделя";""		
2022-06-11;"-10.0";"";"azn";"Ребенок";"10 Каша";"Albali кредитная карта";"1 неделя";""		
2022-06-11;"-5.6";"";"azn";"Гигиена и красота";"5.6";"Albali кредитная карта";"1 неделя";""		
2022-06-10;"-20.0";"";"azn";"Автомобиль / Бензин";"20";"Кошелёк";"1 неделя";""		
2022-06-10;"550.0";"";"azn";"";"";"";"";"ABB kart Samira => Albali кредитная карта"		
2022-06-10;"48.0";"";"azn";"Проценты и бонусы";"48 кэшбек";"Albali кредитная карта";"ХаниМани";""		
2022-06-10;"-16.0";"";"azn";"Ком. услуги / Квартира";"16";"Кошелёк";"1 неделя";""		
2022-06-10;"-10.6";"";"azn";"Ребенок";"10.6 смесь";"Albali кредитная карта";"1 неделя";""		
2022-06-09;"-220.0";"";"azn";"Автомобиль / Ремонт";"220";"Кошелёк";"Капитальный ремонт авто";""		
2022-06-09;"-230.0";"";"azn";"Автомобиль / Запчасти";"230";"Кошелёк";"Капитальный ремонт авто";""		
2022-06-09;"-10.2";"";"azn";"Платный софт";"10.2 Memento database";"Albali кредитная карта";"1 неделя";""		
2022-06-09;"495.0";"";"azn";"";"";"";"";"ASB kart => Кошелёк"		
2022-06-09;"115.0";"";"azn";"";"";"";"";"ХаниМани => Капитальный ремонт авто"		
2022-06-09;"-12.0";"";"azn";"Продукты";"12";"Albali кредитная карта";"2 неделя";""		
2022-06-08;"268.0";"";"azn";"Пенсия Самира";"268";"ABB kart Samira";"ХаниМани";""		
2022-06-08;"-5.0";"";"azn";"Гигиена и красота";"5 парикмахер";"Кошелёк";"2 неделя";""		
2022-06-08;"-13.0";"";"azn";"Транспорт";"8 +5";"Кошелёк";"2 неделя";""		
2022-06-08;"-40.0";"";"azn";"Автомобиль / Ремонт";"40 мастерам в Сумгаите";"ASB kart";"2 неделя";""		
2022-06-08;"-3.1";"";"azn";"Ребенок";"3.1";"Albali кредитная карта";"2 неделя";""		
2022-06-08;"-30.0";"";"azn";"Автомобиль / Запчасти";"30 ремень";"Кошелёк";"1 неделя";""		
2022-06-08;"-0.3";"";"azn";"Транспорт";"0.3";"Кошелёк";"2 неделя";""		
2022-06-08;"-4.8";"";"azn";"Платный софт";"4.8 TickTick";"Albali кредитная карта";"2 неделя";""		
2022-06-07;"-15.0";"";"azn";"Ребенок";"15 витамин D";"Albali кредитная карта";"2 неделя";""		
2022-06-07;"-9.0";"";"azn";"Продукты";"9";"Albali кредитная карта";"2 неделя";""		
2022-06-07;"196.0";"";"azn";"Проценты и бонусы";"196 EDV geri al";"Albali кредитная карта";"ХаниМани";""		
2022-06-07;"-11.0";"";"azn";"Ребенок";"11 смесь";"Albali кредитная карта";"2 неделя";""		
2022-06-07;"-3.8";"";"azn";"Продукты";"3.8";"Кошелёк";"2 неделя";""		
2022-06-07;"-46.45";"";"azn";"Ком. услуги / Электроэнергия";"46.45";"Albali кредитная карта";"2 неделя";""		
2022-06-06;"-5.9";"";"azn";"Продукты";"5.9";"Кошелёк";"2 неделя";""		
2022-06-06;"-15.5";"";"azn";"Ребенок";"15.5 одежда";"Кошелёк";"2 неделя";""		
2022-06-06;"-14.3";"";"azn";"Продукты";"14.3";"Albali кредитная карта";"2 неделя";""		
2022-06-05;"-2.6";"";"azn";"Продукты";"2.6";"Кошелёк";"1 неделя";""		
2022-06-05;"-22.9";"";"azn";"Продукты";"22.9";"Albali кредитная карта";"1 неделя";""		
2022-06-04;"-10.6";"";"azn";"Ребенок";"10.6 смесь";"Albali кредитная карта";"1 неделя";""		
2022-06-04;"145.0";"";"azn";"";"";"";"";"ASB kart => Кошелёк"		
2022-06-04;"-3.9499999999999997";"";"azn";"Продукты";"3.3 + 0.65";"Кошелёк";"1 неделя";""		
2022-06-04;"300.0";"";"azn";"";"";"";"";"ХаниМани => Капитальный ремонт авто"		
2022-06-03;"5.0";"";"azn";"";"";"";"";"Кошелек Самира => Кошелёк"		
2022-06-03;"-5.0";"";"azn";"Продукты";"5";"Albali кредитная карта";"1 неделя";""		
2022-06-03;"-2.5";"";"azn";"Гигиена и красота";"2.5";"Albali кредитная карта";"1 неделя";""		
2022-06-02;"-240.0";"";"azn";"Автомобиль / Запчасти";"240 Мотор для опеля";"Albali кредитная карта";"Капитальный ремонт авто";""		
2022-06-02;"-5.5";"";"azn";"Ребенок";"5.5 каша";"Albali кредитная карта";"1 неделя";""		
2022-06-02;"100.0";"";"azn";"";"";"";"";"Albali кредитная карта => Albali kart"		
2022-06-02;"100.0";"";"azn";"";"";"";"";"ASB kart => Депозит-Подушка безопасности"		
2022-06-02;"1400.0";"";"azn";"";"";"";"";"ХаниМани => Капитальный ремонт авто"		
2022-06-02;"-5.8";"";"azn";"Дом";"5.8";"Albali кредитная карта";"1 неделя";""		
2022-06-02;"-410.0";"";"azn";"Автомобиль / Запчасти";"410";"Albali кредитная карта";"Капитальный ремонт авто";""		
2022-06-02;"-5.0";"";"azn";"Продукты";"5";"Albali кредитная карта";"1 неделя";""		
2022-06-01;"1054.0";"";"azn";"";"";"";"";"ASB kart => Albali кредитная карта"		
2022-06-01;"500.0";"";"azn";"";"";"";"";"ASB kart => Кошелёк"		
2022-06-01;"197.0";"";"azn";"";"";"";"";"ХаниМани => 5 неделя"		
2022-06-01;"200.0";"";"azn";"";"";"";"";"ХаниМани => 4 неделя"		
2022-06-01;"-715.0";"";"azn";"Автомобиль / Запчасти";"715 Мотор для опеля";"Кошелёк";"Капитальный ремонт авто";""		
2022-06-01;"1938.0";"";"azn";"Зарплата Ильгар";"1938";"ASB kart";"ХаниМани";""		
2022-06-01;"200.0";"";"azn";"";"";"";"";"ХаниМани => 1 неделя"		
2022-06-01;"199.0";"";"azn";"";"";"";"";"ХаниМани => 2 неделя"		
2022-06-01;"199.0";"";"azn";"";"";"";"";"ХаниМани => 3 неделя"		
2022-05-31;"-24.0";"";"azn";"Ребенок";"24 Одежда";"Albali кредитная карта";"ХаниМани";""		
2022-05-31;"-4.0";"";"azn";"Продукты";"4";"Кошелёк";"4 неделя";""		
2022-05-31;"-15.0";"";"azn";"Интернет и связь";"15 Ailenet";"Albali кредитная карта";"ХаниМани";""		
2022-05-31;"20.0";"";"azn";"Орифлейм";"20";"Кошелек Самира";"ХаниМани";""		
2022-05-31;"-3.0";"";"azn";"Интернет и связь";"3 Самира";"Albali кредитная карта";"4 неделя";""		
2022-05-31;"-7.0";"";"azn";"Продукты";"7";"Albali кредитная карта";"4 неделя";""		
2022-05-31;"-9.0";"";"azn";"Подарки";"9 У соседки внук ролился";"Albali кредитная карта";"ХаниМани";""		
2022-05-30;"-7.7";"";"azn";"Продукты";"7.7";"Кошелек Самира";"4 неделя";""		
2022-05-30;"3.0";"";"azn";"";"";"";"";"Кошелёк => Кошелек Самира"		
2022-05-29;"-4.3";"";"azn";"Гигиена и красота";"4.3";"Albali кредитная карта";"4 неделя";""		
2022-05-29;"-47.7";"";"azn";"Продукты";"47.7";"Albali кредитная карта";"4 неделя";""		
2022-05-29;"-17.0";"";"azn";"Ребенок";"17 одежда";"Кошелёк";"4 неделя";""		
2022-05-29;"-5.0";"";"azn";"Одежда и обувь";"5";"Кошелёк";"4 неделя";""		
2022-05-28;"-14.0";"";"azn";"Продукты";"14";"Albali кредитная карта";"4 неделя";""		
2022-05-28;"-5.0";"";"azn";"Продукты";"5";"Кошелек Самира";"4 неделя";""		
2022-05-28;"-4.57";"";"azn";"Гигиена и красота";"4.57";"Albali кредитная карта";"4 неделя";""		
2022-05-27;"300.0";"";"azn";"";"";"";"";"ASB kart => Кошелёк"		
2022-05-27;"5.0";"";"azn";"";"";"";"";"Кошелёк => Кошелек Самира"		
2022-05-27;"10.0";"";"azn";"";"";"";"";"Кошелёк => Кошелек Самира"		
2022-05-27;"-3.65";"";"azn";"Продукты";"3.65";"Кошелек Самира";"3 неделя";""		
2022-05-27;"-15.9";"";"azn";"Ребенок";"15.9 Смесь и каша";"Кошелёк";"5 неделя";""		
2022-05-27;"-73.9";"";"azn";"Продукты";"73.9";"Albali кредитная карта";"4 неделя";""		
2022-05-27;"-2.0";"";"azn";"Развлечения и хобби";"2 Футбол";"Кошелёк";"3 неделя";""		
2022-05-25;"-3.0";"";"azn";"Продукты";"3";"Кошелёк";"5 неделя";""		
2022-05-25;"-30.0";"";"azn";"Автомобиль / Ремонт";"30 Эвакуатор";"Кошелёк";"5 неделя";""		
2022-05-25;"-6.7";"-6.2";"azn";"Интернет и связь";"6.7 Megogo";"Albali кредитная карта";"4 неделя";""		
2022-05-25;"-3.3";"";"azn";"Продукты";"3.3";"Albali кредитная карта";"3 неделя";""		
2022-05-24;"-10.6";"";"azn";"Ребенок";"10.6 Смесь";"Albali кредитная карта";"3 неделя";""		
2022-05-24;"-3.0";"";"azn";"Продукты";"3";"Кошелёк";"3 неделя";""		
2022-05-24;"-10.0";"";"azn";"Дом";"10";"Albali кредитная карта";"3 неделя";""		
2022-05-23;"-0.65";"";"azn";"Продукты";"0.65";"Кошелёк";"2 неделя";""		
2022-05-23;"-27.3";"";"azn";"Ребенок";"27.3 подгузники";"Кошелёк";"3 неделя";""		
2022-05-23;"-8.9";"";"azn";"Продукты";"8.9";"Кошелёк";"3 неделя";""		
2022-05-22;"-11.0";"";"azn";"Ребенок";"11 Смесь";"Albali кредитная карта";"3 неделя";""		
2022-05-22;"-7.0";"";"azn";"Продукты";"7";"Albali кредитная карта";"3 неделя";""		
2022-05-22;"-0.55";"";"azn";"Медицина / Лекарства";"0.55";"Albali кредитная карта";"2 неделя";""		
2022-05-21;"-14.0";"";"azn";"Продукты";"14";"Albali кредитная карта";"3 неделя";""		
2022-05-21;"-2.6";"";"azn";"Одежда и обувь";"2.6";"Albali кредитная карта";"3 неделя";""		
2022-05-21;"-8.5";"";"azn";"Продукты";"8.5";"Кошелёк";"3 неделя";""		
2022-05-19;"-12.0";"";"azn";"Ком. услуги / Вода";"12";"Albali кредитная карта";"3 неделя";""		
2022-05-19;"-13.3";"";"azn";"Ребенок";"13.3 Смесь и каша";"Albali кредитная карта";"3 неделя";""		
2022-05-19;"-6.0";"";"azn";"Ребенок";"6 Соски";"Кошелёк";"3 неделя";""		
2022-05-18;"-10.8";"";"azn";"Ребенок";"10.8 Смесь";"Albali кредитная карта";"3 неделя";""		
2022-05-18;"-0.4";"";"azn";"Дом";"0.4";"Кошелёк";"2 неделя";""		
2022-05-18;"-8.2";"";"azn";"Продукты";"8.2";"Albali кредитная карта";"3 неделя";""		
2022-05-18;"-3.9";"";"azn";"Дом";"3.9 Торф";"Кошелёк";"3 неделя";""		
2022-05-17;"-8.0";"";"azn";"Платный софт";"8 Zenkit todo";"Albali кредитная карта";"3 неделя";""		
2022-05-17;"-17.0";"";"azn";"Продукты";"17";"Albali кредитная карта";"3 неделя";""		
2022-05-17;"-8.0";"";"azn";"Гигиена и красота";"8";"Albali кредитная карта";"3 неделя";""		
2022-05-16;"-0.5";"";"azn";"Продукты";"0.5";"Кошелёк";"2 неделя";""		
2022-05-15;"-28.0";"";"azn";"Подарки";"28 торт день рождения Турала";"Albali кредитная карта";"ХаниМани";""		
2022-05-15;"-100.0";"";"azn";"Подарки";"100 день рождения Турала";"Кошелёк";"ХаниМани";""		
2022-05-15;"-13.0";"";"azn";"Транспорт";"13 такси";"Кошелёк";"5 неделя";""		
2022-05-14;"-6.8";"";"azn";"Продукты";"6.8";"Albali кредитная карта";"5 неделя";""		
2022-05-14;"150.0";"";"azn";"";"";"";"";"ASB kart => Кошелёк"		
2022-05-13;"10.0";"";"azn";"Подарки";"10 Тахир Эми ребенку";"Кошелек Самира";"ХаниМани";""		
2022-05-13;"-20.0";"";"azn";"Ребенок";"20 Смесь";"Albali кредитная карта";"5 неделя";""		
2022-05-13;"-18.8";"";"azn";"Продукты";"18.8";"Albali кредитная карта";"2 неделя";""		
2022-05-13;"-9.0";"";"azn";"Интернет и связь";"9 Ильгар";"Albali кредитная карта";"5 неделя";""		
2022-05-13;"0.5";"";"azn";"";"";"";"";"Кошелёк => Кошелек Самира"		
2022-05-13;"-8.3";"";"azn";"Продукты";"8.3";"Albali кредитная карта";"2 неделя";""		
2022-05-12;"-40.74";"";"azn";"Ком. услуги / Электроэнергия";"40.74";"Albali кредитная карта";"2 неделя";""		
2022-05-12;"-4.7";"";"azn";"Продукты";"4.70";"Кошелёк";"2 неделя";""		
2022-05-12;"-20.0";"";"azn";"Автомобиль / Бензин";"20";"Кошелёк";"2 неделя";""		
2022-05-12;"-5.0";"";"azn";"Ребенок";"5 Одежда";"Кошелёк";"2 неделя";""		
2022-05-12;"249.0";"";"azn";"Пенсия Самира";"249";"ABB kart Samira";"ХаниМани";""		
2022-05-12;"-0.5";"";"azn";"Продукты";"0.5";"Кошелёк";"2 неделя";""		
2022-05-12;"-29.0";"";"azn";"Дом";"29";"Кошелёк";"2 неделя";""		
2022-05-11;"-20.0";"";"azn";"Гигиена и красота";"20 салон";"Кошелек Самира";"ХаниМани";""		
2022-05-11;"-15.0";"";"azn";"Подарки";"15 Кардиолога (мама)";"Кошелёк";"2 неделя";""		
2022-05-10;"-7.4";"";"azn";"Продукты";"7.4";"Albali кредитная карта";"2 неделя";""		
2022-05-10;"-4.0";"";"azn";"Гигиена и красота";"4";"Albali кредитная карта";"1 неделя";""		
2022-05-09;"-15.2";"";"azn";"Платный софт";"15.2 Memento database";"Albali кредитная карта";"5 неделя";""		
2022-05-09;"-21.0";"";"azn";"Ребенок";"21 Смесь две пачки";"Albali кредитная карта";"2 неделя";""		
2022-05-09;"-19.0";"";"azn";"Медицина / Лекарства";"19";"Albali кредитная карта";"2 неделя";""		
2022-05-09;"-100.0";"";"azn";"Гигиена и красота";"100 Салон";"Кошелек Самира";"ХаниМани";""		
2022-05-09;"-1.24";"";"azn";"Гигиена и красота";"1.24";"Albali кредитная карта";"2 неделя";""		
2022-05-09;"60.0";"";"azn";"";"";"";"";"Albali кредитная карта => Кошелёк"		
2022-05-09;"-5.9";"";"azn";"Ребенок";"5.9 Бутылка";"Кошелёк";"2 неделя";""		
2022-05-08;"-10.0";"";"azn";"Платный софт";"10 Ticktick";"Albali кредитная карта";"5 неделя";""		
2022-05-08;"-3.8";"";"azn";"Ребенок";"3.8 соска";"Albali кредитная карта";"5 неделя";""		
2022-05-08;"-3.0";"";"azn";"Подарки";"3 ясемен";"Кошелёк";"5 неделя";""		
2022-05-08;"-8.5";"";"azn";"Продукты";"8.5";"Кошелёк";"5 неделя";""		
2022-05-08;"-5.0";"";"azn";"Продукты";"5";"Albali кредитная карта";"5 неделя";""		
2022-05-07;"-14.9";"";"azn";"Продукты";"14.9";"Albali кредитная карта";"5 неделя";""		
2022-05-06;"-18.0";"";"azn";"Ком. услуги / Отопление";"18";"Кошелёк";"ХаниМани";""		
2022-05-06;"-16.0";"";"azn";"Ком. услуги / Квартира";"16";"Кошелёк";"1 неделя";""		
2022-05-06;"-0.5";"";"azn";"Гигиена и красота";"0.5";"Albali кредитная карта";"1 неделя";""		
2022-05-06;"-2.6";"";"azn";"Продукты";"2.6";"Albali кредитная карта";"1 неделя";""		
2022-05-06;"-12.6";"";"azn";"Ребенок";"12.6 Смесь";"Albali кредитная карта";"5 неделя";""		
2022-05-06;"-25.5";"";"azn";"Платный софт";"25.5 Hmbee.ru";"Albali кредитная карта";"5 неделя";""		
2022-05-05;"-2.3";"";"azn";"Продукты";"2.3";"Albali кредитная карта";"1 неделя";""		
2022-05-04;"";"";"azn";"";"";"";"";"Фильтр воды => Кухонный стол"		
2022-05-04;"25.0";"";"azn";"";"";"";"";"Фильтр воды => Кухонный стол"		
2022-05-04;"37.0";"";"azn";"";"";"";"";"Авто ремонт => ХаниМани"		
2022-05-04;"62.0";"";"azn";"";"";"";"";"Фильтр воды => ХаниМани"		
2022-05-04;"-325.0";"";"azn";"Дом";"325 Кухонный стол со стульями";"Кошелёк";"Кухонный стол";""		
2022-05-04;"-6.0";"";"azn";"Продукты";"6";"Albali кредитная карта";"1 неделя";""		
2022-05-04;"-3.0";"";"azn";"Дом";"3";"Albali кредитная карта";"1 неделя";""		
2022-05-04;"83.0";"";"azn";"Зарплата Ильгар";"83";"ASB kart";"ХаниМани";""		
2022-05-04;"-2.3";"";"azn";"Продукты";"2.3";"Albali кредитная карта";"1 неделя";""		
2022-05-03;"-263.0";"";"azn";"Дом";"263 Фильтр воды";"Albali кредитная карта";"Фильтр воды";""		
2022-05-03;"-0.5";"";"azn";"Продукты";"0.5";"Кошелёк";"1 неделя";""		
2022-05-03;"300.0";"";"azn";"";"";"";"";"ASB kart => Кошелёк"		
2022-05-03;"-30.0";"";"azn";"Автомобиль / Запчасти";"30 Пружины";"Кошелёк";"Авто ремонт";""		
2022-05-03;"-20.0";"";"azn";"Автомобиль / Бензин";"20";"Кошелёк";"1 неделя";""		
2022-05-03;"-130.0";"";"azn";"Дом";"130 amazfit bip s";"Кошелёк";"ХаниМани";""		
2022-05-03;"-24.5";"";"azn";"Ребенок";"24.5 Подгузники";"Кошелёк";"1 неделя";""		
2022-05-02;"-7.5";"";"azn";"Подарки";"7.5 маме картошку";"Кошелёк";"1 неделя";""		
2022-05-02;"-9.8";"";"azn";"Ребенок";"9.8 Смесь";"Кошелёк";"1 неделя";""		
2022-05-02;"-10.0";"";"azn";"Подарки";"10 Нурханум";"Кошелёк";"1 неделя";""		
2022-05-02;"-35.0";"";"azn";"Продукты";"35 мясо";"Кошелёк";"1 неделя";""		
2022-05-02;"-50.0";"";"azn";"Подарки";"50 детям Эльдара";"Кошелёк";"1 неделя";""		
2022-05-01;"1000.0";"1000.0";"azn";"";"";"";"";"ASB kart => Albali кредитная карта"		
2022-05-01;"300.0";"";"azn";"";"";"";"";"ASB kart => Кошелёк"		
2022-05-01;"100.0";"";"azn";"";"";"";"";"ASB kart => Albali kart"		
2022-05-01;"270.0";"";"azn";"";"";"";"";"ABB kart Samira => Albali кредитная карта"		
2022-05-01;"196.0";"";"azn";"";"";"";"";"ABB kart Samira => Albali кредитная карта"		
2022-05-01;"-0.65";"";"azn";"Продукты";"0.65";"Albali кредитная карта";"1 неделя";""		
2022-05-01;"-3.0";"";"azn";"Интернет и связь";"3 Cамира";"Albali кредитная карта";"1 неделя";""		
2022-05-01;"1672.0";"1672.0";"azn";"Зарплата Ильгар";"1672";"ASB kart";"ХаниМани";""		
2022-05-01;"198.0";"";"azn";"";"";"";"";"ХаниМани => 3 неделя"		
2022-05-01;"200.0";"";"azn";"";"";"";"";"ХаниМани => 5 неделя"		
2022-05-01;"-3.0";"";"azn";"Интернет и связь";"3 Ильгар";"Кошелёк";"1 неделя";""		
2022-05-01;"200.0";"";"azn";"";"";"";"";"ХаниМани => 2 неделя"		
2022-05-01;"200.0";"";"azn";"";"";"";"";"ХаниМани => 4 неделя"		
2022-05-01;"100.0";"100.0";"azn";"";"";"";"";"ASB kart => Депозит-Подушка безопасности"		
2022-04-30;"-13.0";"";"azn";"Интернет и связь";"13 aile tv";"Albali кредитная карта";"ХаниМани";""		
2022-04-30;"-20.0";"";"azn";"Автомобиль / Бензин";"20";"Кошелёк";"ХаниМани";""		
2022-04-30;"129.0";"";"azn";"";"";"";"";"ASB kart => Кошелёк"		
2022-04-30;"-253.0";"";"azn";"Автомобиль / Запчасти";"175 Амортизатор 74 газан 3 такси 1 бензин";"Кошелёк";"Авто ремонт";""		
2022-04-30;"-80.0";"";"azn";"Автомобиль / Ремонт";"80";"Кошелёк";"Авто ремонт";""		
2022-04-30;"-7.3";"";"azn";"Продукты";"7.3";"Albali кредитная карта";"ХаниМани";""		
2022-04-29;"-4.8";"";"azn";"Медицина / Лекарства";"4.8";"Albali кредитная карта";"ХаниМани";""		
2022-04-29;"-13.0";"";"azn";"Дом";"5 Кобура для MI8";"Albali кредитная карта";"ХаниМани";""		
2022-04-28;"200.0";"";"azn";"";"";"";"";"ХаниМани => 1 неделя"		
2022-04-28;"400.0";"";"azn";"";"";"";"";"ХаниМани => Авто ремонт"		
2022-04-27;"-13.5";"";"azn";"Продукты";"13.5";"Albali кредитная карта";"ХаниМани";""		
2022-04-27;"105.0";"";"azn";"";"";"";"";"Авто ремонт => ХаниМани"		
2022-04-27;"-12.6";"";"azn";"Ребенок";"12.6 смесь";"Albali кредитная карта";"ХаниМани";""		
2022-04-26;"-38.3";"";"azn";"Продукты";"38.3";"Albali кредитная карта";"ХаниМани";""		
2022-04-26;"-1.7";"";"azn";"Гигиена и красота";"1.7";"Albali кредитная карта";"ХаниМани";""		
2022-04-26;"-6.0";"";"azn";"Гигиена и красота";"6 стрижка. не у Рафаэля";"Кошелёк";"ХаниМани";""		
2022-04-26;"-8.0";"";"azn";"Автомобиль / Мойка";"8";"Кошелёк";"ХаниМани";""		
2022-04-26;"-9.0";"";"azn";"Ребенок";"9 Подгузники";"Albali кредитная карта";"ХаниМани";""		
2022-04-25;"-5.83";"-6.2";"azn";"Интернет и связь";"5.83 Megogo";"Albali кредитная карта";"ХаниМани";""		
2022-04-23;"-9.0";"";"azn";"Ребенок";"9 Смесь";"Albali кредитная карта";"ХаниМани";""		
2022-04-23;"-17.5";"";"azn";"Медицина / Лекарства";"17.5";"Albali кредитная карта";"ХаниМани";""		
2022-04-22;"-0.65";"";"azn";"Продукты";"0.65";"Albali кредитная карта";"ХаниМани";""		
2022-04-22;"50.0";"";"azn";"Подарки";"50 Алида для ребенка";"Кошелек Самира";"ХаниМани";""		
2022-04-21;"-20.0";"";"azn";"Автомобиль / Бензин";"20 девяносто пятый";"Кошелёк";"ХаниМани";""		
2022-04-21;"-12.0";"";"azn";"Подарки";"12 Внуку Намика";"Кошелёк";"ХаниМани";""		
2022-04-21;"-50.0";"";"azn";"Подарки";"50 Внуку Намика";"Albali кредитная карта";"ХаниМани";""		
2022-04-21;"-10.6";"";"azn";"Продукты";"10.6";"Кошелёк";"ХаниМани";""		
2022-04-20;"-11.0";"";"azn";"Продукты";"11";"Albali кредитная карта";"4 неделя";""		
2022-04-20;"-31.6";"";"azn";"Продукты";"31.6";"Albali кредитная карта";"ХаниМани";""		
2022-04-20;"-42.0";"";"azn";"Продукты";"42";"Albali кредитная карта";"ХаниМани";""		
2022-04-19;"-4.4";"";"azn";"Продукты";"4.4";"Albali кредитная карта";"4 неделя";""		
2022-04-18;"-8.5";"";"azn";"Продукты";"8.5";"Кошелёк";"4 неделя";""		
2022-04-18;"-29.5";"";"azn";"Ребенок";"29.5 одежда";"Albali кредитная карта";"5 неделя";""		
2022-04-18;"-2.0";"";"azn";"Ребенок";"2 Ремонт одежды";"Кошелёк";"4 неделя";""		
2022-04-18;"-93.0";"";"azn";"Одежда и обувь";"93";"Кошелёк";"4 неделя";""		
2022-04-18;"-50.0";"";"azn";"Гигиена и красота";"50 Салон";"Кошелёк";"4 неделя";""		
2022-04-18;"-13.1";"";"azn";"Ребенок";"13.1 Смесь";"Albali кредитная карта";"4 неделя";""		
2022-04-18;"-3.0";"";"azn";"Гигиена и красота";"3";"Albali кредитная карта";"4 неделя";""		
2022-04-18;"-15.0";"";"azn";"Продукты";"15";"Albali кредитная карта";"4 неделя";""		
2022-04-17;"-7.0";"";"azn";"Платный софт";"7 Zenkit todo";"Albali кредитная карта";"ХаниМани";""		
2022-04-17;"-2.5";"";"azn";"Платный софт";"2.5 Zenkit todo";"Albali кредитная карта";"5 неделя";""		
2022-04-17;"-5.55";"";"azn";"Продукты";"5.55";"Albali кредитная карта";"3 неделя";""		
2022-04-15;"-50.0";"";"azn";"Дом";"50 Жалюзи";"Кошелек Самира";"Жалюзи";""		
2022-04-15;"-3.0";"";"azn";"Гигиена и красота";"3";"Albali кредитная карта";"3 неделя";""		
2022-04-15;"-17.25";"";"azn";"Продукты";"17.25";"Albali кредитная карта";"3 неделя";""		
2022-04-14;"295.0";"";"azn";"";"";"";"";"ASB kart => Кошелёк"		
2022-04-14;"-50.0";"";"azn";"Дом";"50 Кондиционер мастер";"Кошелёк";"Кондиционер";""		
2022-04-14;"55.0";"";"azn";"";"";"";"";"ХаниМани => Кондиционер"		
2022-04-14;"-3.1";"";"azn";"Гигиена и красота";"3.1";"Albali кредитная карта";"3 неделя";""		
2022-04-14;"-20.0";"";"azn";"Автомобиль / Бензин";"20";"Кошелёк";"3 неделя";""		
2022-04-14;"-12.5";"";"azn";"Продукты";"12.5";"Albali кредитная карта";"3 неделя";""		
2022-04-14;"-8.0";"";"azn";"Продукты";"8";"Albali кредитная карта";"3 неделя";""		
2022-04-13;"-7.0";"";"azn";"Интернет и связь";"7 Ильгар";"Albali кредитная карта";"3 неделя";""		
2022-04-13;"-10.4";"";"azn";"Платный софт";"10.4 Zenkit todo";"Albali кредитная карта";"3 неделя";""		
2022-04-13;"-8.0";"";"azn";"Ком. услуги / Вода";"8";"Albali кредитная карта";"3 неделя";""		
2022-04-13;"-1.5";"";"azn";"Дом";"1.5";"Albali кредитная карта";"3 неделя";""		
2022-04-13;"-4.0";"";"azn";"Продукты";"4";"Albali кредитная карта";"3 неделя";""		
2022-04-12;"-35.0";"";"azn";"Ком. услуги / Отопление";"35";"Кошелёк";"3 неделя";""		
2022-04-12;"-16.0";"";"azn";"Ком. услуги / Квартира";"16";"Кошелёк";"3 неделя";""		
2022-04-12;"-25.6";"";"azn";"Продукты";"25.6";"Albali кредитная карта";"3 неделя";""		
2022-04-12;"-45.0";"";"azn";"Автомобиль / Запчасти";"45";"Кошелёк";"Авто ремонт";""		
2022-04-12;"-10.0";"";"azn";"Автомобиль / Ремонт";"10";"Кошелёк";"3 неделя";""		
2022-04-12;"-0.7";"";"azn";"Продукты";"0.7";"Кошелёк";"3 неделя";""		
2022-04-12;"-10.4";"";"azn";"Ребенок";"10.4 Смесь";"Albali кредитная карта";"3 неделя";""		
2022-04-12;"20.0";"";"azn";"Подарки";"20 Тахир Эми ребенку";"Кошелек Самира";"ХаниМани";""		
2022-04-10;"339.0";"269.0";"azn";"Пенсия Самира";"339";"ABB kart Samira";"ХаниМани";""		
2022-04-10;"-20.0";"";"azn";"Автомобиль / Бензин";"20";"Кошелёк";"5 неделя";""		
2022-04-10;"-11.5";"";"azn";"Платный софт";"11.5 Memento database";"Albali кредитная карта";"5 неделя";""		
2022-04-10;"-12.2";"";"azn";"Продукты";"12.2";"Кошелёк";"5 неделя";""		
2022-04-10;"-13.0";"";"azn";"Продукты";"13";"Кошелёк";"5 неделя";""		
2022-04-09;"-1461.0";"";"azn";"Дом";"1456 Кондиционер + 5 доставка";"Albali кредитная карта";"Кондиционер";""		
2022-04-09;"256.0";"";"azn";"";"";"";"";"ХаниМани => Кондиционер"		
2022-04-09;"-10.4";"";"azn";"Продукты";"10.4";"Albali кредитная карта";"5 неделя";""		
2022-04-09;"-18.5";"";"azn";"Платный софт";"18.5 Zenkit Base";"Albali кредитная карта";"5 неделя";""		
2022-04-09;"-18.0";"";"azn";"Платный софт";"18 Udemy. Не понял за что заплатил";"Albali кредитная карта";"5 неделя";""		
2022-04-09;"-40.0";"";"azn";"Продукты";"40 мясо";"Кошелёк";"5 неделя";""		
2022-04-08;"-4.8";"";"azn";"Платный софт";"4.8 Tick tick";"Albali кредитная карта";"5 неделя";""		
2022-04-08;"10.0";"";"azn";"";"";"";"";"Кошелек Самира => Кошелёк"		
2022-04-08;"-20.0";"";"azn";"Ребенок";"20 Поликлиника Пейвенд";"Кошелёк";"5 неделя";""		
2022-04-07;"-10.0";"";"azn";"Автомобиль / Бензин";"10";"Кошелёк";"2 неделя";""		
2022-04-07;"-15.7";"";"azn";"Ребенок";"15.7 d vitamin";"Albali кредитная карта";"2 неделя";""		
2022-04-07;"-6.0";"";"azn";"Ребенок";"6";"Albali кредитная карта";"2 неделя";""		
2022-04-07;"-33.2";"";"azn";"Продукты";"33.2";"Albali кредитная карта";"2 неделя";""		
2022-04-07;"500.0";"";"azn";"";"";"";"";"ASB kart => Кошелёк"		
2022-04-07;"203.0";"";"azn";"";"";"";"";"Albali кредитная карта => Albali kart"		
2022-04-07;"49.0";"";"azn";"";"";"";"";"ХаниМани => Новый телефон Самире"		
2022-04-07;"-4.7";"";"azn";"Ребенок";"4.7 каша";"Кошелёк";"2 неделя";""		
2022-04-07;"-7.0";"";"azn";"Ребенок";"7";"Albali кредитная карта";"1 неделя";""		
2022-04-07;"-399.0";"";"azn";"Подарки";"399 Новый телефон для Самиры";"Albali кредитная карта";"Новый телефон Самире";""		
2022-04-06;"75.0";"";"azn";"";"";"";"";"ASB kart => Кошелёк"		
2022-04-06;"-4.9";"";"azn";"Ребенок";"4.9 Каша";"Кошелёк";"2 неделя";""		
2022-04-06;"-19.0";"";"azn";"Ребенок";"19 Одежда";"Albali кредитная карта";"2 неделя";""		
2022-04-06;"-18.0";"";"azn";"Транспорт";"9 +9 такси";"Кошелёк";"2 неделя";""		
2022-04-06;"-0.65";"";"azn";"Продукты";"0.65";"Кошелёк";"2 неделя";""		
2022-04-06;"10.2";"";"azn";"Орифлейм";"10.2";"Кошелек Самира";"ХаниМани";""		
2022-04-06;"12.0";"";"azn";"Орифлейм";"12";"Albali кредитная карта";"ХаниМани";""		
2022-04-05;"1910.0";"";"azn";"";"";"";"";"Резервы => ХаниМани"		
2022-04-05;"50.0";"";"azn";"";"";"";"";"Резервы => Жалюзи"		
2022-04-05;"50.0";"";"azn";"";"";"";"";"Albali кредитная карта => Albali kart"		
2022-04-05;"1200.0";"";"azn";"";"";"";"";"ХаниМани => Кондиционер"		
2022-04-05;"43.0";"";"azn";"";"";"";"";"Кошелёк => Albali кредитная карта"		
2022-04-05;"300.0";"";"azn";"";"";"";"";"ХаниМани => Кухонный стол"		
2022-04-05;"350.0";"";"azn";"";"";"";"";"ХаниМани => Фильтр воды"		
2022-04-05;"50.0";"";"azn";"";"";"";"";"Albali кредитная карта => Депозит-Подушка безопасности"		
2022-04-05;"-1.55";"";"azn";"Гигиена и красота";"1.55";"Albali кредитная карта";"2 неделя";""		
2022-04-05;"-25.0";"";"azn";"Продукты";"25";"Albali кредитная карта";"2 неделя";""		
2022-04-04;"-7.5";"";"azn";"Гигиена и красота";"7.5";"Albali кредитная карта";"2 неделя";""		
2022-04-04;"-0.5";"";"azn";"Продукты";"0.5";"Albali кредитная карта";"2 неделя";""		
2022-04-04;"-53.34";"";"azn";"Ком. услуги / Электроэнергия";"53.34";"Albali кредитная карта";"2 неделя";""		
2022-04-04;"1960.0";"1900.0";"azn";"Зарплата Ильгар";"1960";"ASB kart";"Резервы";""		
2022-04-02;"-0.75";"";"azn";"Ребенок";"0.75 Фломастеры";"Кошелёк";"1 неделя";""		
2022-04-02;"-26.23";"";"azn";"Продукты";"26.23";"Albali кредитная карта";"1 неделя";""		
2022-04-01;"100.0";"";"azn";"";"";"";"";"ХаниМани => 1 неделя"		
2022-04-01;"-8.0";"";"azn";"Дом";"8";"Albali кредитная карта";"1 неделя";""		
2022-04-01;"-5.0";"";"azn";"Продукты";"5";"Кошелёк";"1 неделя";""		
2022-04-01;"6.0";"";"azn";"";"";"";"";"ХаниМани => Резервы"		
2022-04-01;"203.0";"";"azn";"";"";"";"";"ХаниМани => 2 неделя"		
2022-04-01;"200.0";"";"azn";"";"";"";"";"ХаниМани => 4 неделя"		
2022-04-01;"202.0";"";"azn";"";"";"";"";"ХаниМани => 3 неделя"		
2022-04-01;"200.0";"";"azn";"";"";"";"";"ХаниМани => 5 неделя"		
2022-04-01;"-20.0";"";"azn";"Автомобиль / Бензин";"20";"Кошелёк";"1 неделя";""		
2022-04-01;"-7.5";"";"azn";"Продукты";"7.5";"Albali кредитная карта";"1 неделя";""		
2022-04-01;"-4.8";"";"azn";"Гигиена и красота";"4.8";"Albali кредитная карта";"1 неделя";""		
2022-04-01;"-20.0";"";"azn";"Подарки";"20 Emrulla yas";"Кошелёк";"1 неделя";""		
2022-03-31;"-3.6";"";"azn";"Ребенок";"3.6 Каша";"Albali кредитная карта";"ХаниМани";""		
2022-03-31;"-35.0";"";"azn";"Ребенок";"35 Матрас для ребенка";"Albali кредитная карта";"ХаниМани";""		
2022-03-31;"-12.6";"";"azn";"Медицина / Лекарства";"12.6";"Albali кредитная карта";"ХаниМани";""		
2022-03-31;"-2.7";"";"azn";"Продукты";"2.7";"Кошелёк";"ХаниМани";""		
2022-03-30;"-13.0";"";"azn";"Интернет и связь";"13 wifi";"Albali кредитная карта";"ХаниМани";""		
2022-03-30;"-2.5";"";"azn";"Продукты";"2.5";"Albali кредитная карта";"ХаниМани";""		
2022-03-29;"-1.0";"";"azn";"Платный софт";"1 Коммисия";"Albali кредитная карта";"ХаниМани";""		
2022-03-29;"-1.0";"";"azn";"Продукты";"1";"Albali кредитная карта";"ХаниМани";""		
2022-03-28;"-47.0";"";"azn";"Орифлейм";"47";"Albali кредитная карта";"ХаниМани";""		
2022-03-28;"-6.83";"";"azn";"Продукты";"6.83";"Albali кредитная карта";"ХаниМани";""		
2022-03-27;"-2.3";"";"azn";"Продукты";"2.3";"Albali кредитная карта";"ХаниМани";""		
2022-03-26;"-3.0";"";"azn";"Интернет и связь";"3 Самира";"Albali кредитная карта";"ХаниМани";""		
2022-03-26;"-0.5";"";"azn";"Продукты";"0.5";"ASB kart";"ХаниМани";""		
2022-03-25;"-14.0";"";"azn";"Продукты";"14";"Albali кредитная карта";"4 неделя";""		
2022-03-25;"-6.2";"-6.2";"azn";"Интернет и связь";"6.2 Megogo";"Albali кредитная карта";"Резервы";""		
2022-03-25;"-4.3";"";"azn";"Ребенок";"4.3 Каша";"Albali кредитная карта";"4 неделя";""		
2022-03-25;"-8.2";"";"azn";"Продукты";"8.2";"Albali кредитная карта";"ХаниМани";""		
2022-03-25;"20.0";"";"azn";"Подарки";"20 Ирада ребенку";"Кошелек Самира";"ХаниМани";""		
2022-03-24;"-4.3";"";"azn";"Ребенок";"4.3 Каша";"Albali кредитная карта";"4 неделя";""		
2022-03-24;"-3.25";"";"azn";"Гигиена и красота";"3.25";"Albali кредитная карта";"4 неделя";""		
2022-03-24;"-0.5";"";"azn";"Продукты";"0.5";"Albali кредитная карта";"4 неделя";""		
2022-03-24;"-4.7";"";"azn";"Медицина / Лекарства";"4.7";"Albali кредитная карта";"4 неделя";""		
2022-03-23;"-330.0";"";"azn";"Ребенок";"320 за детскую кровать и 10 за установку мастеру";"Кошелёк";"Кровать для ребенка";""		
2022-03-23;"80.0";"";"azn";"";"";"";"";"ХаниМани => Кровать для ребенка"		
2022-03-23;"150.0";"";"azn";"";"";"";"";"ХаниМани => Авто ремонт"		
2022-03-22;"-38.15";"";"azn";"Продукты";"38.15";"Albali кредитная карта";"4 неделя";""		
2022-03-22;"400.0";"";"azn";"";"";"";"";"Albali кредитная карта => Кошелёк"		
2022-03-22;"-1.4";"";"azn";"Кафе	 ресторан";"1.4";"Кошелёк";"4 неделя";""	
2022-03-21;"100.0";"";"azn";"";"";"";"";"Кошелек Самира => Кошелёк"		
2022-03-21;"-10.7";"";"azn";"Подарки";"10.7";"Albali кредитная карта";"4 неделя";""		
2022-03-21;"-21.0";"";"azn";"Ребенок";"21 Подгузники";"Кошелёк";"4 неделя";""		
2022-03-21;"-26.0";"";"azn";"Транспорт";"13 +13 такси";"Кошелёк";"4 неделя";""		
2022-03-21;"-1.8";"";"azn";"Продукты";"1.8";"Albali кредитная карта";"4 неделя";""		
2022-03-21;"-50.0";"";"azn";"Подарки";"50 Gulcohre";"Кошелёк";"ХаниМани";""		
2022-03-20;"-2.3";"";"azn";"Гигиена и красота";"2.3";"Albali кредитная карта";"4 неделя";""		
2022-03-20;"30.0";"";"azn";"";"";"";"";"ASB kart => Кошелёк"		
2022-03-20;"-28.0";"";"azn";"Подарки";"28 Маме сковородку";"Albali кредитная карта";"4 неделя";""		
2022-03-20;"-3.0";"";"azn";"Ребенок";"3 ложка";"Albali кредитная карта";"4 неделя";""		
2022-03-20;"-30.0";"";"azn";"Продукты";"30";"Albali кредитная карта";"4 неделя";""		
2022-03-19;"-13.6";"";"azn";"Продукты";"13.6";"Albali кредитная карта";"5 неделя";""		
2022-03-19;"-2.03";"";"azn";"Ребенок";"2.03";"Albali кредитная карта";"5 неделя";""		
2022-03-19;"-2.2";"";"azn";"Ребенок";"2.2";"Albali кредитная карта";"4 неделя";""		
2022-03-19;"-4.5";"";"azn";"Медицина / Лекарства";"4.5";"Albali кредитная карта";"4 неделя";""		
2022-03-18;"-2.0";"";"azn";"Ком. услуги / Вода";"2";"Albali кредитная карта";"5 неделя";""		
2022-03-18;"-3.07";"";"azn";"Продукты";"3.07";"Albali кредитная карта";"5 неделя";""		
2022-03-17;"-8.0";"";"azn";"Платный софт";"8 Zenkit todo";"Albali кредитная карта";"3 неделя";""		
2022-03-17;"50.0";"";"azn";"";"";"";"";"Кошелек Самира => Кошелёк"		
2022-03-17;"-10.0";"";"azn";"Гигиена и красота";"10 Парикмахер";"Кошелёк";"5 неделя";""		
2022-03-17;"-2.3";"";"azn";"Интернет и связь";"2.3 Ильгар";"Albali кредитная карта";"3 неделя";""		
2022-03-17;"-20.0";"";"azn";"Автомобиль / Бензин";"20";"Кошелёк";"3 неделя";""		
2022-03-17;"-8.12";"";"azn";"Подарки";"8.12 Маме курицу";"Albali кредитная карта";"5 неделя";""		
2022-03-17;"269.0";"";"azn";"Пенсия Самира";"269";"ABB kart Samira";"ХаниМани";""		
2022-03-17;"-21.0";"";"azn";"Продукты";"21";"Albali кредитная карта";"3 неделя";""		
2022-03-17;"100.0";"";"azn";"Подарки";"100 Тахир Эми за телевизор";"Кошелек Самира";"ХаниМани";""		
2022-03-16;"-0.5";"";"azn";"Продукты";"0.5";"Кошелёк";"3 неделя";""		
2022-03-16;"6.0";"";"azn";"";"";"";"";"Резервы => ХаниМани"		
2022-03-15;"-2.5";"";"azn";"Подарки";"2.5 Semeni";"Кошелёк";"3 неделя";""		
2022-03-15;"-39.5";"";"azn";"Продукты";"39.5";"Albali кредитная карта";"3 неделя";""		
2022-03-14;"-0.5";"";"azn";"Продукты";"0.5";"Albali кредитная карта";"3 неделя";""		
2022-03-14;"-1.9";"";"azn";"Ребенок";"1.9";"Albali кредитная карта";"3 неделя";""		
2022-03-13;"-1.0";"";"azn";"Продукты";"1";"Albali кредитная карта";"3 неделя";""		
2022-03-13;"100.0";"";"azn";"Подарки";"100 Рашад ребенку";"Кошелек Самира";"ХаниМани";""		
2022-03-13;"-50.0";"";"azn";"Подарки";"50 Наибе восьмое марта";"Кошелёк";"3 неделя";""		
2022-03-13;"-9.0";"";"azn";"Интернет и связь";"9 Ильгар";"Albali кредитная карта";"3 неделя";""		
2022-03-13;"-10.3";"";"azn";"Платный софт";"10.3 Zenkit";"Albali кредитная карта";"3 неделя";""		
2022-03-12;"-1.0";"";"azn";"Продукты";"1";"Albali кредитная карта";"5 неделя";""		
2022-03-12;"-36.2";"";"azn";"Продукты";"36.2";"Albali кредитная карта";"3 неделя";""		
2022-03-11;"-9.05";"";"azn";"Продукты";"9.05";"Albali кредитная карта";"5 неделя";""		
2022-03-11;"-24.22";"";"azn";"Продукты";"24.22";"Albali кредитная карта";"5 неделя";""		
2022-03-11;"-7.26";"";"azn";"Гигиена и красота";"7.26";"Albali кредитная карта";"5 неделя";""		
2022-03-11;"50.0";"";"azn";"Подарки";"50 Тахир Эми ребенку суннет";"Кошелек Самира";"ХаниМани";""		
2022-03-11;"-4.3";"";"azn";"Ребенок";"4.3 Каша";"Albali кредитная карта";"5 неделя";""		
2022-03-11;"100.0";"";"azn";"";"";"";"";"Кошелёк => Кошелек Самира"		
2022-03-10;"34.0";"";"azn";"";"";"";"";"ASB kart => Кошелёк"		
2022-03-10;"-1.16";"";"azn";"Продукты";"1.16";"Albali кредитная карта";"2 неделя";""		
2022-03-10;"-14.0";"";"azn";"Ком. услуги / Отопление";"14";"Кошелёк";"5 неделя";""		
2022-03-10;"-16.0";"";"azn";"Ком. услуги / Квартира";"16";"Кошелёк";"2 неделя";""		
2022-03-10;"-25.0";"";"azn";"Образование";"25 Tia Portal Paul Lynn";"ASB kart";"5 неделя";""		
2022-03-10;"-22.0";"";"azn";"Ком. услуги / Отопление";"22";"Кошелёк";"2 неделя";""		
2022-03-09;"-18.5";"";"azn";"Платный софт";"18.5 Zenkit base";"Albali кредитная карта";"2 неделя";""		
2022-03-09;"-2.4";"";"azn";"Продукты";"2.4";"Albali кредитная карта";"2 неделя";""		
2022-03-09;"-10.0";"";"azn";"Платный софт";"10 Memento database";"ASB kart";"2 неделя";""		
2022-03-08;"-4.4";"";"azn";"Ком. услуги / Электроэнергия";"4.4";"Albali кредитная карта";"2 неделя";""		
2022-03-08;"-4.75";"";"azn";"Платный софт";"4.75 TickTick";"Albali кредитная карта";"2 неделя";""		
2022-03-08;"-16.0";"";"azn";"Подарки";"16 Цветы";"Кошелёк";"2 неделя";""		
2022-03-08;"-29.0";"";"azn";"Кафе	 ресторан";"21 кафе на 8 марта";"Кошелёк";"2 неделя";""	
2022-03-08;"-4.0";"";"azn";"Медицина / Лекарства";"4";"Кошелёк";"2 неделя";""		
2022-03-08;"-24.4";"";"azn";"Продукты";"24.4";"Albali кредитная карта";"2 неделя";""		
2022-03-08;"-35.8";"";"azn";"Ребенок";"35.8 Подгузники";"Albali кредитная карта";"2 неделя";""		
2022-03-08;"-11.4";"";"azn";"Дом";"11.4";"Albali кредитная карта";"2 неделя";""		
2022-03-08;"-100.0";"";"azn";"Подарки";"100 маме на восьмое марта";"Кошелёк";"ХаниМани";""		
2022-03-08;"100.0";"";"azn";"";"";"";"";"ASB kart => Кошелёк"		
2022-03-07;"-3.42";"";"azn";"Продукты";"3.42";"Albali кредитная карта";"2 неделя";""		
2022-03-07;"350.0";"";"azn";"";"";"";"";"ХаниМани => Новый телефон Самире"		
2022-03-06;"50.0";"";"azn";"";"";"";"";"ASB kart => Кошелёк"		
2022-03-05;"10.0";"";"azn";"";"";"";"";"Albali кредитная карта => Кошелёк"		
2022-03-05;"-4.0";"";"azn";"Развлечения и хобби";"4 Футбол";"Кошелёк";"5 неделя";""		
2022-03-05;"-7.5";"";"azn";"Одежда и обувь";"7.5 Кеты";"Albali кредитная карта";"5 неделя";""		
2022-03-05;"-20.0";"";"azn";"Автомобиль / Бензин";"20";"Кошелёк";"5 неделя";""		
2022-03-05;"-3.2";"";"azn";"Продукты";"3.2";"Кошелёк";"5 неделя";""		
2022-03-05;"-13.3";"";"azn";"Подарки";"13.3";"Кошелёк";"5 неделя";""		
2022-03-04;"-4.0";"";"azn";"Продукты";"4";"Кошелёк";"5 неделя";""		
2022-03-03;"-2.55";"";"azn";"Ребенок";"2.55";"Albali кредитная карта";"5 неделя";""		
2022-03-03;"50.0";"";"azn";"";"";"";"";"ASB kart => Кошелёк"		
2022-03-02;"1500.0";"";"azn";"";"";"";"";"ASB kart => Albali кредитная карта"		
2022-03-02;"5.0";"";"azn";"";"";"";"";"Кошелек Самира => Кошелёк"		
2022-03-02;"-72.0";"";"azn";"Ребенок";"50 за суннет. 12 ширинлик. 10 лекарства";"Кошелёк";"1 неделя";""		
2022-03-02;"-6.3";"";"azn";"Ребенок";"6.3 Подгузники";"Albali кредитная карта";"1 неделя";""		
2022-03-02;"15.0";"";"azn";"Орифлейм";"15";"Кошелек Самира";"ХаниМани";""		
2022-03-02;"-22.0";"";"azn";"Продукты";"22 на мясо";"ASB kart";"5 неделя";""		
2022-03-02;"250.0";"";"azn";"";"";"";"";"Albali кредитная карта => Депозит-Подушка безопасности"		
2022-03-02;"290.0";"";"azn";"";"";"";"";"Albali кредитная карта => Albali kart"		
2022-03-02;"-0.6";"";"azn";"Продукты";"0.6";"Albali кредитная карта";"1 неделя";""		
2022-03-02;"-18.0";"";"azn";"Продукты";"18 на мясо";"ASB kart";"1 неделя";""		
2022-03-01;"-20.0";"";"azn";"Автомобиль / Бензин";"20";"Кошелёк";"1 неделя";""		
2022-03-01;"-23.0";"";"azn";"Транспорт";"12 + 11 такси. В азерсун за новой картой";"Кошелёк";"1 неделя";""		
2022-03-01;"-56.7";"";"azn";"Подарки";"56.70 В гости";"Кошелёк";"1 неделя";""		
2022-03-01;"1875.0";"";"azn";"Зарплата Ильгар";"1875";"ASB kart";"ХаниМани";""		
2022-03-01;"-3.0";"";"azn";"Интернет и связь";"3 Самира";"Albali кредитная карта";"1 неделя";""		
2022-03-01;"197.0";"";"azn";"";"";"";"";"ХаниМани => 3 неделя"		
2022-03-01;"200.0";"";"azn";"";"";"";"";"ХаниМани => 4 неделя"		
2022-03-01;"200.0";"";"azn";"";"";"";"";"ХаниМани => 2 неделя"		
2022-03-01;"198.0";"";"azn";"";"";"";"";"ХаниМани => 1 неделя"		
2022-03-01;"-0.5";"";"azn";"Продукты";"0.5";"Кошелёк";"1 неделя";""		
2022-03-01;"136.0";"";"azn";"";"";"";"";"ХаниМани => 5 неделя"		
2022-02-28;"60.0";"";"azn";"";"";"";"";"ASB kart => Albali kart"		
2022-02-28;"200.0";"";"azn";"Подарки";"200 Деньги за ребенка от государства";"Кошелёк";"ХаниМани";""		
2022-02-27;"-10.0";"";"azn";"Автомобиль / Бензин";"10";"Кошелёк";"4 неделя";""		
2022-02-27;"-3.0";"";"azn";"Подарки";"3 Маме за телефон";"Albali кредитная карта";"5 неделя";""		
2022-02-27;"-13.0";"-13.0";"azn";"Интернет и связь";"13 За интернет";"Albali кредитная карта";"4 неделя";""		
2022-02-26;"-14.3";"";"azn";"Продукты";"14.3";"Albali кредитная карта";"4 неделя";""		
2022-02-25;"-3.0";"";"azn";"Интернет и связь";"3 Ильгар";"Albali кредитная карта";"4 неделя";""		
2022-02-25;"-10.0";"";"azn";"Автомобиль / Бензин";"10";"Кошелёк";"4 неделя";""		
2022-02-25;"-50.0";"";"azn";"Подарки";"50 Пожертвования";"Albali кредитная карта";"5 неделя";""		
2022-02-25;"-6.2";"-6.2";"azn";"Интернет и связь";"6.2 Megogo";"Albali кредитная карта";"4 неделя";""		
2022-02-24;"-25.0";"";"azn";"Ребенок";"25 Узи";"Albali кредитная карта";"4 неделя";""		
2022-02-24;"-5.0";"";"azn";"Ребенок";"5";"Albali кредитная карта";"4 неделя";""		
2022-02-24;"-2.2";"";"azn";"Гигиена и красота";"2.2";"Albali кредитная карта";"4 неделя";""		
2022-02-23;"-25.0";"";"azn";"Ребенок";"25 Осмотр у доктора";"Кошелёк";"4 неделя";""		
2022-02-22;"-5.0";"";"azn";"Продукты";"5";"Albali кредитная карта";"4 неделя";""		
2022-02-21;"93.0";"";"azn";"Зарплата Ильгар";"93 (100 манат за телевизор)";"Кошелёк";"ХаниМани";""		
2022-02-21;"-16.7";"";"azn";"Медицина / Лекарства";"16.7";"Кошелёк";"4 неделя";""		
2022-02-21;"-15.0";"";"azn";"Автомобиль / Бензин";"15";"Albali кредитная карта";"4 неделя";""		
2022-02-19;"-11.0";"";"azn";"Ком. услуги / Вода";"11";"Albali кредитная карта";"3 неделя";""		
2022-02-18;"-2.3";"";"azn";"Продукты";"2.3";"Albali кредитная карта";"3 неделя";""		
2022-02-17;"-15.0";"";"azn";"Автомобиль / Бензин";"15";"Albali кредитная карта";"3 неделя";""		
2022-02-17;"-2.0";"";"azn";"Кафе	 ресторан";"2";"Кошелёк";"3 неделя";""	
2022-02-17;"-10.4";"-10.0";"azn";"Платный софт";"10.4 Zenkit todo";"Albali кредитная карта";"3 неделя";""		
2022-02-16;"-50.0";"";"azn";"Продукты";"50";"Кошелёк";"4 неделя";""		
2022-02-16;"-50.0";"";"azn";"Продукты";"50";"Кошелёк";"3 неделя";""		
2022-02-15;"-33.0";"";"azn";"Орифлейм";"33";"Albali кредитная карта";"3 неделя";""		
2022-02-15;"187.0";"";"azn";"";"";"";"";"ASB kart => Кошелёк"		
2022-02-15;"-37.0";"";"azn";"Ребенок";"37";"Albali кредитная карта";"3 неделя";""		
2022-02-15;"-5.6";"";"azn";"Гигиена и красота";"5.6";"Albali кредитная карта";"3 неделя";""		
2022-02-15;"-0.5";"";"azn";"Продукты";"0.5";"Albali кредитная карта";"3 неделя";""		
2022-02-14;"-17.75";"";"azn";"Продукты";"17.75";"Albali кредитная карта";"5 неделя";""		
2022-02-14;"-1.5";"";"azn";"Подарки";"1.5";"Кошелёк";"3 неделя";""		
2022-02-14;"-10.5";"";"azn";"Подарки";"10.5";"Кошелёк";"3 неделя";""		
2022-02-14;"-17.75";"";"azn";"Продукты";"17.75";"Кошелёк";"3 неделя";""		
2022-02-13;"-2.8";"";"azn";"Продукты";"2.8";"Albali кредитная карта";"5 неделя";""		
2022-02-13;"-8.5";"-8.0";"azn";"Платный софт";"8.5 Zenkit Base";"ASB kart";"5 неделя";""		
2022-02-12;"-3.25";"";"azn";"Продукты";"3.25";"Albali кредитная карта";"2 неделя";""		
2022-02-12;"-10.0";"";"azn";"Интернет и связь";"10 Ильгар";"Albali кредитная карта";"2 неделя";""		
2022-02-12;"-37.2";"";"azn";"Ребенок";"37.2";"Albali кредитная карта";"2 неделя";""		
2022-02-12;"-6.0";"";"azn";"Автомобиль / Бензин";"6";"Albali кредитная карта";"2 неделя";""		
2022-02-12;"-9.0";"";"azn";"Автомобиль / Бензин";"9";"Albali кредитная карта";"5 неделя";""		
2022-02-10;"327.0";"";"azn";"Пенсия Самира";"327";"ABB kart Samira";"ХаниМани";""		
2022-02-09;"15.0";"";"azn";"";"";"";"";"Январь 2022 => ХаниМани"		
2022-02-09;"250.0";"";"azn";"";"";"";"";"ХаниМани => Кровать для ребенка"		
2022-02-09;"10.0";"";"azn";"";"";"";"";"Albali кредитная карта => Кошелёк"		
2022-02-09;"-15.0";"-15.0";"azn";"Автомобиль / Бензин";"15";"Albali кредитная карта";"2 неделя";""		
2022-02-09;"-13.4";"";"azn";"Платный софт";"13.4 Memento Database Pro";"Albali кредитная карта";"2 неделя";""		
2022-02-09;"-3.0";"";"azn";"Интернет и связь";"3 Azercell";"Albali кредитная карта";"2 неделя";""		
2022-02-09;"20.0";"";"azn";"Подарки";"20 Эми для ребенка";"Кошелек Самира";"ХаниМани";""		
2022-02-09;"-58.0";"-30.0";"azn";"Ком. услуги / Электроэнергия";"58";"Albali кредитная карта";"2 неделя";""		
2022-02-09;"-15.3";"-15.0";"azn";"Платный софт";"15.3 Zenkit";"ASB kart";"2 неделя";""		
2022-02-08;"-5.0";"-5.0";"azn";"Платный софт";"5 TickTick";"Albali кредитная карта";"2 неделя";""		
2022-02-07;"-14.0";"";"azn";"Медицина / Лекарства";"14";"Albali кредитная карта";"2 неделя";""		
2022-02-07;"-20.0";"-10.0";"azn";"Ребенок";"20 одежда";"Кошелёк";"2 неделя";""		
2022-02-06;"-6.65";"-10.0";"azn";"Платный софт";"6.65 Memento Databese";"Albali кредитная карта";"5 неделя";""		
2022-02-06;"-10.0";"";"azn";"Подарки";"10 Аразу муштулуг";"Кошелёк";"5 неделя";""		
2022-02-05;"-15.0";"";"azn";"Гигиена и красота";"15 Самира салон";"Кошелёк";"5 неделя";""		
2022-02-05;"-3.1";"";"azn";"Продукты";"3.1";"Кошелёк";"5 неделя";""		
2022-02-05;"-10.0";"";"azn";"Гигиена и красота";"10 Парикмахер";"Кошелёк";"5 неделя";""		
2022-02-04;"45.0";"";"azn";"";"";"";"";"ASB kart => Кошелёк"		
2022-02-04;"-0.5";"";"azn";"Продукты";"0.5";"Кошелёк";"1 неделя";""		
2022-02-04;"-16.0";"-16.0";"azn";"Ком. услуги / Квартира";"16 За квартиру";"Кошелёк";"1 неделя";""		
2022-02-04;"-35.0";"-30.0";"azn";"Ком. услуги / Отопление";"35 Отопление";"Кошелёк";"1 неделя";""		
2022-02-03;"-0.5";"";"azn";"Продукты";"0.5";"Кошелёк";"1 неделя";""		
2022-02-03;"-10.0";"";"azn";"Подарки";"10 Яс Гасым лаборант";"Кошелёк";"1 неделя";""		
2022-02-02;"-30.0";"-26.0";"azn";"Платный софт";"30 honey money три месяца";"Albali кредитная карта";"1 неделя";""		
2022-02-02;"1466.0";"1500.0";"azn";"";"";"";"";"ASB kart => Albali кредитная карта"		
2022-02-02;"1803.0";"1800.0";"azn";"Зарплата Ильгар";"1803";"ASB kart";"ХаниМани";""		
2022-02-02;"4.0";"";"azn";"";"";"";"";"ХаниМани => Резервы"		
2022-02-02;"148.0";"";"azn";"";"";"";"";"Albali кредитная карта => Депозит-Подушка безопасности"		
2022-02-02;"200.0";"";"azn";"";"";"";"";"ХаниМани => 2 неделя"		
2022-02-02;"200.0";"";"azn";"";"";"";"";"ХаниМани => 4 неделя"		
2022-02-02;"200.0";"";"azn";"";"";"";"";"ХаниМани => 1 неделя"		
2022-02-02;"200.0";"";"azn";"";"";"";"";"ХаниМани => 3 неделя"		
2022-02-02;"200.0";"";"azn";"";"";"";"";"ХаниМани => 5 неделя"		
2022-02-02;"27.0";"";"azn";"";"";"";"";"Albali кредитная карта => Цифровая карта"		
2022-02-02;"18.0";"";"azn";"";"";"";"";"Январь 2022 => ХаниМани"		
2022-02-02;"4.0";"";"azn";"";"";"";"";"Январь 2022 => ХаниМани"		
2022-02-02;"2.0";"";"azn";"";"";"";"";"Январь 2022 => ХаниМани"		
2022-02-02;"1.0";"";"azn";"";"";"";"";"Январь 2022 => ХаниМани"		
2022-02-02;"5.0";"";"azn";"";"";"";"";"ХаниМани => Январь 2022"		
2022-02-02;"-1.0";"";"azn";"Интернет и связь";"1 Дубликат Наиба";"ABB kart Samira";"1 неделя";""		
2022-02-02;"-3.0";"";"azn";"Интернет и связь";"3 Самира";"Albali кредитная карта";"1 неделя";""		
2022-02-02;"-15.0";"-15.0";"azn";"Автомобиль / Бензин";"15";"Albali кредитная карта";"1 неделя";""		
2022-02-02;"100.0";"";"azn";"";"";"";"";"Albali кредитная карта => Albali kart"		
2022-02-02;"-12.9";"";"azn";"Продукты";"12.9";"Albali кредитная карта";"1 неделя";""		
2022-02-01;"-7.75";"-10.0";"azn";"Гигиена и красота";"7.75";"Albali кредитная карта";"1 неделя";""		
2022-02-01;"-33.0";"-33.0";"azn";"Ребенок";"33 Подгузники";"Albali кредитная карта";"1 неделя";""		
2022-02-01;"-33.75";"";"azn";"Продукты";"33.75";"Albali кредитная карта";"1 неделя";""		
2022-01-31;"12.0";"";"azn";"";"";"";"";"Январь 2022 => Январь 2022"		
2022-01-31;"-15.0";"";"azn";"Транспорт";"15";"Кошелёк";"Январь 2022";""		
2022-01-31;"-6.7";"";"azn";"Продукты";"6.7";"Albali кредитная карта";"Январь 2022";""		
2022-01-31;"-7.4";"";"azn";"Продукты";"7.4";"Кошелёк";"Январь 2022";""		
2022-01-31;"12.0";"";"azn";"";"";"";"";"Январь 2022 => Январь 2022"		
2022-01-31;"-0.7";"";"azn";"Продукты";"0.7";"Кошелёк";"Январь 2022";""		
2022-01-31;"-1.0";"";"azn";"Интернет и связь";"1";"Albali кредитная карта";"Январь 2022";""		
2022-01-29;"-1.3";"";"azn";"Продукты";"1.3";"Кошелёк";"Январь 2022";""		
2022-01-29;"50.0";"";"azn";"Орифлейм";"50";"Кошелёк";"ХаниМани";""		
2022-01-28;"-37.2";"";"azn";"Продукты";"37.2";"Albali кредитная карта";"Январь 2022";""		
2022-01-28;"7.0";"";"azn";"";"";"";"";"Январь 2022 => Январь 2022"		
2022-01-28;"-1.75";"";"azn";"Гигиена и красота";"1.75";"Albali кредитная карта";"Январь 2022";""		
2022-01-28;"8.0";"";"azn";"";"";"";"";"Январь 2022 => Январь 2022"		
2022-01-28;"-16.1";"";"azn";"Медицина / Лекарства";"16.1";"Albali кредитная карта";"Январь 2022";""		
2022-01-27;"55.0";"";"azn";"";"";"";"";"ASB kart => Кошелёк"		
2022-01-27;"-13.0";"-13.0";"azn";"Интернет и связь";"13";"Albali кредитная карта";"Январь 2022";""		
2022-01-27;"-0.6";"";"azn";"Продукты";"0.6";"Кошелёк";"Январь 2022";""		
2022-01-26;"55.0";"";"azn";"";"";"";"";"Январь 2022 => Январь 2022"		
2022-01-26;"-165.0";"-200.0";"azn";"Медицина / Лечение";"165 МРТ";"Albali кредитная карта";"Январь 2022";""		
2022-01-26;"-1.3";"";"azn";"Продукты";"1.3";"Кошелёк";"Январь 2022";""		
2022-01-26;"40.0";"";"azn";"";"";"";"";"Январь 2022 => Январь 2022"		
2022-01-26;"16.0";"";"azn";"";"";"";"";"Январь 2022 => Январь 2022"		
2022-01-26;"22.0";"";"azn";"";"";"";"";"Январь 2022 => Январь 2022"		
2022-01-26;"-21.0";"";"azn";"Транспорт";"21";"Кошелёк";"Январь 2022";""		
2022-01-26;"-6.8";"";"azn";"Ребенок";"6.8 Подгузники";"Albali кредитная карта";"Январь 2022";""		
2022-01-25;"-6.2";"-6.2";"azn";"Интернет и связь";"6.2 Megogo";"Albali кредитная карта";"Январь 2022";""		
2022-01-25;"58.0";"";"azn";"";"";"";"";"ABB kart Samira => Кошелёк"		
2022-01-25;"-25.0";"";"azn";"Ребенок";"25 Осмотр у врача";"Albali кредитная карта";"Январь 2022";""		
2022-01-25;"150.0";"";"azn";"";"";"";"";"ASB kart => Albali кредитная карта"		
2022-01-25;"-10.0";"";"azn";"Ребенок";"10 Детская поликлиника";"Кошелёк";"Январь 2022";""		
2022-01-24;"-20.0";"";"azn";"Транспорт";"20";"Кошелёк";"Январь 2022";""		
2022-01-24;"-50.0";"";"azn";"Медицина / Лечение";"50";"Albali кредитная карта";"Январь 2022";""		
2022-01-24;"-1.25";"";"azn";"Продукты";"1.25";"Кошелёк";"Январь 2022";""		
2022-01-23;"-9.0";"";"azn";"Ребенок";"9 Детское питание";"Albali кредитная карта";"Январь 2022";""		
2022-01-23;"-2.4";"";"azn";"Продукты";"2.4";"Кошелёк";"Январь 2022";""		
2022-01-23;"-40.0";"";"azn";"Кафе	 ресторан";"40 Встреча со своими сотрудниками";"Кошелёк";"Январь 2022";""	
2022-01-22;"50.0";"";"azn";"";"";"";"";"Январь 2022 => Январь 2022"		
2022-01-22;"-8.0";"";"azn";"Ребенок";"8 Подгузники";"Albali кредитная карта";"Январь 2022";""		
2022-01-22;"13.0";"";"azn";"";"";"";"";"Январь 2022 => Январь 2022"		
2022-01-22;"-11.0";"";"azn";"Продукты";"11";"Albali кредитная карта";"Январь 2022";""		
2022-01-22;"-3.25";"";"azn";"Гигиена и красота";"3.25";"Albali кредитная карта";"Январь 2022";""		
2022-01-22;"-4.0";"";"azn";"Ребенок";"4";"Albali кредитная карта";"Январь 2022";""		
2022-01-21;"-13.6";"";"azn";"Платный софт";"13.6 UP. По ошибке";"Albali кредитная карта";"Январь 2022";""		
2022-01-21;"30.0";"";"azn";"";"";"";"";"Кровать для ребенка => Январь 2022"		
2022-01-21;"-27.4";"";"azn";"Продукты";"27.4";"Albali кредитная карта";"Январь 2022";""		
2022-01-20;"-6.0";"";"azn";"Автомобиль / Запчасти";"6 Дворники";"Кошелёк";"Январь 2022";""		
2022-01-19;"-23.0";"";"azn";"Продукты";"23";"Albali кредитная карта";"Январь 2022";""		
2022-01-19;"-20.0";"";"azn";"Автомобиль / Бензин";"20";"Кошелёк";"Январь 2022";""		
2022-01-18;"-5.0";"";"azn";"Подарки";"5 Адвокату газ";"Кошелёк";"Январь 2022";""		
2022-01-17;"10.0";"";"azn";"";"";"";"";"Январь 2022 => Январь 2022"		
2022-01-17;"15.0";"";"azn";"";"";"";"";"Январь 2022 => Январь 2022"		
2022-01-17;"-10.3";"";"azn";"Платный софт";"10.3 zenkit";"Albali кредитная карта";"Январь 2022";""		
2022-01-17;"-5.0";"";"azn";"Подарки";"5";"Кошелёк";"Январь 2022";""		
2022-01-17;"-7.2";"";"azn";"Ребенок";"7.2 Подгузники";"Albali кредитная карта";"Январь 2022";""		
2022-01-17;"-11.0";"";"azn";"Ком. услуги / Вода";"11";"Albali кредитная карта";"Январь 2022";""		
2022-01-17;"-16.6";"";"azn";"Продукты";"16.6";"Albali кредитная карта";"Январь 2022";""		
2022-01-17;"-3.0";"";"azn";"Интернет и связь";"3 Самира мобильный";"Albali кредитная карта";"Январь 2022";""		
2022-01-16;"200.0";"";"azn";"";"";"";"";"ABB kart Samira => Albali кредитная карта"		
2022-01-16;"52.0";"";"azn";"";"";"";"";"Albali кредитная карта => Депозит-Подушка безопасности"		
2022-01-16;"-6.0";"";"azn";"Гигиена и красота";"6";"Albali кредитная карта";"Январь 2022";""		
2022-01-16;"-14.0";"";"azn";"Продукты";"14";"Albali кредитная карта";"Январь 2022";""		
2022-01-15;"-15.9";"";"azn";"Медицина / Лекарства";"15.9";"Albali кредитная карта";"Январь 2022";""		
2022-01-15;"-1.5";"";"azn";"Гигиена и красота";"1.5";"Albali кредитная карта";"Январь 2022";""		
2022-01-15;"-27.0";"";"azn";"Продукты";"27";"Albali кредитная карта";"Январь 2022";""		
2022-01-14;"-13.0";"";"azn";"Транспорт";"13";"Кошелёк";"Январь 2022";""		
2022-01-13;"-12.0";"";"azn";"Медицина / Лекарства";"12";"Кошелёк";"Январь 2022";""		
2022-01-13;"-1.0";"";"azn";"Одежда и обувь";"1";"Кошелёк";"Январь 2022";""		
2022-01-13;"-6.8";"";"azn";"Продукты";"6.8";"Кошелёк";"Январь 2022";""		
2022-01-13;"-1.0";"";"azn";"Дом";"1";"Кошелёк";"Январь 2022";""		
2022-01-13;"-4.0";"";"azn";"Развлечения и хобби";"4";"Кошелёк";"Январь 2022";""		
2022-01-13;"-3.5";"";"azn";"Автомобиль / Запчасти";"3.5";"Кошелёк";"Январь 2022";""		
2022-01-13;"-7.0";"";"azn";"Интернет и связь";"7 Ильгар мобильный инет";"Albali кредитная карта";"Январь 2022";""		
2022-01-13;"-8.5";"";"azn";"Платный софт";"8.5";"ASB kart";"Январь 2022";""		
2022-01-13;"100.0";"";"azn";"";"";"";"";"ASB kart => Кошелёк"		
2022-01-13;"-20.0";"";"azn";"Автомобиль / Бензин";"20";"Кошелёк";"Январь 2022";""		
2022-01-13;"-6.5";"";"azn";"Дом";"6.5";"Кошелёк";"Январь 2022";""		
2022-01-13;"30.0";"";"azn";"";"";"";"";"Резервы => Январь 2022"		
2022-01-12;"-26.85";"";"azn";"Ком. услуги / Электроэнергия";"26.85";"Albali кредитная карта";"Январь 2022";""		
2022-01-12;"-13.0";"";"azn";"Продукты";"13";"Кошелёк";"Январь 2022";""		
2022-01-12;"-5.1";"";"azn";"Одежда и обувь";"5.1";"Кошелёк";"Январь 2022";""		
2022-01-12;"-19.0";"";"azn";"Продукты";"19";"Albali кредитная карта";"Январь 2022";""		
2022-01-12;"-13.0";"";"azn";"Гигиена и красота";"13";"Кошелёк";"Январь 2022";""		
2022-01-11;"130.0";"100.0";"azn";"Зарплата Ильгар";"130 Остаток с прошлого месяца";"ASB kart";"Резервы";""		
2022-01-11;"-13.6";"";"azn";"Продукты";"13.6";"Кошелёк";"Январь 2022";""		
2022-01-11;"100.0";"";"azn";"";"";"";"";"Резервы => ХаниМани"		
2022-01-11;"30.0";"";"azn";"";"";"";"";"ХаниМани => Кровать для ребенка"		
2022-01-11;"20.0";"";"azn";"";"";"";"";"ХаниМани => Январь 2022"		
2022-01-11;"-5.4";"";"azn";"Гигиена и красота";"5.4";"Кошелёк";"Январь 2022";""		
2022-01-10;"50.0";"";"azn";"";"";"";"";"Кошелёк => Albali kart"		
2022-01-10;"50.0";"";"azn";"";"";"";"";"Кошелёк => Депозит-Подушка безопасности"		
2022-01-10;"100.0";"";"azn";"";"";"";"";"ASB kart => Кошелёк"		
2022-01-10;"-4.0";"";"azn";"Медицина / Лекарства";"4";"Кошелёк";"Январь 2022";""		
2022-01-09;"-15.3";"";"azn";"Платный софт";"15.3";"ASB kart";"Январь 2022";""		
2022-01-09;"-23.0";"";"azn";"Медицина / Лекарства";"23";"Albali кредитная карта";"Январь 2022";""		
2022-01-09;"-1.0";"";"azn";"Продукты";"1";"Кошелёк";"Январь 2022";""		
2022-01-09;"200.0";"";"azn";"";"";"";"";"ASB kart => Albali кредитная карта"		
2022-01-09;"-3.0";"";"azn";"Интернет и связь";"3 Мобильный Ильгар";"Albali кредитная карта";"Январь 2022";""		
2022-01-09;"-16.0";"";"azn";"Ребенок";"16 Подгузники";"Albali кредитная карта";"Январь 2022";""		
2022-01-08;"20.0";"";"azn";"";"";"";"";"Резервы => Январь 2022"		
2022-01-08;"-12.0";"";"azn";"Подарки";"12 Наиба лекарства";"Кошелёк";"Январь 2022";""		
2022-01-08;"-4.8";"";"azn";"Платный софт";"4.8";"ASB kart";"Январь 2022";""		
2022-01-08;"-1.0";"";"azn";"Ребенок";"1 подгузники";"Кошелёк";"Январь 2022";""		
2022-01-08;"-70.0";"";"azn";"Продукты";"70 Мясо масло";"Albali кредитная карта";"Январь 2022";""		
2022-01-07;"-10.0";"";"azn";"Платный софт";"10";"ASB kart";"Январь 2022";""		
2022-01-07;"-20.0";"";"azn";"Автомобиль / Бензин";"20";"Кошелёк";"Январь 2022";""		
2022-01-07;"-4.7";"";"azn";"Медицина / Лекарства";"4.7";"Кошелёк";"Январь 2022";""		
2022-01-07;"-6.9";"";"azn";"Продукты";"6.9";"Кошелёк";"Январь 2022";""		
2022-01-06;"28.0";"";"azn";"";"";"";"";"Резервы => ХаниМани"		
2022-01-06;"-6.0";"";"azn";"Гигиена и красота";"6";"Albali кредитная карта";"Январь 2022";""		
2022-01-06;"-13.5";"";"azn";"Продукты";"13.5";"Кошелёк";"Январь 2022";""		
2022-01-06;"20.0";"";"azn";"";"";"";"";"ХаниМани => Январь 2022"		
2022-01-06;"25.0";"";"azn";"";"";"";"";"ХаниМани => Январь 2022"		
2022-01-06;"-4.3";"";"azn";"Одежда и обувь";"4.3";"Albali кредитная карта";"Январь 2022";""		
2022-01-06;"-0.65";"";"azn";"Продукты";"0.65";"Albali кредитная карта";"Январь 2022";""		
2022-01-06;"-1.4";"";"azn";"Продукты";"1.4";"Кошелёк";"Январь 2022";""		
2022-01-05;"50.0";"";"azn";"";"";"";"";"ХаниМани => Январь 2022"		
2022-01-05;"100.0";"";"azn";"";"";"";"";"ASB kart => Albali кредитная карта"		
2022-01-05;"60.0";"";"azn";"";"";"";"";"ХаниМани => Январь 2022"		
2022-01-05;"-5.7";"";"azn";"Интернет и связь";"5.7";"Albali кредитная карта";"Январь 2022";""		
2022-01-05;"260.0";"260.0";"azn";"Пенсия Самира";"260";"ABB kart Samira";"ХаниМани";""		
2022-01-05;"-5.0";"";"azn";"Медицина / Лекарства";"5";"Albali кредитная карта";"Январь 2022";""		
2022-01-05;"30.0";"";"azn";"";"";"";"";"ХаниМани => Январь 2022"		
2022-01-05;"25.0";"";"azn";"";"";"";"";"ХаниМани => Январь 2022"		
2022-01-05;"25.0";"";"azn";"";"";"";"";"ХаниМани => Январь 2022"		
2022-01-05;"30.0";"";"azn";"";"";"";"";"ХаниМани => Январь 2022"		
2022-01-05;"50.0";"";"azn";"";"";"";"";"ХаниМани => Январь 2022"		
2022-01-04;"-1.0";"";"azn";"Продукты";"1";"Albali кредитная карта";"Январь 2022";""		
2022-01-04;"100.0";"";"azn";"";"";"";"";"ASB kart => Кошелёк"		
2022-01-04;"-77.2";"";"azn";"Подарки";"77.2 Лекарства Наиба";"Albali кредитная карта";"Январь 2022";""		
2022-01-04;"-3.0";"";"azn";"Одежда и обувь";"3";"Albali кредитная карта";"Январь 2022";""		
2022-01-04;"100.0";"";"azn";"";"";"";"";"ASB kart => Albali кредитная карта"		
2022-01-04;"-4.0";"";"azn";"Дом";"4";"Albali кредитная карта";"Январь 2022";""		
2022-01-03;"250.0";"";"azn";"";"";"";"";"ХаниМани => Январь 2022"		
2022-01-03;"100.0";"";"azn";"";"";"";"";"Резервы => ХаниМани"		
2022-01-03;"100.0";"";"azn";"";"";"";"";"ХаниМани => Резервы"		
2022-01-03;"200.0";"";"azn";"";"";"";"";"ХаниМани => Январь 2022"		
2022-01-03;"150.0";"";"azn";"";"";"";"";"ХаниМани => Январь 2022"		
2022-01-03;"250.0";"";"azn";"";"";"";"";"ХаниМани => Январь 2022"		
2022-01-03;"-25.0";"";"azn";"Подарки";"25 Торт на работу";"Кошелёк";"Январь 2022";""		
2022-01-03;"-60.0";"";"azn";"Автомобиль / Ремонт";"60 Ремонт";"Кошелёк";"Январь 2022";""		
2022-01-03;"-7.7";"";"azn";"Ребенок";"7.7 Подгузники";"Albali кредитная карта";"Январь 2022";""		
2022-01-03;"-13.0";"";"azn";"Продукты";"13";"Albali кредитная карта";"Январь 2022";""		
2022-01-03;"100.0";"";"azn";"";"";"";"";"ХаниМани => Январь 2022"		
2022-01-03;"25.0";"";"azn";"";"";"";"";"ХаниМани => Январь 2022"		
2022-01-02;"-6.0";"";"azn";"Транспорт";"6";"Кошелёк";"Январь 2022";""		
2022-01-02;"-27.17";"";"azn";"Продукты";"27.17";"Кошелёк";"Январь 2022";""		
2022-01-02;"-17.0";"";"azn";"Медицина / Лекарства";"17 Витамин D";"Кошелёк";"Январь 2022";""		
2022-01-02;"50.0";"";"azn";"Подарки";"50 Мама на мой день рождения";"Кошелёк";"Резервы";""		
2022-01-01;"-8.8";"";"azn";"Продукты";"8.8";"Кошелёк";"Январь 2022";""		
